15244740584	data/spice_jnsq_v0_3/jnsq_principia_native_v0_3_1000y_1h_deg9.bsp
2301689676	data/jnsq_gate0/principia_ephemeris_30y_step1h.csv
1738761216	data/spice_v0_1_33y/opm_mpe_principia_rebound_v0_1_33y.bsp
457346048	data/spice_jnsq_v0_3/jnsq_principia_native_v0_3_30y_1h_deg9.bsp
457195520	data/spice_jnsq_v0_2/jnsq_principia_native_v0_2_30y_1h_deg9.bsp
395196416	data/spice_v0_1_30y/opm_mpe_principia_rebound_v0_1_30y.bsp
382456703	data/jnsq_gate0/principia_ephemeris_30y_step6h.csv
196314643	data/spice_v0_1_30y/spk_dense_audit_v0_1_30y.csv
173820584	data/spice_v0_1_30y/spk_dense_audit_dense0125_120d.csv
69358592	data/spice_v0_1_30y/opm_mpe_test_120d_span00625.bsp
34701312	data/spice_v0_1_30y/opm_mpe_principia_rebound_v0_1_30y_dense0125.bsp
30493696	data/spice_jnsq_v0_3/jnsq_principia_native_v0_3_2y_1h_deg9.bsp
24626316	data/level_a_v3/residual_samples.csv
24608398	data/level_a_dt120/residual_samples.csv
24589881	data/level_a_poly7_dt120/residual_samples.csv
24498048	data/level_a_dt30/residual_samples.csv
24467028	data/level_a_dt10/residual_samples.csv
24446088	data/level_a_rebound_vs_ksp_1y/residual_samples.csv
24430040	data/level_a_rebound_vs_ksp_1y_cropped/residual_samples.csv
18909160	data/opm_mpe_360d/states.csv
18896950	data/opm_mpe_360d/states_after_snapshot.csv
18896950	data/opm_mpe_360d/states_after_dt30.csv
18896950	data/opm_mpe_360d/states_after_dt120.csv
18896950	data/opm_mpe_360d/states_after_dt10.csv
17354752	data/final_clean_120d/spk/opm_mpe_clean_120d_fit.bsp
17354752	data/final_clean_120d/spk/opm_mpe_clean_120d.bsp
14466978	data/mga_v0_1/mission_jool_galileo_like/diagnostics/beam_routes.normalized.csv
13207552	data/opm_mpe_1y_rebound/opm_mpe_1y_true_v2_1d.bsp
12694340	data/jnsq_gate0/principia_ephemeris_1y_step6h.csv
12508611	data/jnsq_gate0/audit_truth_30y_end_30d_step30min.csv
12508611	data/jnsq_gate0/audit_truth_30d_end_step30min.csv
12501480	data/jnsq_gate0/principia_ephemeris_30d_step30min.csv
12501480	data/jnsq_gate0/audit_truth_30y_start_30d_step30min.csv
12501480	data/jnsq_gate0/audit_truth_30d_start_step30min.csv
12492773	data/jnsq_gate0/principia_ephemeris_30d_minus30min_step30min.csv
12489502	data/jnsq_gate0/audit_truth_30y_mid_30d_step30min.csv
12489502	data/jnsq_gate0/audit_truth_30d_mid15y_step30min.csv
12196801	data/final_clean_120d/spk_dense_audit_fit.csv
12188296	data/final_clean_120d/spk_dense_audit.csv
10529419	data/level_a_v3/rebound_states.csv
10525755	data/level_a_poly7_dt120/rebound_states.csv
10523514	data/level_a_rebound_vs_ksp_1y/rebound_states.csv
10522439	data/level_a_dt120/rebound_states.csv
10519846	data/level_a_dt10/rebound_states.csv
10519300	data/level_a_dt30/rebound_states.csv
10516647	data/level_a_rebound_vs_ksp_1y_cropped/rebound_states.csv
10470744	data/ksp_vs_rebound_residuals_1d.csv
8255195	data/spk_dense_audit_1d.csv
8231581	data/clean_level_a_120d/residual_samples.csv
8224860	data/final_clean_120d/level_a_saba_dt10/residual_samples.csv
8224470	data/final_clean_120d/level_a_fit_urlum_family/residual_samples.csv
8218343	data/final_clean_120d/level_a_fit_sarnus_family/residual_samples.csv
8215322	data/final_clean_120d/level_a_mercurius/residual_samples.csv
8215303	data/final_clean_120d/level_a_fit_phase_bodies/residual_samples.csv
8214229	data/final_clean_120d/level_a_residual_samples.csv
8214229	data/clean_level_a_120d_cropped/residual_samples.csv
8187967	data/final_clean_120d/level_a_whfast_dt120/residual_samples.csv
8158774	data/spice_jnsq_v0_4_lab/audit_t3_30d_rec6h_deg17_from15min_vs_truth30min.csv
8157725	data/spice_jnsq_v0_4_lab/audit_t3_30d_rec6h_deg15_from15min_vs_truth30min.csv
8156644	data/spice_jnsq_v0_4_lab/audit_t3_30d_rec12h_deg17_from15min_vs_truth30min.csv
8156574	data/spice_jnsq_v0_4_lab/audit_t3_30d_rec1d_deg27_from15min_vs_truth30min.csv
8155174	data/spice_jnsq_v0_4_lab/audit_t3_30d_rec12h_deg21_from15min_vs_truth30min.csv
8139852	data/spice_jnsq_v0_4_lab/audit_t3_30d_rec1d_deg15_vs_truth30min_no_endpoint.csv
8137434	data/spice_jnsq_v0_4_lab/audit_t3_30d_rec2d_deg27_from15min_vs_truth30min.csv
8086625	data/spice_jnsq_v0_4_lab/audit_t3_30d_rec4d_deg27_from15min_vs_truth30min.csv
7852525	data/spice_jnsq_v0_3/audit_30d_chunked_spk1h_deg9_vs_csv30min.csv
7852525	data/spice_jnsq_v0_2/audit_30d_spk1h_deg9_vs_csv30min.csv
7818629	data/spice_jnsq_v0_2/audit_30y_start_spk1h_vs_truth30min.csv
6511399	data/spice_jnsq_v0_3/jnsq_principia_native_v0_3_1000y_1h_deg9.metadata.json
6249839	data/fast_opm_mpe_120d/states.csv
6246338	data/jnsq_gate0/principia_ephemeris_30d_step1h_source.csv
6246338	data/jnsq_gate0/principia_ephemeris_30d_step1h.csv
6237391	data/final_clean_120d/states.csv
6237391	data/fast_opm_mpe_120d/states_after_snapshot.csv
5462024	data/jnsq_gate0/level_a_120d/residual_samples.csv
4240526	data/jnsq_gate0/ksp_120d/states.csv
4012655	data/spice_jnsq_v0_2/audit_30d_spk6h_vs_csv1h.csv
3982549	data/spice_jnsq_v0_2/audit_30d_spk3h_deg9_vs_csv1h.csv
3484574	data/clean_level_a_120d/rebound_states.csv
3477473	data/final_clean_120d/rebound_states.csv
3477473	data/clean_level_a_120d_cropped/rebound_states.csv
3464287	data/grid_search_results/whfast_60_zIn_flip-z-input_zKsp_none_COM_none/rebound_states.csv
3464287	data/grid_search_results/whfast_60_zIn_flip-z-input_zKsp_flip-z-ksp-csv_COM_none/rebound_states.csv
3464277	data/grid_search_results/ias15_1e-11_zIn_flip-z-input_zKsp_none_COM_none/rebound_states.csv
3464277	data/grid_search_results/ias15_1e-11_zIn_flip-z-input_zKsp_flip-z-ksp-csv_COM_none/rebound_states.csv
3464265	data/grid_search_results/whfast_120_zIn_flip-z-input_zKsp_none_COM_no-move-to-com/rebound_states.csv
3464265	data/grid_search_results/whfast_120_zIn_flip-z-input_zKsp_flip-z-ksp-csv_COM_no-move-to-com/rebound_states.csv
3464249	data/grid_search_results/whfast_30_zIn_flip-z-input_zKsp_none_COM_no-move-to-com/rebound_states.csv
3464249	data/grid_search_results/whfast_30_zIn_flip-z-input_zKsp_flip-z-ksp-csv_COM_no-move-to-com/rebound_states.csv
3464194	data/grid_search_results/ias15_1e-14_zIn_flip-z-input_zKsp_none_COM_no-move-to-com/rebound_states.csv
3464194	data/grid_search_results/ias15_1e-14_zIn_flip-z-input_zKsp_flip-z-ksp-csv_COM_no-move-to-com/rebound_states.csv
3464180	data/grid_search_results/ias15_1e-15_zIn_flip-z-input_zKsp_none_COM_no-move-to-com/rebound_states.csv
3464180	data/grid_search_results/ias15_1e-15_zIn_flip-z-input_zKsp_flip-z-ksp-csv_COM_no-move-to-com/rebound_states.csv
3464132	data/grid_search_results/ias15_1e-13_zIn_flip-z-input_zKsp_none_COM_none/rebound_states.csv
3464132	data/grid_search_results/ias15_1e-13_zIn_flip-z-input_zKsp_flip-z-ksp-csv_COM_none/rebound_states.csv
3464102	data/grid_search_results/whfast_60_zIn_flip-z-input_zKsp_none_COM_no-move-to-com/rebound_states.csv
3464102	data/grid_search_results/whfast_60_zIn_flip-z-input_zKsp_flip-z-ksp-csv_COM_no-move-to-com/rebound_states.csv
3464086	data/grid_search_results/ias15_1e-14_zIn_flip-z-input_zKsp_none_COM_none/rebound_states.csv
3464086	data/grid_search_results/ias15_1e-14_zIn_flip-z-input_zKsp_flip-z-ksp-csv_COM_none/rebound_states.csv
3464015	data/grid_search_results/whfast_10_zIn_flip-z-input_zKsp_none_COM_no-move-to-com/rebound_states.csv
3464015	data/grid_search_results/whfast_10_zIn_flip-z-input_zKsp_flip-z-ksp-csv_COM_no-move-to-com/rebound_states.csv
3463994	data/grid_search_results/ias15_1e-11_zIn_flip-z-input_zKsp_none_COM_no-move-to-com/rebound_states.csv
3463994	data/grid_search_results/ias15_1e-11_zIn_flip-z-input_zKsp_flip-z-ksp-csv_COM_no-move-to-com/rebound_states.csv
3463933	data/grid_search_results/whfast_10_zIn_flip-z-input_zKsp_none_COM_none/rebound_states.csv
3463933	data/grid_search_results/whfast_10_zIn_flip-z-input_zKsp_flip-z-ksp-csv_COM_none/rebound_states.csv
3463900	data/grid_search_results/ias15_1e-13_zIn_flip-z-input_zKsp_none_COM_no-move-to-com/rebound_states.csv
3463900	data/grid_search_results/ias15_1e-13_zIn_flip-z-input_zKsp_flip-z-ksp-csv_COM_no-move-to-com/rebound_states.csv
3463893	data/grid_search_results/ias15_1e-15_zIn_flip-z-input_zKsp_none_COM_none/rebound_states.csv
3463893	data/grid_search_results/ias15_1e-15_zIn_flip-z-input_zKsp_flip-z-ksp-csv_COM_none/rebound_states.csv
3463853	data/grid_search_results/whfast_30_zIn_flip-z-input_zKsp_none_COM_none/rebound_states.csv
3463853	data/grid_search_results/whfast_30_zIn_flip-z-input_zKsp_flip-z-ksp-csv_COM_none/rebound_states.csv
3463682	data/grid_search_results/whfast_120_zIn_flip-z-input_zKsp_none_COM_none/rebound_states.csv
3463682	data/grid_search_results/whfast_120_zIn_flip-z-input_zKsp_flip-z-ksp-csv_COM_none/rebound_states.csv
3460541	data/final_clean_120d/butterfly_jool/runs/0012_Tylo_pos_radial_1/rebound_states.csv
3460520	data/final_clean_120d/level_a_saba_dt10/rebound_states.csv
3460494	data/final_clean_120d/butterfly_jool/runs/0013_Tylo_pos_tangential_0p001/rebound_states.csv
3460276	data/final_clean_120d/butterfly_vall/runs/0006_Vall_pos_tangential_1/rebound_states.csv
3460276	data/final_clean_120d/butterfly_jool/runs/0006_Vall_pos_tangential_1/rebound_states.csv
3460268	data/final_clean_120d/butterfly_vall/runs/0007_Vall_pos_normal_0p001/rebound_states.csv
3460268	data/final_clean_120d/butterfly_jool/runs/0007_Vall_pos_normal_0p001/rebound_states.csv
3460259	data/final_clean_120d/butterfly_vall/runs/0004_Vall_pos_tangential_0p001/rebound_states.csv
3460259	data/final_clean_120d/butterfly_jool/runs/0004_Vall_pos_tangential_0p001/rebound_states.csv
3460241	data/grid_search_results/whfast_60_zIn_none_zKsp_none_COM_none/rebound_states.csv
3460241	data/grid_search_results/whfast_60_zIn_none_zKsp_flip-z-ksp-csv_COM_none/rebound_states.csv
3460230	data/final_clean_120d/butterfly_jool/runs/0010_Tylo_pos_radial_0p001/rebound_states.csv
3460227	data/grid_search_results/ias15_1e-11_zIn_none_zKsp_none_COM_none/rebound_states.csv
3460227	data/grid_search_results/ias15_1e-11_zIn_none_zKsp_flip-z-ksp-csv_COM_none/rebound_states.csv
3460227	data/final_clean_120d/level_a_fit_urlum_family/rebound_states.csv
3460221	data/grid_search_results/whfast_120_zIn_none_zKsp_none_COM_no-move-to-com/rebound_states.csv
3460221	data/grid_search_results/whfast_120_zIn_none_zKsp_flip-z-ksp-csv_COM_no-move-to-com/rebound_states.csv
3460201	data/grid_search_results/whfast_30_zIn_none_zKsp_none_COM_no-move-to-com/rebound_states.csv
3460201	data/grid_search_results/whfast_30_zIn_none_zKsp_flip-z-ksp-csv_COM_no-move-to-com/rebound_states.csv
3460160	data/final_clean_120d/butterfly_vall/runs/0002_Vall_pos_radial_0p01/rebound_states.csv
3460160	data/final_clean_120d/butterfly_jool/runs/0002_Vall_pos_radial_0p01/rebound_states.csv
3460144	data/grid_search_results/ias15_1e-14_zIn_none_zKsp_none_COM_no-move-to-com/rebound_states.csv
3460144	data/grid_search_results/ias15_1e-14_zIn_none_zKsp_flip-z-ksp-csv_COM_no-move-to-com/rebound_states.csv
3460134	data/final_clean_120d/level_a_mercurius/rebound_states.csv
3460130	data/grid_search_results/ias15_1e-15_zIn_none_zKsp_none_COM_no-move-to-com/rebound_states.csv
3460130	data/grid_search_results/ias15_1e-15_zIn_none_zKsp_flip-z-ksp-csv_COM_no-move-to-com/rebound_states.csv
3460094	data/final_clean_120d/level_a_whfast_dt120/rebound_states.csv
3460082	data/grid_search_results/ias15_1e-13_zIn_none_zKsp_none_COM_none/rebound_states.csv
3460082	data/grid_search_results/ias15_1e-13_zIn_none_zKsp_flip-z-ksp-csv_COM_none/rebound_states.csv
3460080	data/final_clean_120d/butterfly_vall/runs/0009_Vall_pos_normal_1/rebound_states.csv
3460080	data/final_clean_120d/butterfly_jool/runs/0009_Vall_pos_normal_1/rebound_states.csv
3460065	data/final_clean_120d/butterfly_vall/runs/0008_Vall_pos_normal_0p01/rebound_states.csv
3460065	data/final_clean_120d/butterfly_jool/runs/0008_Vall_pos_normal_0p01/rebound_states.csv
3460056	data/grid_search_results/whfast_60_zIn_none_zKsp_none_COM_no-move-to-com/rebound_states.csv
3460056	data/grid_search_results/whfast_60_zIn_none_zKsp_flip-z-ksp-csv_COM_no-move-to-com/rebound_states.csv
3460052	data/final_clean_120d/butterfly_vall/runs/0003_Vall_pos_radial_1/rebound_states.csv
3460052	data/final_clean_120d/butterfly_jool/runs/0003_Vall_pos_radial_1/rebound_states.csv
3460039	data/final_clean_120d/level_a_fit_sarnus_family/rebound_states.csv
3460036	data/grid_search_results/ias15_1e-14_zIn_none_zKsp_none_COM_none/rebound_states.csv
3460036	data/grid_search_results/ias15_1e-14_zIn_none_zKsp_flip-z-ksp-csv_COM_none/rebound_states.csv
3460034	data/final_clean_120d/butterfly_vall/runs/0001_Vall_pos_radial_0p001/rebound_states.csv
3460034	data/final_clean_120d/butterfly_jool/runs/0001_Vall_pos_radial_0p001/rebound_states.csv
3459991	data/final_clean_120d/butterfly_jool/runs/0011_Tylo_pos_radial_0p01/rebound_states.csv
3459984	data/final_clean_120d/butterfly_jool/runs/0014_Tylo_pos_tangential_0p01/rebound_states.csv
3459968	data/final_clean_120d/butterfly_vall/runs/0005_Vall_pos_tangential_0p01/rebound_states.csv
3459968	data/final_clean_120d/butterfly_jool/runs/0005_Vall_pos_tangential_0p01/rebound_states.csv
3459965	data/grid_search_results/whfast_10_zIn_none_zKsp_none_COM_no-move-to-com/rebound_states.csv
3459965	data/grid_search_results/whfast_10_zIn_none_zKsp_flip-z-ksp-csv_COM_no-move-to-com/rebound_states.csv
3459944	data/grid_search_results/ias15_1e-11_zIn_none_zKsp_none_COM_no-move-to-com/rebound_states.csv
3459944	data/grid_search_results/ias15_1e-11_zIn_none_zKsp_flip-z-ksp-csv_COM_no-move-to-com/rebound_states.csv
3459883	data/grid_search_results/whfast_10_zIn_none_zKsp_none_COM_none/rebound_states.csv
3459883	data/grid_search_results/whfast_10_zIn_none_zKsp_flip-z-ksp-csv_COM_none/rebound_states.csv
3459854	data/final_clean_120d/level_a_fit_phase_bodies/rebound_states.csv
3459850	data/grid_search_results/ias15_1e-13_zIn_none_zKsp_none_COM_no-move-to-com/rebound_states.csv
3459850	data/grid_search_results/ias15_1e-13_zIn_none_zKsp_flip-z-ksp-csv_COM_no-move-to-com/rebound_states.csv
3459843	data/grid_search_results/ias15_1e-15_zIn_none_zKsp_none_COM_none/rebound_states.csv
3459843	data/grid_search_results/ias15_1e-15_zIn_none_zKsp_flip-z-ksp-csv_COM_none/rebound_states.csv
3459805	data/grid_search_results/whfast_30_zIn_none_zKsp_none_COM_none/rebound_states.csv
3459805	data/grid_search_results/whfast_30_zIn_none_zKsp_flip-z-ksp-csv_COM_none/rebound_states.csv
3459638	data/grid_search_results/whfast_120_zIn_none_zKsp_none_COM_none/rebound_states.csv
3459638	data/grid_search_results/whfast_120_zIn_none_zKsp_flip-z-ksp-csv_COM_none/rebound_states.csv
2950144	data/spice_jnsq_v0_4_lab/jnsq_principia_native_t3_30d_rec6h_deg15_from15min_pad.bsp
2703891	data/jnsq_gate0/level_a_120d_game/residual_samples.csv
2354386	data/jnsq_gate0/level_a_120d/rebound_states.csv
2085726	data/jnsq_gate0/principia_ephemeris_30d_step3h.csv
2036736	data/spice_jnsq_v0_4_lab/jnsq_principia_native_t3_30d_rec12h_deg21_from15min_pad.bsp
1946672	data/mga_v0_1/galileo_legs/urlum_lambert_scout.csv
1941353	data/mga_v0_1/galileo_legs/neidon_lambert_scout.csv
1937480	data/mga_v0_1/galileo_legs/sarnus_lambert_scout.csv
1935689	data/mga_v0_1/galileo_legs/kerbin_lambert_scout.csv
1929653	data/mga_v0_1/galileo_legs/plock_lambert_scout.csv
1927596	data/mga_v0_1/galileo_legs/jool_lambert_scout.csv
1924680	data/mga_v0_1/galileo_legs/duna_lambert_scout.csv
1924486	data/mga_v0_1/mga_routes_galileo_like_v0_1.csv
1922882	data/mga_v0_1/galileo_legs/soden_lambert_scout.csv
1913421	data/mga_v0_1/galileo_legs/eve_lambert_scout.csv
1888913	data/final_clean_120d/residual_correction_v2_w5/corrected_states.csv
1888912	data/final_clean_120d/residual_correction_v2_w3/corrected_states.csv
1888912	data/final_clean_120d/residual_correction_exact/corrected_states.csv
1888911	data/final_clean_120d/residual_correction_v1/corrected_states.csv
1869824	data/spice_jnsq_v0_4_lab/jnsq_principia_native_t3_30d_rec6h_deg9_from15min_pad.bsp
1763494	data/teste_rapido/level_a_whfast_dt120/residual_samples.csv
1673216	data/spice_jnsq_v0_4_lab/jnsq_principia_native_t3_30d_rec12h_deg17_from15min_pad.bsp
1672530	data/jnsq_gate0/audit_truth_2y_boundary_4d_step30min.csv
1667072	data/opm_mpe_1y_rebound/opm_mpe_1y_true_v2_interp16.bsp
1667072	data/opm_mpe_1y_rebound/opm_mpe_1y_true_v2_fixed.bsp
1667072	data/opm_mpe_1y_rebound/opm_mpe_1y_true_v2.bsp
1628510	data/final_clean_120d/residual_correction_v1/residual_components.csv
1625020	data/final_clean_120d/residual_correction_v2_w5/residual_components.csv
1617831	data/final_clean_120d/residual_correction_v2_w3/residual_components.csv
1617831	data/final_clean_120d/residual_correction_exact/residual_components.csv
1465406	data/jnsq_gate0/level_a_120d_game_no_outliers/residual_samples.csv
1459797	data/mga_v0_1/mission_jool_galileo_like/legs/urlum_lambert_scout.csv
1455623	data/mga_v0_1/mission_jool_galileo_like/legs/neidon_lambert_scout.csv
1453201	data/mga_v0_1/mission_jool_galileo_like/legs/sarnus_lambert_scout.csv
1447275	data/mga_v0_1/mission_jool_galileo_like/legs/plock_lambert_scout.csv
1445356	data/mga_v0_1/mission_jool_galileo_like/legs/jool_lambert_scout.csv
1442071	data/mga_v0_1/mission_jool_galileo_like/legs/soden_lambert_scout.csv
1316864	data/spice_jnsq_v0_4_lab/jnsq_principia_native_t3_30d_rec1d_deg27_from15min_pad.bsp
1261568	data/spice_jnsq_v0_3/jnsq_principia_native_v0_3_30d_1h_deg9.bsp
1261568	data/spice_jnsq_v0_2/jnsq_principia_native_v0_2_30d_1h_deg9.bsp
1136064	data/jnsq_gate0/level_a_120d_game/rebound_states.csv
1066600	data/mga_v0_1/legs/urlum_lambert_scout.csv
1063655	data/mga_v0_1/legs/neidon_lambert_scout.csv
1061924	data/mga_v0_1/legs/sarnus_lambert_scout.csv
1061759	data/mga_v0_1/kerbin_lambert_scout.csv
1061662	data/mga_v0_1/legs/kerbin_lambert_scout.csv
1056240	data/mga_v0_1/legs/jool_lambert_scout.csv
1056070	data/mga_v0_1/legs/plock_lambert_scout.csv
1055534	data/mga_v0_1/legs/duna_lambert_scout.csv
1052942	data/mga_v0_1/legs/soden_lambert_scout.csv
1045536	data/jnsq_gate0/principia_ephemeris_30d_step6h.csv
1040719	data/spice_jnsq_v0_3/audit_2y_boundary_spk1h_deg9_vs_truth30min.csv
1029188	data/opm_mpe_120d/states.csv
877961	data/final_clean_120d/butterfly_jool/runs/0015_Tylo_pos_tangential_1/rebound_states.csv
762880	data/spice_jnsq_v0_4_lab/jnsq_principia_native_t3_30d_rec1d_deg15_pad.bsp
740735	data/teste_rapido/level_a_whfast_dt120/rebound_states.csv
737280	data/spice_jnsq_v0_4_lab/jnsq_principia_native_t3_30d_rec1d_deg15.bsp
702541	data/jnsq_gate0/level_a_5d_slow/residual_samples.csv
691198	data/jnsq_gate0/level_a_5d_slow_drop_first/residual_samples.csv
690464	data/jnsq_gate0/level_a_5d_fast/residual_samples.csv
684032	data/spice_jnsq_v0_4_lab/jnsq_principia_native_t3_30d_rec2d_deg27_from15min_pad.bsp
647248	data/spice_jnsq_v0_2/audit_30d_spk_vs_csv.csv
618344	data/mga_v0_1/galileo_legs/kerbin_lambert_scout.clustered.csv
615549	data/mga_v0_1/galileo_legs/duna_lambert_scout.clustered.csv
612016	data/mga_v0_1/galileo_legs/eve_lambert_scout.clustered.csv
611064	data/jnsq_gate0/level_a_120d_game_no_outliers/rebound_states.csv
576732	data/mga_v0_1/mission_jool_galileo_like/beam_routes.csv
565951	data/final_clean_120d/residual_correction_cv_pchip_s2/cross_validation_samples.csv
561040	data/mga_v0_1/galileo_legs/jool_lambert_scout.clustered.csv
559702	data/mga_v0_1/galileo_legs/sarnus_lambert_scout.clustered.csv
547115	data/mga_v0_1/galileo_legs/neidon_lambert_scout.clustered.csv
540601	data/mga_v0_1/mission_jool_galileo_like/legs/kerbin_lambert_scout.csv
538098	data/mga_v0_1/mission_jool_galileo_like/legs/duna_lambert_scout.csv
536438	data/mga_v0_1/galileo_legs/urlum_lambert_scout.clustered.csv
535914	data/mga_v0_1/mission_jool_galileo_like/legs/eve_lambert_scout.csv
528089	data/jnsq_gate0/ksp_5d_slow/states.csv
526205	data/mga_v0_1/galileo_legs/soden_lambert_scout.clustered.csv
521784	data/mga_v0_1/galileo_legs/plock_lambert_scout.clustered.csv
519817	data/jnsq_gate0/ksp_5d_fast/states.csv
519793	data/jnsq_gate0/ksp_5d_slow/states_drop_first_epoch.csv
514837	data/mga_v0_1/mission_jool_galileo_like/legs/neidon_lambert_scout.clustered.csv
512337	data/mga_v0_1/mission_jool_galileo_like/legs/sarnus_lambert_scout.clustered.csv
500791	data/mga_v0_1/mission_jool_galileo_like/legs/jool_lambert_scout.clustered.csv
480065	data/mga_v0_1/mission_jool_galileo_like/legs/soden_lambert_scout.clustered.csv
474696	data/mga_v0_1/mission_jool_galileo_like/legs/urlum_lambert_scout.clustered.csv
472498	data/final_clean_120d/phase_diag_heliocentric/phase_diagnostics_samples.csv
467658	data/mga_v0_1/mission_jool_galileo_like/legs/plock_lambert_scout.clustered.csv
445888	data/final_clean_120d/phase_offset_heliocentric/phase_offset_samples.csv
440320	data/opm_mpe_1y_rebound/opm_mpe_1y_true.bsp
428032	data/spice_jnsq_v0_2/jnsq_principia_native_v0_2_30d_3h_deg9.bsp
427346	data/mga_v0_1/mission_jool_galileo_like/final/kerbin_eve_kerbin_jool/multiflyby_corrected_kerbin_eve_kerbin_jool.summary.json
405476	data/final_clean_120d/phase_diag_sarnus/phase_diagnostics_samples.csv
404180	data/final_clean_120d/phase_diag_jool/phase_diagnostics_samples.csv
385156	data/final_clean_120d/phase_offset_jool/phase_offset_samples.csv
384641	data/mga_v0_1/mission_jool_galileo_like/multiflyby_corrected/multiflyby_corrected_kekj_rp800_v0_2.summary.json
370521	data/final_clean_120d/phase_offset_sarnus/phase_offset_samples.csv
362196	data/mga_v0_1/legs/kerbin_lambert_scout.clustered.csv
360599	data/mga_v0_1/legs/duna_lambert_scout.clustered.csv
349917	data/jnsq_gate0/phase_diag_kerbin/phase_diagnostics_samples.csv
346112	data/spice_jnsq_v0_4_lab/jnsq_principia_native_t3_30d_rec4d_deg27_from15min_pad.bsp
333671	data/mga_smoke/powered_bridge/eve_periapsis_first_80000/history.csv
326287	data/fast_opm_mpe_120d/relative_monitor.csv
323569	data/mga_v0_1/legs/sarnus_lambert_scout.clustered.csv
322065	data/final_clean_120d/phase_diag_urlum/phase_diagnostics_samples.csv
315600	data/mga_v0_1/legs/jool_lambert_scout.clustered.csv
311903	data/mga_v0_1/mission_jool_galileo_like/diagnostics_v2/beam_routes.normalized_v2.csv
311903	data/mga_v0_1/mission_jool_galileo_like/diagnostics_v2/beam_jool_clean_candidates_v2.csv
304931	data/mga_v0_1/legs/neidon_lambert_scout.clustered.csv
304860	data/mga_v0_1/legs/urlum_lambert_scout.clustered.csv
295565	data/jnsq_gate0/level_a_5d_slow/rebound_states.csv
295546	data/final_clean_120d/phase_offset_urlum/phase_offset_samples.csv
290759	data/jnsq_gate0/level_a_5d_slow_drop_first/rebound_states.csv
289289	data/jnsq_gate0/level_a_5d_fast/rebound_states.csv
282044	data/final_clean_120d/residual_correction_cv_pchip_s4/cross_validation_samples.csv
276552	data/mga_v0_1/mission_jool_galileo_like/diagnostics_v2/beam_eve_to_jool_candidates_v2.csv
275547	data/mga_v0_1/legs/plock_lambert_scout.clustered.csv
271130	data/mga_v0_1/legs/soden_lambert_scout.clustered.csv
256469	data/mga_smoke/family_search_kj_v0_1/merged_candidates.csv
240960	data/mga_v0_1/mission_jool_galileo_like/connected/kerbin_eve_kerbin_jool/bplane_packet_kerbin_eve_kerbin_jool.json
240617	data/mga_v0_1/mga_bplane_packet_kekj_v0_1.json
238566	data/mga_v0_1/kerbin_lambert_scout.clustered.csv
231395	data/jnsq_gate0/level_a_5d_v3_snapshot_dt180/residual_samples.csv
231188	data/jnsq_gate0/level_a_5d_v3_snapshot_dt120/residual_samples.csv
230958	data/jnsq_gate0/level_a_5d_v3_snapshot_dt45/residual_samples.csv
230893	data/jnsq_gate0/level_a_5d_v3_raw/residual_samples.csv
230849	data/jnsq_gate0/level_a_5d_v3_snapshot_dt240/residual_samples.csv
230631	data/jnsq_gate0/level_a_5d_v3_snapshot_dt30/residual_samples.csv
230586	data/jnsq_gate0/level_a_5d_v3_snapshot_dt60/residual_samples.csv
230528	data/jnsq_gate0/level_a_5d_absolute_zero/residual_samples.csv
230498	data/jnsq_gate0/level_a_5d_v3_snapshot_dt20/residual_samples.csv
230095	data/jnsq_gate0/level_a_5d_v3_snapshot_dt10/residual_samples.csv
229802	data/jnsq_gate0/level_a_5d_v3_snapshot_dt90/residual_samples.csv
229781	data/jnsq_gate0/level_a_dt56/residual_samples.csv
229715	data/jnsq_gate0/level_a_5d_principia_current_p55/residual_samples.csv
229545	data/jnsq_gate0/level_a_dt58/residual_samples.csv
229491	data/jnsq_gate0/level_a_dt55/residual_samples.csv
229197	data/mga_v0_1/mission_jool_galileo_like/legs/kerbin_lambert_scout.clustered.csv
229183	data/jnsq_gate0/level_a_dt60/residual_samples.csv
229135	data/jnsq_gate0/level_a_5d_v3_snapshot_dt15/residual_samples.csv
228937	data/jnsq_gate0/level_a_dt54/residual_samples.csv
228854	data/jnsq_gate0/level_a_dt52/residual_samples.csv
228800	data/jnsq_gate0/level_a_dt45/residual_samples.csv
228500	data/jnsq_gate0/level_a_dt50/residual_samples.csv
228266	data/jnsq_gate0/level_a_5d_principia_current_m55/residual_samples.csv
228039	data/mga_v0_1/mission_jool_galileo_like/legs/eve_lambert_scout.clustered.csv
227923	data/jnsq_gate0/level_a_5d_principia_current/residual_samples.csv
227864	data/jnsq_gate0/level_a_5d_v3/residual_samples.csv
227729	data/jnsq_gate0/level_a_5d_v3_snapshot_dt5/residual_samples.csv
227711	data/jnsq_gate0/level_a_5d_composite_best/residual_samples.csv
226801	data/jnsq_gate0/level_a_5d_principia_native/residual_samples.csv
226776	data/mga_v0_1/mission_jool_galileo_like/legs/duna_lambert_scout.clustered.csv
225171	data/mga_v0_1/mission_jool_galileo_like/final/kerbin_duna_jool/multiflyby_corrected_kerbin_duna_jool.summary.json
219136	data/spice_jnsq_v0_2/jnsq_principia_native_v0_2_30d.bsp
216875	data/mga_v0_1/mission_jool_galileo_like/bplane/bplane_packet_kekj_rp800_v0_1.json
212847	data/mga_smoke/powered_bridge/eve_periapsis_first_40000/history.csv
208369	data/opm_mpe_360d/sample_log.csv
196309	data/spice_jnsq_v0_3/jnsq_principia_native_v0_3_30y_1h_deg9.metadata.json
187551	data/mga_smoke/nbody_triage_kj/rank4_KERBIN-EVE-KERBIN-JOOL/bridge_fb2_history.csv
187471	data/mga_v0_1/mga_routes_v0_2_krpc.csv
184634	data/mga_smoke/nbody_triage_kj/rank18_KERBIN-EVE-DUNA-KERBIN-JOOL/bridge_fb1_history.csv
183961	data/mga_smoke/nbody_triage_kj/rank12_KERBIN-EVE-KERBIN-JOOL/bridge_fb2_history.csv
183960	data/mga_smoke/nbody_triage_kj/rank18_KERBIN-EVE-DUNA-KERBIN-JOOL/bridge_fb2_history.csv
182912	data/mga_smoke/nbody_triage_kj/rank18_KERBIN-EVE-DUNA-KERBIN-JOOL/bridge_fb3_history.csv
179921	data/mga_smoke/nbody_triage_kj/rank4_KERBIN-EVE-KERBIN-JOOL/bridge_fb1_history.csv
174876	data/mga_smoke/nbody_triage_kj/rank12_KERBIN-EVE-KERBIN-JOOL/bridge_fb1_history.csv
172701	data/mga_v0_1/mga_multiflyby_corrected_kekj_v0_1.summary.json
171279	data/mga_v0_1/mga_multiflyby_corrected_kekj_v0_2.summary.json
166357	data/mga_v0_1/mission_jool_galileo_like/connected/kerbin_duna_jool/bplane_packet_kerbin_duna_jool.json
164905	data/mga_v0_1/mga_bplane_packet_kdj_v0_1.json
150435	data/mga_v0_1/mga_routes_v0_1.csv
140100	data/jnsq_gate0/ksp_5d_v3/states.csv
140100	data/jnsq_gate0/ksp_5d_v3_raw/states.csv
140100	data/jnsq_gate0/ksp_5d_from_same_anchor/states.csv
122838	data/mga_smoke/kkj_beam_pykep_resonant_v0_2.csv
121571	data/mga_v0_1/route_atlas/query_jool_routes_v0_2.json
121571	data/mga_v0_1/route_atlas/query_jool_routes_v0_2_all_classes.json
111902	data/mga_smoke/kkj_beam_resonant_v0_1.csv
110732	data/mga_smoke/kekj_lambert_w25_parallel_merged.csv
100890	data/mga_smoke/family_search_kj_v0_1/KERBIN-KERBIN-DUNA-KERBIN-JOOL/candidates.csv
100688	data/mga_smoke/family_search_kj_v0_1/KERBIN-DUNA-KERBIN-DUNA-JOOL/candidates.csv
100563	data/mga_smoke/family_search_kj_v0_1/KERBIN-KERBIN-KERBIN-DUNA-JOOL/candidates.csv
100525	data/mga_smoke/family_search_kj_v0_1/KERBIN-DUNA-KERBIN-KERBIN-JOOL/candidates.csv
100198	data/mga_smoke/family_search_kj_v0_1/KERBIN-EVE-KERBIN-DUNA-JOOL/candidates.csv
100161	data/mga_smoke/family_search_kj_v0_1/KERBIN-EVE-KERBIN-KERBIN-JOOL/candidates.csv
100158	data/mga_smoke/family_search_kj_v0_1/KERBIN-KERBIN-KERBIN-KERBIN-JOOL/candidates.csv
99977	data/mga_smoke/family_search_kj_v0_1/KERBIN-KERBIN-EVE-KERBIN-JOOL/candidates.csv
99964	data/mga_smoke/family_search_kj_v0_1/KERBIN-EVE-DUNA-KERBIN-JOOL/candidates.csv
99742	data/mga_smoke/family_search_kj_v0_1/KERBIN-EVE-KERBIN-EVE-JOOL/candidates.csv
99623	data/mga_smoke/family_search_kj_v0_1/KERBIN-EVE-DUNA-EVE-JOOL/candidates.csv
98660	data/jnsq_gate0/level_a_5d_v3/rebound_states.csv
98537	data/jnsq_gate0/level_a_5d_principia_current/rebound_states.csv
98531	data/jnsq_gate0/level_a_5d_principia_current_m55/rebound_states.csv
98525	data/jnsq_gate0/level_a_dt45/rebound_states.csv
98524	data/jnsq_gate0/level_a_dt58/rebound_states.csv
98512	data/jnsq_gate0/level_a_dt56/rebound_states.csv
98502	data/jnsq_gate0/level_a_5d_v3_snapshot_dt5/rebound_states.csv
98500	data/jnsq_gate0/level_a_5d_v3_snapshot_dt240/rebound_states.csv
98495	data/jnsq_gate0/level_a_dt60/rebound_states.csv
98494	data/jnsq_gate0/level_a_dt50/rebound_states.csv
98487	data/jnsq_gate0/level_a_dt55/rebound_states.csv
98487	data/jnsq_gate0/level_a_dt54/rebound_states.csv
98473	data/jnsq_gate0/level_a_5d_principia_current_p55/rebound_states.csv
98467	data/jnsq_gate0/level_a_dt52/rebound_states.csv
98464	data/jnsq_gate0/level_a_5d_composite_best/rebound_states.csv
98463	data/jnsq_gate0/level_a_5d_v3_snapshot_dt60/rebound_states.csv
98445	data/jnsq_gate0/level_a_5d_v3_snapshot_dt90/rebound_states.csv
98439	data/jnsq_gate0/level_a_5d_v3_snapshot_dt120/rebound_states.csv
98426	data/jnsq_gate0/level_a_5d_v3_snapshot_dt180/rebound_states.csv
98421	data/jnsq_gate0/level_a_5d_absolute_zero/rebound_states.csv
98415	data/jnsq_gate0/level_a_5d_v3_snapshot_dt30/rebound_states.csv
98382	data/jnsq_gate0/level_a_5d_v3_snapshot_dt10/rebound_states.csv
98368	data/jnsq_gate0/level_a_5d_v3_snapshot_dt15/rebound_states.csv
98325	data/jnsq_gate0/level_a_5d_v3_snapshot_dt45/rebound_states.csv
98314	data/jnsq_gate0/level_a_5d_v3_snapshot_dt20/rebound_states.csv
98215	data/jnsq_gate0/level_a_5d_v3_raw/rebound_states.csv
97964	data/jnsq_gate0/level_a_5d_principia_native/rebound_states.csv
95420	data/mga_v0_1/mga_routes_depth1_v0_1.csv
91057	data/mga_v0_1/route_atlas/query_jool_routes_v0_1.json
76590	data/mga_smoke/family_search_kj_v0_1/KERBIN-KERBIN-DUNA-JOOL/candidates.csv
76248	data/mga_smoke/family_search_kj_v0_1/KERBIN-DUNA-KERBIN-JOOL/candidates.csv
76035	data/mga_smoke/family_search_kj_v0_1/KERBIN-KERBIN-KERBIN-JOOL/candidates.csv
76010	data/mga_v0_1/mission_jool_galileo_like/diagnostics_v2/refine_input_kdekj_v2.csv
75922	data/mga_smoke/family_search_kj_v0_1/KERBIN-EVE-KERBIN-JOOL/candidates.csv
69609	data/mga_v0_1/mga_routes_v0_2.csv
68260	data/fast_opm_mpe_120d/sample_log.csv
68259	data/jnsq_gate0/ksp_120d/sample_log.csv
61482	data/mga_v0_1/mga_refined_kdj_route_packet_v0_1.json
58624	data/jnsq_gate0/ksp_static_check/states.csv
56671	data/mga_v0_1/mission_jool_galileo_like/diagnostics_v2/refine_input_kekdj_v2.csv
56506	data/mga_smoke/kj_beam_direct_pykep_multirev1_v0_2.csv
55508	data/mga_smoke/kj_beam_direct_pykep_v0_2.csv
53514	data/mga_smoke/kj_beam_direct_v0_1.csv
52243	data/mga_smoke/powered_bridge/eve_rank1_history.csv
52153	data/mga_smoke/family_search_kj_v0_1/KERBIN-KERBIN-JOOL/candidates.csv
50063	data/jnsq_gate0/principia_raw_state.b64
49410	data/jnsq_gate0/principia_serialized_plugin_joined.b64
49185	data/mga_v0_1/mission_jool_galileo_like/diagnostics_v2/refine_input_kedkj_v2.csv
48273	data/mga_v0_1/mission_jool_galileo_like/b6d_final/b6d_route_packet_kekj_rp800_v0_1.summary.json
48176	data/mga_v0_1/mission_jool_galileo_like/final/kerbin_eve_kerbin_jool/b6d_packet_kerbin_eve_kerbin_jool.summary.json
48167	data/mga_v0_1/mga_b6d_route_packet_kekj_v0_1.summary.json
45450	data/mga_v0_1/mission_jool_galileo_like/b6d_final/b6d_route_packet_kekj_rp800_best_v0_1.json
45389	data/mga_v0_1/mission_jool_galileo_like/final/kerbin_eve_kerbin_jool/b6d_packet_kerbin_eve_kerbin_jool.best.json
45381	data/mga_v0_1/mga_b6d_route_packet_kekj_best_v0_1.json
44125	data/jnsq_gate0/principia_future_serialized_plugin.b64
42853	data/opm_mpe_120d/body_catalog.json
42839	data/opm_mpe_360d/body_catalog.json
42830	data/opm_mpe_snapshot_v2/body_catalog.json
39327	data/fast_opm_mpe_120d/body_catalog.json
38643	data/mga_v0_1/mission_jool_galileo_like/sixd/selected_b6d_kekj_rp800_best_v0_2.json
38620	data/mga_v0_1/mission_jool_galileo_like/final/kerbin_eve_kerbin_jool/sixd_viable_kerbin_eve_kerbin_jool.best.json
38616	data/mga_v0_1/mga_6d_viable_multiflyby_kekj_best_v0_1.json
38413	data/mga_v0_1/mga_multiflyby_corrected_kekj_best_v0_1.json
38042	data/mga_v0_1/mission_jool_galileo_like/final/kerbin_eve_kerbin_jool/multiflyby_corrected_kerbin_eve_kerbin_jool.best.json
38039	data/mga_v0_1/mga_multiflyby_corrected_kekj_best_v0_2.json
37998	data/mga_v0_1/mission_jool_galileo_like/multiflyby_corrected/multiflyby_corrected_kekj_rp800_best_v0_2.json
36578	data/true_snapshot_v2.json
36405	data/mga_smoke/kekkj_lambert_w50_v0_1.csv
36278	data/mga_v0_1/mga_arc_corrected_kekj_v0_1.csv
34317	data/mga_v0_1/body_catalog_v0_1.krpc_all.json
33387	data/ksp_vs_rebound_residuals_1d.json
32747	data/mga_v0_1/mission_jool_galileo_like/connected/kerbin_eve_kerbin_jool/arc_corrected_kerbin_eve_kerbin_jool.csv
32387	data/mga_v0_1/mission_jool_galileo_like/local/kerbin_eve_kerbin_jool/stitched_multiflyby_kerbin_eve_kerbin_jool.best.json
32299	data/mga_v0_1/mga_stitched_multiflyby_kekj_best_v0_1.json
32276	data/mga_v0_1/mission_jool_galileo_like/stitched/stitched_multiflyby_kekj_rp800_best_v0_1.json
31316	data/mga_v0_1/mission_jool_galileo_like/diagnostics_v2/refine_input_kdj_v2.csv
31316	data/mga_v0_1/mission_jool_galileo_like/diagnostics_v2/beam_exact_kdj_v2.csv
30238	data/spice_v0_1_33y/opm_mpe_principia_rebound_v0_1_33y.metadata.json
30229	data/spice_v0_1_30y/opm_mpe_principia_rebound_v0_1_30y.metadata.json
30150	data/spice_v0_1_30y/opm_mpe_principia_rebound_v0_1_30y_dense0125.metadata.json
30149	data/spice_v0_1_30y/opm_mpe_test_120d_span00625.metadata.json
30117	data/final_clean_120d/spk/opm_mpe_clean_120d_fit.metadata.json
30109	data/opm_mpe_1y_rebound/opm_mpe_1y_true_v2_1d.metadata.json
30100	data/final_clean_120d/spk/opm_mpe_clean_120d.metadata.json
30088	data/opm_mpe_1y_rebound/opm_mpe_1y_true_v2_interp16.metadata.json
29832	data/opm_mpe_360d/validation.json
29822	data/opm_mpe_1y_rebound/opm_mpe_1y_true_v2_fixed.metadata.json
29764	data/opm_mpe_1y_rebound/opm_mpe_1y_true_v2.metadata.json
29689	data/opm_mpe_1y_rebound/opm_mpe_1y_true.metadata.json
28370	data/jnsq_gate0/krpc_single_same_anchor_raw.csv
28310	data/jnsq_gate0/krpc_single_same_anchor.csv
27983	data/mga_v0_1/mga_routes_galileo_like_v0_1.summary.json
27844	data/jnsq_gate0/snapshot_principia_current_dt54.json
27841	data/jnsq_gate0/snapshot_principia_current_dt58.json
27835	data/jnsq_gate0/snapshot_principia_current_dt45.json
27834	data/jnsq_gate0/snapshot_principia_current_dt56.json
27833	data/jnsq_gate0/snapshot_principia_current_levela_m55.json
27830	data/jnsq_gate0/snapshot_principia_current_dt52.json
27828	data/jnsq_gate0/snapshot_principia_current_dt55.json
27827	data/jnsq_gate0/snapshot_principia_current_levela_p55.json
27825	data/jnsq_gate0/snapshot_principia_current_dt60.json
27824	data/jnsq_gate0/snapshot_principia_current_dt50.json
27796	data/jnsq_gate0/snapshot_principia_current_levela.json
27783	data/jnsq_gate0/snapshot_principia_native_v2_levela.json
27621	data/mga_smoke/parallel_kekj_w25/run_057_seed_1057.csv
27584	data/mga_smoke/parallel_kekj_w25/run_047_seed_1047.csv
27572	data/mga_smoke/parallel_kekj_w25/run_050_seed_1050.csv
27570	data/mga_smoke/parallel_kekj_w25/run_038_seed_1038.csv
27564	data/mga_smoke/parallel_kekj_w25/run_046_seed_1046.csv
27557	data/mga_smoke/parallel_kekj_w25/run_059_seed_1059.csv
27557	data/mga_smoke/parallel_kekj_w25/run_011_seed_1011.csv
27552	data/mga_smoke/parallel_kekj_w25/run_042_seed_1042.csv
27550	data/mga_smoke/parallel_kekj_w25/run_045_seed_1045.csv
27550	data/mga_smoke/parallel_kekj_w25/run_020_seed_1020.csv
27548	data/mga_smoke/parallel_kekj_w25/run_014_seed_1014.csv
27548	data/mga_smoke/parallel_kekj_w25/run_001_seed_1001.csv
27546	data/mga_smoke/parallel_kekj_w25/run_035_seed_1035.csv
27545	data/mga_smoke/parallel_kekj_w25/run_048_seed_1048.csv
27542	data/mga_smoke/parallel_kekj_w25/run_000_seed_1000.csv
27540	data/mga_smoke/parallel_kekj_w25/run_007_seed_1007.csv
27539	data/mga_smoke/parallel_kekj_w25/run_055_seed_1055.csv
27537	data/mga_smoke/parallel_kekj_w25/run_043_seed_1043.csv
27537	data/mga_smoke/parallel_kekj_w25/run_021_seed_1021.csv
27535	data/mga_smoke/parallel_kekj_w25/run_032_seed_1032.csv
27535	data/mga_smoke/kekj_lambert_w50_v0_1.csv
27533	data/mga_smoke/parallel_kekj_w25/run_028_seed_1028.csv
27531	data/mga_smoke/parallel_kekj_w25/run_033_seed_1033.csv
27531	data/mga_smoke/parallel_kekj_w25/run_027_seed_1027.csv
27530	data/mga_smoke/parallel_kekj_w25/run_036_seed_1036.csv
27530	data/mga_smoke/parallel_kekj_w25/run_030_seed_1030.csv
27530	data/mga_smoke/parallel_kekj_w25/run_029_seed_1029.csv
27530	data/mga_smoke/parallel_kekj_w25/run_019_seed_1019.csv
27528	data/mga_smoke/parallel_kekj_w25/run_053_seed_1053.csv
27526	data/mga_smoke/parallel_kekj_w25/run_018_seed_1018.csv
27525	data/mga_smoke/parallel_kekj_w25/run_013_seed_1013.csv
27523	data/mga_smoke/parallel_kekj_w25/run_017_seed_1017.csv
27523	data/mga_smoke/parallel_kekj_w25/run_004_seed_1004.csv
27522	data/mga_smoke/parallel_kekj_w25/run_051_seed_1051.csv
27522	data/mga_smoke/parallel_kekj_w25/run_016_seed_1016.csv
27517	data/mga_smoke/parallel_kekj_w25/run_031_seed_1031.csv
27515	data/mga_smoke/parallel_kekj_w25/run_039_seed_1039.csv
27511	data/mga_smoke/parallel_kekj_w25/run_024_seed_1024.csv
27510	data/mga_smoke/parallel_kekj_w25/run_044_seed_1044.csv
27507	data/mga_smoke/parallel_kekj_w25/run_037_seed_1037.csv
27506	data/mga_smoke/parallel_kekj_w25/run_049_seed_1049.csv
27506	data/mga_smoke/parallel_kekj_w25/run_034_seed_1034.csv
27505	data/mga_smoke/parallel_kekj_w25/run_058_seed_1058.csv
27504	data/mga_smoke/parallel_kekj_w25/run_056_seed_1056.csv
27503	data/mga_smoke/parallel_kekj_w25/run_022_seed_1022.csv
27499	data/mga_smoke/parallel_kekj_w25/run_041_seed_1041.csv
27499	data/mga_smoke/kekj_lambert_dep2_w50_seed44_v0_1.csv
27498	data/mga_smoke/parallel_kekj_w25/run_008_seed_1008.csv
27498	data/mga_smoke/parallel_kekj_w25/run_006_seed_1006.csv
27498	data/mga_smoke/parallel_kekj_w25/run_005_seed_1005.csv
27498	data/mga_smoke/parallel_kekj_w25/run_003_seed_1003.csv
27497	data/mga_smoke/parallel_kekj_w25/run_025_seed_1025.csv
27492	data/mga_smoke/parallel_kekj_w25/run_015_seed_1015.csv
27490	data/mga_smoke/parallel_kekj_w25/run_040_seed_1040.csv
27490	data/mga_smoke/kekj_lambert_w25_seed43_v0_1.csv
27485	data/mga_smoke/parallel_kekj_w25/run_052_seed_1052.csv
27485	data/mga_smoke/parallel_kekj_w25/run_023_seed_1023.csv
27485	data/mga_smoke/parallel_kekj_w25/run_012_seed_1012.csv
27483	data/mga_smoke/parallel_kekj_w25/run_002_seed_1002.csv
27482	data/mga_smoke/parallel_kekj_w25/run_054_seed_1054.csv
27481	data/mga_smoke/kekj_lambert_w10_v0_1.csv
27478	data/mga_smoke/parallel_kekj_w25/run_009_seed_1009.csv
27464	data/mga_smoke/parallel_kekj_w25/run_026_seed_1026.csv
27455	data/mga_smoke/parallel_kekj_w25/run_010_seed_1010.csv
27389	data/mga_smoke/kek_lambert_v0_1.csv
27254	data/final_clean_120d/butterfly_jool/snapshots/0015_Tylo_pos_tangential_1.json
27254	data/final_clean_120d/butterfly_jool/snapshots/0013_Tylo_pos_tangential_0p001.json
27254	data/final_clean_120d/butterfly_jool/snapshots/0011_Tylo_pos_radial_0p01.json
27253	data/final_clean_120d/snapshot_fit_urlum_family.json
27253	data/final_clean_120d/butterfly_vall/snapshots/0009_Vall_pos_normal_1.json
27253	data/final_clean_120d/butterfly_vall/snapshots/0008_Vall_pos_normal_0p01.json
27253	data/final_clean_120d/butterfly_vall/snapshots/0007_Vall_pos_normal_0p001.json
27253	data/final_clean_120d/butterfly_vall/snapshots/0004_Vall_pos_tangential_0p001.json
27253	data/final_clean_120d/butterfly_vall/snapshots/0002_Vall_pos_radial_0p01.json
27253	data/final_clean_120d/butterfly_vall/snapshots/0001_Vall_pos_radial_0p001.json
27253	data/final_clean_120d/butterfly_jool/snapshots/0014_Tylo_pos_tangential_0p01.json
27253	data/final_clean_120d/butterfly_jool/snapshots/0012_Tylo_pos_radial_1.json
27253	data/final_clean_120d/butterfly_jool/snapshots/0010_Tylo_pos_radial_0p001.json
27253	data/final_clean_120d/butterfly_jool/snapshots/0009_Vall_pos_normal_1.json
27253	data/final_clean_120d/butterfly_jool/snapshots/0008_Vall_pos_normal_0p01.json
27253	data/final_clean_120d/butterfly_jool/snapshots/0007_Vall_pos_normal_0p001.json
27253	data/final_clean_120d/butterfly_jool/snapshots/0004_Vall_pos_tangential_0p001.json
27253	data/final_clean_120d/butterfly_jool/snapshots/0002_Vall_pos_radial_0p01.json
27253	data/final_clean_120d/butterfly_jool/snapshots/0001_Vall_pos_radial_0p001.json
27252	data/final_clean_120d/butterfly_vall/snapshots/0006_Vall_pos_tangential_1.json
27252	data/final_clean_120d/butterfly_vall/snapshots/0005_Vall_pos_tangential_0p01.json
27252	data/final_clean_120d/butterfly_vall/snapshots/0003_Vall_pos_radial_1.json
27252	data/final_clean_120d/butterfly_jool/snapshots/0006_Vall_pos_tangential_1.json
27252	data/final_clean_120d/butterfly_jool/snapshots/0005_Vall_pos_tangential_0p01.json
27252	data/final_clean_120d/butterfly_jool/snapshots/0003_Vall_pos_radial_1.json
26923	data/jnsq_gate0/ksp_5d_fast/body_catalog.json
26922	data/jnsq_gate0/ksp_static_check/body_catalog.json
26913	data/jnsq_gate0/ksp_5d_slow/body_catalog.json
26900	data/jnsq_gate0/ksp_120d/body_catalog.json
26518	data/mga_v0_1/mission_jool_galileo_like/final/kerbin_duna_jool/b6d_packet_kerbin_duna_jool.summary.json
26405	data/grid_search_results/ias15_1e-14_zIn_none_zKsp_none_COM_none/residuals_by_body.json
26403	data/grid_search_results/ias15_1e-14_zIn_flip-z-input_zKsp_flip-z-ksp-csv_COM_none/residuals_by_body.json
26390	data/final_clean_120d/butterfly_vall/runs/0008_Vall_pos_normal_0p01/residuals_by_body.json
26390	data/final_clean_120d/butterfly_jool/runs/0008_Vall_pos_normal_0p01/residuals_by_body.json
26388	data/final_clean_120d/butterfly_jool/runs/0010_Tylo_pos_radial_0p001/residuals_by_body.json
26380	data/grid_search_results/ias15_1e-13_zIn_none_zKsp_none_COM_no-move-to-com/residuals_by_body.json
26378	data/grid_search_results/ias15_1e-13_zIn_flip-z-input_zKsp_flip-z-ksp-csv_COM_no-move-to-com/residuals_by_body.json
26376	data/grid_search_results/ias15_1e-13_zIn_none_zKsp_none_COM_none/residuals_by_body.json
26375	data/grid_search_results/ias15_1e-15_zIn_none_zKsp_none_COM_none/residuals_by_body.json
26375	data/final_clean_120d/butterfly_vall/runs/0002_Vall_pos_radial_0p01/residuals_by_body.json
26375	data/final_clean_120d/butterfly_jool/runs/0002_Vall_pos_radial_0p01/residuals_by_body.json
26374	data/grid_search_results/ias15_1e-13_zIn_flip-z-input_zKsp_flip-z-ksp-csv_COM_none/residuals_by_body.json
26373	data/grid_search_results/ias15_1e-15_zIn_flip-z-input_zKsp_flip-z-ksp-csv_COM_none/residuals_by_body.json
26373	data/final_clean_120d/butterfly_vall/runs/0006_Vall_pos_tangential_1/residuals_by_body.json
26373	data/final_clean_120d/butterfly_jool/runs/0006_Vall_pos_tangential_1/residuals_by_body.json
26372	data/final_clean_120d/butterfly_jool/runs/0014_Tylo_pos_tangential_0p01/residuals_by_body.json
26371	data/final_clean_120d/butterfly_jool/runs/0011_Tylo_pos_radial_0p01/residuals_by_body.json
26370	data/grid_search_results/ias15_1e-11_zIn_none_zKsp_none_COM_no-move-to-com/residuals_by_body.json
26370	data/final_clean_120d/butterfly_vall/runs/0004_Vall_pos_tangential_0p001/residuals_by_body.json
26370	data/final_clean_120d/butterfly_jool/runs/0004_Vall_pos_tangential_0p001/residuals_by_body.json
26369	data/grid_search_results/ias15_1e-11_zIn_none_zKsp_none_COM_none/residuals_by_body.json
26369	data/final_clean_120d/level_a_fit_urlum_family/residuals_by_body.json
26368	data/grid_search_results/ias15_1e-11_zIn_flip-z-input_zKsp_flip-z-ksp-csv_COM_no-move-to-com/residuals_by_body.json
26368	data/final_clean_120d/butterfly_vall/runs/0005_Vall_pos_tangential_0p01/residuals_by_body.json
26368	data/final_clean_120d/butterfly_vall/runs/0003_Vall_pos_radial_1/residuals_by_body.json
26368	data/final_clean_120d/butterfly_jool/runs/0005_Vall_pos_tangential_0p01/residuals_by_body.json
26368	data/final_clean_120d/butterfly_jool/runs/0003_Vall_pos_radial_1/residuals_by_body.json
26367	data/grid_search_results/ias15_1e-11_zIn_flip-z-input_zKsp_flip-z-ksp-csv_COM_none/residuals_by_body.json
26362	data/grid_search_results/ias15_1e-14_zIn_none_zKsp_none_COM_no-move-to-com/residuals_by_body.json
26360	data/grid_search_results/ias15_1e-14_zIn_flip-z-input_zKsp_flip-z-ksp-csv_COM_no-move-to-com/residuals_by_body.json
26359	data/final_clean_120d/butterfly_jool/runs/0012_Tylo_pos_radial_1/residuals_by_body.json
26358	data/grid_search_results/ias15_1e-15_zIn_none_zKsp_none_COM_no-move-to-com/residuals_by_body.json
26358	data/final_clean_120d/butterfly_vall/runs/0001_Vall_pos_radial_0p001/residuals_by_body.json
26358	data/final_clean_120d/butterfly_jool/runs/0001_Vall_pos_radial_0p001/residuals_by_body.json
26356	data/grid_search_results/ias15_1e-15_zIn_flip-z-input_zKsp_flip-z-ksp-csv_COM_no-move-to-com/residuals_by_body.json
26355	data/final_clean_120d/butterfly_vall/runs/0007_Vall_pos_normal_0p001/residuals_by_body.json
26355	data/final_clean_120d/butterfly_jool/runs/0013_Tylo_pos_tangential_0p001/residuals_by_body.json
26355	data/final_clean_120d/butterfly_jool/runs/0007_Vall_pos_normal_0p001/residuals_by_body.json
26354	data/final_clean_120d/butterfly_vall/runs/0009_Vall_pos_normal_1/residuals_by_body.json
26354	data/final_clean_120d/butterfly_jool/runs/0009_Vall_pos_normal_1/residuals_by_body.json
26349	data/final_clean_120d/level_a_fit_sarnus_family/residuals_by_body.json
26348	data/final_clean_120d/level_a_saba_dt10/residuals_by_body.json
26326	data/level_a_dt120/residuals_by_body.json
26324	data/final_clean_120d/level_a_mercurius/residuals_by_body.json
26322	data/final_clean_120d/level_a_fit_phase_bodies/residuals_by_body.json
26321	data/grid_search_results/whfast_10_zIn_none_zKsp_none_COM_none/residuals_by_body.json
26321	data/grid_search_results/whfast_10_zIn_flip-z-input_zKsp_flip-z-ksp-csv_COM_none/residuals_by_body.json
26304	data/clean_level_a_120d_cropped/residuals_by_body.json
26278	data/grid_search_results/whfast_10_zIn_none_zKsp_none_COM_no-move-to-com/residuals_by_body.json
26278	data/grid_search_results/whfast_10_zIn_flip-z-input_zKsp_flip-z-ksp-csv_COM_no-move-to-com/residuals_by_body.json
26227	data/final_clean_120d/level_a_whfast_dt120/residuals_by_body.json
26224	data/grid_search_results/whfast_30_zIn_flip-z-input_zKsp_flip-z-ksp-csv_COM_none/residuals_by_body.json
26218	data/grid_search_results/whfast_30_zIn_none_zKsp_none_COM_none/residuals_by_body.json
26212	data/grid_search_results/whfast_30_zIn_flip-z-input_zKsp_flip-z-ksp-csv_COM_no-move-to-com/residuals_by_body.json
26206	data/grid_search_results/whfast_30_zIn_none_zKsp_none_COM_no-move-to-com/residuals_by_body.json
26179	data/grid_search_results/whfast_60_zIn_flip-z-input_zKsp_flip-z-ksp-csv_COM_none/residuals_by_body.json
26177	data/grid_search_results/whfast_60_zIn_none_zKsp_none_COM_none/residuals_by_body.json
26170	data/grid_search_results/whfast_60_zIn_flip-z-input_zKsp_flip-z-ksp-csv_COM_no-move-to-com/residuals_by_body.json
26168	data/grid_search_results/whfast_60_zIn_none_zKsp_none_COM_no-move-to-com/residuals_by_body.json
26158	data/grid_search_results/whfast_120_zIn_flip-z-input_zKsp_flip-z-ksp-csv_COM_no-move-to-com/residuals_by_body.json
26156	data/grid_search_results/whfast_120_zIn_none_zKsp_none_COM_no-move-to-com/residuals_by_body.json
26140	data/grid_search_results/whfast_120_zIn_flip-z-input_zKsp_flip-z-ksp-csv_COM_none/residuals_by_body.json
26138	data/grid_search_results/whfast_120_zIn_none_zKsp_none_COM_none/residuals_by_body.json
26135	data/level_a_dt30/residuals_by_body.json
26104	data/clean_level_a_120d/residuals_by_body.json
26080	data/level_a_dt10/residuals_by_body.json
26068	data/level_a_rebound_vs_ksp_1y_cropped/residuals_by_body.json
25871	data/mga_v0_1/mga_routes_v0_2_krpc.summary.json
25862	data/jnsq_gate0/snapshot_composite_best_5d.json
25836	data/level_a_v3/residuals_by_body.json
25827	data/grid_search_results/whfast_30_zIn_flip-z-input_zKsp_none_COM_none/residuals_by_body.json
25817	data/grid_search_results/whfast_30_zIn_none_zKsp_flip-z-ksp-csv_COM_none/residuals_by_body.json
25814	data/grid_search_results/whfast_30_zIn_flip-z-input_zKsp_none_COM_no-move-to-com/residuals_by_body.json
25812	data/grid_search_results/ias15_1e-14_zIn_flip-z-input_zKsp_none_COM_none/residuals_by_body.json
25807	data/grid_search_results/ias15_1e-14_zIn_flip-z-input_zKsp_none_COM_no-move-to-com/residuals_by_body.json
25807	data/grid_search_results/ias15_1e-11_zIn_flip-z-input_zKsp_none_COM_none/residuals_by_body.json
25804	data/grid_search_results/whfast_30_zIn_none_zKsp_flip-z-ksp-csv_COM_no-move-to-com/residuals_by_body.json
25804	data/grid_search_results/whfast_120_zIn_flip-z-input_zKsp_none_COM_no-move-to-com/residuals_by_body.json
25802	data/grid_search_results/ias15_1e-14_zIn_none_zKsp_flip-z-ksp-csv_COM_none/residuals_by_body.json
25800	data/grid_search_results/whfast_10_zIn_flip-z-input_zKsp_none_COM_no-move-to-com/residuals_by_body.json
25800	data/grid_search_results/ias15_1e-13_zIn_flip-z-input_zKsp_none_COM_no-move-to-com/residuals_by_body.json
25799	data/grid_search_results/ias15_1e-15_zIn_flip-z-input_zKsp_none_COM_no-move-to-com/residuals_by_body.json
25797	data/grid_search_results/whfast_10_zIn_flip-z-input_zKsp_none_COM_none/residuals_by_body.json
25797	data/grid_search_results/ias15_1e-14_zIn_none_zKsp_flip-z-ksp-csv_COM_no-move-to-com/residuals_by_body.json
25797	data/grid_search_results/ias15_1e-11_zIn_none_zKsp_flip-z-ksp-csv_COM_none/residuals_by_body.json
25796	data/grid_search_results/ias15_1e-11_zIn_flip-z-input_zKsp_none_COM_no-move-to-com/residuals_by_body.json
25794	data/grid_search_results/whfast_120_zIn_none_zKsp_flip-z-ksp-csv_COM_no-move-to-com/residuals_by_body.json
25791	data/grid_search_results/ias15_1e-13_zIn_flip-z-input_zKsp_none_COM_none/residuals_by_body.json
25790	data/grid_search_results/whfast_10_zIn_none_zKsp_flip-z-ksp-csv_COM_no-move-to-com/residuals_by_body.json
25790	data/grid_search_results/ias15_1e-13_zIn_none_zKsp_flip-z-ksp-csv_COM_no-move-to-com/residuals_by_body.json
25789	data/grid_search_results/ias15_1e-15_zIn_none_zKsp_flip-z-ksp-csv_COM_no-move-to-com/residuals_by_body.json
25788	data/grid_search_results/whfast_120_zIn_flip-z-input_zKsp_none_COM_none/residuals_by_body.json
25787	data/grid_search_results/whfast_10_zIn_none_zKsp_flip-z-ksp-csv_COM_none/residuals_by_body.json
25786	data/grid_search_results/ias15_1e-11_zIn_none_zKsp_flip-z-ksp-csv_COM_no-move-to-com/residuals_by_body.json
25785	data/grid_search_results/ias15_1e-15_zIn_flip-z-input_zKsp_none_COM_none/residuals_by_body.json
25782	data/grid_search_results/whfast_60_zIn_flip-z-input_zKsp_none_COM_no-move-to-com/residuals_by_body.json
25781	data/grid_search_results/whfast_60_zIn_flip-z-input_zKsp_none_COM_none/residuals_by_body.json
25781	data/grid_search_results/ias15_1e-13_zIn_none_zKsp_flip-z-ksp-csv_COM_none/residuals_by_body.json
25778	data/grid_search_results/whfast_120_zIn_none_zKsp_flip-z-ksp-csv_COM_none/residuals_by_body.json
25775	data/level_a_poly7_dt120/residuals_by_body.json
25775	data/grid_search_results/ias15_1e-15_zIn_none_zKsp_flip-z-ksp-csv_COM_none/residuals_by_body.json
25772	data/grid_search_results/whfast_60_zIn_none_zKsp_flip-z-ksp-csv_COM_no-move-to-com/residuals_by_body.json
25771	data/grid_search_results/whfast_60_zIn_none_zKsp_flip-z-ksp-csv_COM_none/residuals_by_body.json
25590	data/level_a_rebound_vs_ksp_1y/residuals_by_body.json
25320	data/jnsq_gate0/snapshot_jnsq_t0.json
25290	data/jnsq_gate0/snapshot_dt45.json
25274	data/jnsq_gate0/snapshot_dt180.json
25271	data/jnsq_gate0/snapshot_dt10.json
25265	data/jnsq_gate0/snapshot_dt90.json
25261	data/jnsq_gate0/snapshot_dt20.json
25260	data/jnsq_gate0/snapshot_dt30.json
25253	data/jnsq_gate0/snapshot_dt240.json
25243	data/jnsq_gate0/snapshot_dt15.json
25241	data/jnsq_gate0/snapshot_dt60.json
25227	data/jnsq_gate0/snapshot_dt120.json
25226	data/jnsq_gate0/snapshot_dt5.json
24886	data/mga_v0_1/mission_jool_galileo_like/final/kerbin_duna_jool/b6d_packet_kerbin_duna_jool.best.json
24585	data/mga_smoke/family_search_kj_v0_1/KERBIN-JOOL/candidates.csv
24356	data/final_clean_120d/snapshot_fit_sarnus_family.json
23950	data/mga_v0_1/mga_routes_v0_2.summary.json
23170	data/mga_v0_1/mission_jool_galileo_like/beam_routes.summary.json
21443	data/mga_smoke/native_target_audit/rank1_leg1_target_transform_audit.csv
21102	data/final_clean_120d/snapshot_fit_phase_bodies.json
20990	data/jnsq_gate0/ksp_5d_v3_raw/relative_monitor.csv
20720	data/mga_v0_1/mga_refined_kdj_flyby_v0_3.csv
20705	data/mga_v0_1/mission_jool_galileo_like/legs/urlum_lambert_scout.summary.json
20701	data/mga_v0_1/mission_jool_galileo_like/legs/neidon_lambert_scout.summary.json
20697	data/mga_v0_1/galileo_legs/urlum_lambert_scout.summary.json
20696	data/mga_v0_1/galileo_legs/neidon_lambert_scout.summary.json
20688	data/mga_v0_1/galileo_legs/sarnus_lambert_scout.summary.json
20685	data/mga_v0_1/mission_jool_galileo_like/legs/sarnus_lambert_scout.summary.json
20666	data/mga_v0_1/mission_jool_galileo_like/legs/soden_lambert_scout.summary.json
20664	data/mga_v0_1/galileo_legs/duna_lambert_scout.summary.json
20663	data/mga_v0_1/galileo_legs/soden_lambert_scout.summary.json
20663	data/mga_v0_1/galileo_legs/kerbin_lambert_scout.summary.json
20658	data/mga_v0_1/mission_jool_galileo_like/legs/plock_lambert_scout.summary.json
20658	data/mga_v0_1/galileo_legs/plock_lambert_scout.summary.json
20638	data/mga_v0_1/mission_jool_galileo_like/legs/jool_lambert_scout.summary.json
20638	data/mga_v0_1/galileo_legs/jool_lambert_scout.summary.json
20624	data/mga_v0_1/galileo_legs/eve_lambert_scout.summary.json
20621	data/mga_v0_1/mission_jool_galileo_like/final/kerbin_duna_jool/sixd_viable_kerbin_duna_jool.best.json
20611	data/mga_v0_1/mga_high_fidelity_segment_packet_kdj_best_v0_4.json
20611	data/mga_v0_1/mga_high_fidelity_segment_packet_kdj_best_v0_3.json
20426	data/mga_v0_1/mga_arc_corrected_connected_kdj_v0_1.csv
20391	data/mga_v0_1/mga_arc_corrected_kdj_v0_1.csv
20258	data/mga_v0_1/mission_jool_galileo_like/local/kerbin_eve_kerbin_jool/local_validate_kerbin_eve_kerbin_jool.summary.json
20189	data/j2_sweep_jool_120d/j2_sweep_detail.csv
20010	data/mga_v0_1/mission_jool_galileo_like/final/kerbin_duna_jool/multiflyby_corrected_kerbin_duna_jool.best.json
19951	data/j2_sweep_sarnus_120d/j2_sweep_detail.csv
19919	data/mga_v0_1/mission_jool_galileo_like/local/kerbin_eve_kerbin_jool/local_target_kerbin_eve_kerbin_jool.summary.json
19561	data/mga_v0_1/mission_jool_galileo_like/diagnostics/beam_routes.sequence_summary_top20.csv
19529	data/jnsq_gate0/compare_principia_dt0p2_vs_krpc_single_raw.csv
19074	data/jnsq_gate0/compare_principia_dt55_vs_krpc_single.csv
19074	data/jnsq_gate0/compare_principia_dt54_vs_krpc_single.csv
19051	data/mga_v0_1/mga_high_fidelity_segment_packet_kdj_best_v0_2.json
19024	data/jnsq_gate0/compare_principia_dt56_vs_krpc_single.csv
19022	data/mga_v0_1/mga_refined_kdj_flyby_v0_3.summary.json
18884	data/jnsq_gate0/compare_principia_t0_vs_krpc_single.csv
18804	data/jnsq_gate0/compare_principia_t0_vs_krpc_single_raw.csv
18599	data/jnsq_gate0/saida_teste/residuals_by_body.json
18597	data/mga_smoke/family_search_kj_v0_1/KERBIN-DUNA-EVE-KERBIN-JOOL/candidates.csv
18591	data/mga_v0_1/mission_jool_galileo_like/connected/kerbin_duna_jool/connected_kerbin_duna_jool.csv
18494	data/mga_v0_1/legs/urlum_lambert_scout.summary.json
18494	data/jnsq_gate0/snapshot_principia_native_v2.json
18483	data/mga_v0_1/kerbin_lambert_scout.summary.json
18482	data/mga_v0_1/legs/neidon_lambert_scout.summary.json
18474	data/mga_v0_1/legs/sarnus_lambert_scout.summary.json
18465	data/mga_v0_1/legs/kerbin_lambert_scout.summary.json
18455	data/mga_v0_1/legs/soden_lambert_scout.summary.json
18445	data/mga_v0_1/legs/duna_lambert_scout.summary.json
18438	data/mga_v0_1/legs/jool_lambert_scout.summary.json
18436	data/mga_v0_1/legs/plock_lambert_scout.summary.json
18366	data/mga_v0_1/mission_jool_galileo_like/local_validate/local_flyby_validate_kekj_rp800_v0_1.summary.json
18296	data/mga_v0_1/mission_jool_galileo_like/arc_corrected/arc_corrected_kekj_rp800_v0_1.csv
18087	data/final_clean_120d/residual_correction_v2_w5/correction_model.json
18069	data/final_clean_120d/residual_correction_v1/correction_model.json
17962	data/snapshot_poly7_dt120.json
17956	data/snapshot_dt120.json
17954	data/snapshot_dt10.json
17950	data/clean_snapshot.json
17936	data/mga_v0_1/mission_jool_galileo_like/local_targets/local_flyby_target_kekj_rp800_v0_1.summary.json
17923	data/snapshot_dt30.json
17909	data/jnsq_gate0/level_a_5d_v3_snapshot_dt180/residuals_by_body.json
17895	data/true_snapshot.json
17892	data/final_clean_120d/snapshot.json
17892	data/clean_snapshot_poly7_dt120.json
17890	data/jnsq_gate0/level_a_5d_v3_snapshot_dt120/residuals_by_body.json
17870	data/jnsq_gate0/phase_diag_jool/phase_diagnostics_samples.csv
17851	data/jnsq_gate0/level_a_5d_v3_snapshot_dt45/residuals_by_body.json
17849	data/snapshot_ano30_futuro.json
17846	data/jnsq_gate0/level_a_5d_v3_raw/residuals_by_body.json
17845	data/jnsq_gate0/level_a_5d_v3_snapshot_dt60/residuals_by_body.json
17844	data/jnsq_gate0/level_a_5d_v3_snapshot_dt30/residuals_by_body.json
17828	data/jnsq_gate0/level_a_5d_v3_snapshot_dt20/residuals_by_body.json
17824	data/jnsq_gate0/level_a_5d_v3_snapshot_dt240/residuals_by_body.json
17801	data/jnsq_gate0/level_a_5d_v3_snapshot_dt10/residuals_by_body.json
17789	data/jnsq_gate0/level_a_5d_absolute_zero/residuals_by_body.json
17776	data/jnsq_gate0/level_a_5d_v3_snapshot_dt90/residuals_by_body.json
17771	data/jnsq_gate0/level_a_5d_slow_drop_first/residuals_by_body.json
17768	data/jnsq_gate0/level_a_5d_principia_current_p55/residuals_by_body.json
17760	data/jnsq_gate0/level_a_dt56/residuals_by_body.json
17738	data/jnsq_gate0/level_a_dt58/residuals_by_body.json
17732	data/jnsq_gate0/level_a_dt45/residuals_by_body.json
17729	data/jnsq_gate0/level_a_dt60/residuals_by_body.json
17725	data/jnsq_gate0/level_a_dt55/residuals_by_body.json
17723	data/jnsq_gate0/level_a_dt54/residuals_by_body.json
17704	data/jnsq_gate0/level_a_dt52/residuals_by_body.json
17692	data/jnsq_gate0/level_a_dt50/residuals_by_body.json
17692	data/jnsq_gate0/level_a_5d_v3_snapshot_dt15/residuals_by_body.json
17660	data/jnsq_gate0/level_a_5d_principia_current/residuals_by_body.json
17644	data/jnsq_gate0/level_a_5d_principia_current_m55/residuals_by_body.json
17624	data/jnsq_gate0/level_a_5d_slow/residuals_by_body.json
17589	data/jnsq_gate0/level_a_5d_v3/residuals_by_body.json
17582	data/jnsq_gate0/saida_teste_futuro/residuals_by_body.json
17573	data/jnsq_gate0/level_a_120d_game_no_outliers/residuals_by_body.json
17567	data/jnsq_gate0/saida_teste_math_vs_math/residuals_by_body.json
17557	data/jnsq_gate0/level_a_5d_fast/residuals_by_body.json
17550	data/jnsq_gate0/level_a_5d_composite_best/residuals_by_body.json
17542	data/jnsq_gate0/level_a_5d_v3_snapshot_dt5/residuals_by_body.json
17491	data/jnsq_gate0/level_a_5d_principia_native/residuals_by_body.json
17453	data/jnsq_gate0/level_a_120d_game/residuals_by_body.json
17442	data/jnsq_gate0/level_a_120d/residuals_by_body.json
17237	data/mga_smoke/powered_bridge/eve_walk_60000/history.csv
17227	data/test_reports_with_configcache/pipeline_integrity_report.json
17227	data/test_reports_live/pipeline_integrity_report.json
17138	data/mga_v0_1/mga_routes_v0_1.summary.json
16945	data/mga_smoke/kek_smoke_v0_1.csv
16448	data/final_clean_120d/residual_correction_v2_w3/correction_model.json
16368	data/final_clean_120d/residual_correction_exact/correction_model.json
16299	data/spice_v0_1_33y/validation_manifest_v0_1.json
16196	data/mga_v0_1/mission_jool_galileo_like/local/kerbin_duna_jool/stitched_multiflyby_kerbin_duna_jool.best.json
15877	data/spice_jnsq_v0_3/jnsq_principia_native_v0_3_2y_1h_deg9.metadata.json
15681	data/mga_v0_1/mga_connected_kerbin_eve_kerbin_jool_v0_1.csv
14654	data/mga_v0_1/mga_connected_kerbin_eve_kerbin_jool_v0_1.summary.json
14639	data/mga_v0_1/mission_jool_galileo_like/connected/kerbin_eve_kerbin_jool/connected_kerbin_eve_kerbin_jool.summary.json
14546	data/mga_v0_1/mission_jool_galileo_like/connected/kerbin_duna_jool/arc_corrected_kerbin_duna_jool.csv
14516	data/mga_v0_1/mga_routes_depth1_v0_1.summary.json
14438	data/mga_v0_1/mga_nbody_validate_kdj_patched_v0_2.csv
14238	data/mga_smoke/powered_bridge/eve_walk_40000/history.csv
14167	data/mga_v0_1/mga_stitched_corrected_kdj_best_v0_1.json
14002	data/mga_v0_1/mga_nbody_validate_kdj_twobody_v0_2.csv
13985	data/live_body_catalog.json
13879	data/mga_v0_1/mga_nbody_validate_connected_kdj_v0_1.csv
13710	data/mga_v0_1/mission_jool_galileo_like/final/kerbin_eve_kerbin_jool/sixd_diag_kerbin_eve_kerbin_jool.csv
13682	data/mga_v0_1/mga_flyby_closure_kekj_v0_1.csv
13656	data/mga_v0_1/mission_jool_galileo_like/connected/kerbin_duna_jool/connected_kerbin_duna_jool.summary.json
13466	data/mga_v0_1/mission_jool_galileo_like/connected/kerbin_eve_kerbin_jool/connected_kerbin_eve_kerbin_jool.csv
13328	data/jnsq_gate0/snapshot_absolute_zero_raw.json
12620	data/mga_v0_1/mga_stitched_validate_kdj_best_v0_1.json
12595	data/mga_v0_1/mga_nbody_validate_kdj_v0_1.csv
12385	data/mga_v0_1/mission_jool_galileo_like/sixd/sixd_diag_kekj_rp800_v0_3.csv
12375	data/mga_v0_1/mission_jool_galileo_like/connected/kerbin_eve_kerbin_jool/flyby_closure_kerbin_eve_kerbin_jool.csv
12324	data/opm_mpe_snapshot_v2/states.csv
11792	data/mga_v0_1/mga_connected_kdj_v0_1.summary.json
11434	data/mga_v0_1/mission_jool_galileo_like/final/kerbin_eve_kerbin_jool/sixd_viable_kerbin_eve_kerbin_jool.summary.json
11375	data/opm_mpe_120d/sample_log.csv
11309	data/jnsq_gate0/snapshot_final.json
11226	data/mga_v0_1/mission_jool_galileo_like/final/kerbin_duna_jool/sixd_viable_kerbin_duna_jool.summary.json
10892	data/spice_jnsq_v0_4_lab/jnsq_principia_native_t3_30d_rec2d_deg27_from15min_pad.metadata.json
10891	data/spice_jnsq_v0_4_lab/jnsq_principia_native_t3_30d_rec6h_deg15_from15min_pad.metadata.json
10862	data/spice_jnsq_v0_4_lab/jnsq_principia_native_t3_30d_rec12h_deg21_from15min_pad.metadata.json
10862	data/spice_jnsq_v0_4_lab/jnsq_principia_native_t3_30d_rec12h_deg17_from15min_pad.metadata.json
10861	data/spice_jnsq_v0_4_lab/jnsq_principia_native_t3_30d_rec4d_deg27_from15min_pad.metadata.json
10860	data/spice_jnsq_v0_4_lab/jnsq_principia_native_t3_30d_rec1d_deg27_from15min_pad.metadata.json
10857	data/spice_jnsq_v0_4_lab/jnsq_principia_native_t3_30d_rec6h_deg9_from15min_pad.metadata.json
10777	data/spice_v0_1_33y/spice_smoke_states.csv
10753	data/jnsq_gate0/ksp_instant_sample/body_catalog.json
10753	data/jnsq_gate0/ksp_future_paused/body_catalog.json
10753	data/jnsq_gate0/ksp_5d_v3_raw/body_catalog.json
10753	data/jnsq_gate0/ksp_5d_v3/body_catalog.json
10753	data/jnsq_gate0/ksp_5d_from_same_anchor/body_catalog.json
10753	data/jnsq_gate0/ksp_5d_canonical/body_catalog.json
10729	data/spice_jnsq_v0_4_lab/jnsq_principia_native_t3_30d_rec1d_deg15_pad.metadata.json
10694	data/final_clean_120d/spk_dense_audit.json
10693	data/spice_v0_1_30y/spk_dense_audit_dense0125_120d.json
10686	data/final_clean_120d/spk_dense_audit_fit.json
10625	data/spice_jnsq_v0_4_lab/jnsq_principia_native_t3_30d_rec1d_deg15.metadata.json
10607	data/mga_v0_1/mga_refined_kdj_v0_1.summary.json
10543	data/jnsq_gate0/best_dt_by_body.json
10487	data/final_clean_120d/fit_phase_bodies/fit_report.json
10477	data/mga_v0_1/mission_jool_galileo_like/local/kerbin_duna_jool/local_validate_kerbin_duna_jool.summary.json
10456	data/mga_v0_1/mission_jool_galileo_like/sixd/selected_b6d_kekj_rp800_v0_1.summary.json
10423	data/spice_v0_1_30y/spk_dense_audit_v0_1_30y.json
10296	data/spk_dense_audit_1d.json
10230	data/mga_smoke/nbody_triage_kj/rank15_KERBIN-KERBIN-EVE-KERBIN-JOOL/legs/leg1_KERBIN_to_KERBIN/history.csv
10196	data/mga_v0_1/mission_jool_galileo_like/diagnostics_v2/refine_input_kedj_v2.csv
10140	data/mga_v0_1/mga_stitched_kdj_best_v0_1.json
10038	data/mga_v0_1/mission_jool_galileo_like/local/kerbin_duna_jool/local_target_kerbin_duna_jool.summary.json
9829	data/mga_v0_1/body_catalog_v0_1.krpc.json
9794	data/mga_v0_1/mission_jool_galileo_like/final/kerbin_eve_kerbin_jool/multiflyby_corrected_kerbin_eve_kerbin_jool.csv
9663	data/mga_v0_1/mga_refined_kdj_selected_v0_1.csv
9550	data/spice_jnsq_v0_3/jnsq_principia_native_v0_3_30d_1h_deg9.metadata.json
9533	data/final_clean_120d/residual_correction_cv_pchip_s4_o3/cross_validation_summary.json
9528	data/mga_v0_1/mission_jool_galileo_like/connected/kerbin_eve_kerbin_jool/bplane_target_spec_kerbin_eve_kerbin_jool.csv
9520	data/final_clean_120d/residual_correction_cv_linear_s4/cross_validation_summary.json
9517	data/mga_v0_1/mission_jool_galileo_like/legs/eve_lambert_scout.summary.json
9514	data/mga_v0_1/mission_jool_galileo_like/legs/duna_lambert_scout.summary.json
9507	data/final_clean_120d/residual_correction_cv_pchip_s4_o0/cross_validation_summary.json
9507	data/final_clean_120d/residual_correction_cv_pchip_s4/cross_validation_summary.json
9505	data/final_clean_120d/residual_correction_cv_pchip_s4_o2/cross_validation_summary.json
9504	data/mga_v0_1/mission_jool_galileo_like/legs/kerbin_lambert_scout.summary.json
9502	data/final_clean_120d/residual_correction_cv_pchip_s2/cross_validation_summary.json
9451	data/final_clean_120d/residual_correction_cv_pchip_s4_o1/cross_validation_summary.json
9370	data/final_clean_120d/fit_sarnus_family/fit_report.json
9188	data/mga_v0_1/mga_flyby_closure_kekj_v0_1.summary.json
9076	data/spice_v0_1_33y/future_validation_year32/body_absolute_errors.json
9014	data/mga_v0_1/mga_route_timeline_kdj_v0_1.events.csv
8941	data/mga_v0_1/mission_jool_galileo_like/final/kerbin_duna_jool/sixd_diag_kerbin_duna_jool.csv
8862	data/jnsq_gate0/snapshot_principia_native_v2_report.csv
8861	data/jnsq_gate0/snapshot_absolute_zero_fixed.json
8819	data/mga_v0_1/mission_jool_galileo_like/multiflyby_corrected/multiflyby_corrected_kekj_rp800_v0_2.csv
8761	data/mga_v0_1/body_catalog_v0_1.ksp_patched.json
8750	data/jnsq_gate0/principia_sample_future_exact.csv
8748	data/jnsq_gate0/principia_sample_future.csv
8731	data/jnsq_gate0/principia_sample_t0p2.csv
8730	data/jnsq_gate0/principia_sample_t0.csv
8648	data/mga_v0_1/mga_local_flyby_validate_kekj_v0_1.summary.json
8609	data/mga_v0_1/mission_jool_galileo_like/bplane/bplane_target_spec_kekj_rp800_v0_1.csv
8436	data/mga_v0_1/mission_jool_galileo_like/local/kerbin_eve_kerbin_jool/local_target_kerbin_eve_kerbin_jool.csv
8426	data/grid_search_results/master_results.csv
8420	data/mga_v0_1/mission_jool_galileo_like/connected/kerbin_eve_kerbin_jool/flyby_closure_kerbin_eve_kerbin_jool.summary.json
8410	data/jnsq_gate0/ksp_5d_fast/sample_log.csv
8368	data/mga_smoke/nbody_triage_kj/rank15_KERBIN-KERBIN-EVE-KERBIN-JOOL/legs/leg4_KERBIN_to_JOOL/history.csv
8324	data/mga_v0_1/mission_jool_galileo_like/diagnostics_v2/refine_input_kekj_v2.csv
8324	data/mga_v0_1/mission_jool_galileo_like/diagnostics_v2/beam_exact_kekj_v2.csv
8298	data/jnsq_gate0/ksp_5d_slow/sample_log.csv
8229	data/final_clean_120d/level_a_residuals_by_body.csv
8229	data/final_clean_120d/butterfly_vall/runs/0007_Vall_pos_normal_0p001/residuals_by_body.csv
8229	data/final_clean_120d/butterfly_jool/runs/0007_Vall_pos_normal_0p001/residuals_by_body.csv
8229	data/clean_level_a_120d_cropped/residuals_by_body.csv
8226	data/final_clean_120d/butterfly_vall/runs/0006_Vall_pos_tangential_1/residuals_by_body.csv
8226	data/final_clean_120d/butterfly_jool/runs/0006_Vall_pos_tangential_1/residuals_by_body.csv
8220	data/grid_search_results/ias15_1e-11_zIn_none_zKsp_none_COM_no-move-to-com/residuals_by_body.csv
8220	data/final_clean_120d/butterfly_vall/runs/0008_Vall_pos_normal_0p01/residuals_by_body.csv
8220	data/final_clean_120d/butterfly_jool/runs/0008_Vall_pos_normal_0p01/residuals_by_body.csv
8218	data/grid_search_results/ias15_1e-11_zIn_none_zKsp_none_COM_none/residuals_by_body.csv
8218	data/grid_search_results/ias15_1e-11_zIn_flip-z-input_zKsp_flip-z-ksp-csv_COM_no-move-to-com/residuals_by_body.csv
8218	data/final_clean_120d/level_a_fit_urlum_family/residuals_by_body.csv
8217	data/grid_search_results/ias15_1e-14_zIn_none_zKsp_none_COM_none/residuals_by_body.csv
8217	data/final_clean_120d/butterfly_jool/runs/0010_Tylo_pos_radial_0p001/residuals_by_body.csv
8216	data/grid_search_results/ias15_1e-11_zIn_flip-z-input_zKsp_flip-z-ksp-csv_COM_none/residuals_by_body.csv
8216	data/final_clean_120d/butterfly_vall/runs/0001_Vall_pos_radial_0p001/residuals_by_body.csv
8216	data/final_clean_120d/butterfly_jool/runs/0001_Vall_pos_radial_0p001/residuals_by_body.csv
8215	data/grid_search_results/ias15_1e-15_zIn_none_zKsp_none_COM_none/residuals_by_body.csv
8215	data/grid_search_results/ias15_1e-14_zIn_flip-z-input_zKsp_flip-z-ksp-csv_COM_none/residuals_by_body.csv
8214	data/final_clean_120d/butterfly_vall/runs/0002_Vall_pos_radial_0p01/residuals_by_body.csv
8214	data/final_clean_120d/butterfly_jool/runs/0002_Vall_pos_radial_0p01/residuals_by_body.csv
8213	data/grid_search_results/ias15_1e-15_zIn_flip-z-input_zKsp_flip-z-ksp-csv_COM_none/residuals_by_body.csv
8213	data/final_clean_120d/butterfly_vall/runs/0005_Vall_pos_tangential_0p01/residuals_by_body.csv
8213	data/final_clean_120d/butterfly_jool/runs/0013_Tylo_pos_tangential_0p001/residuals_by_body.csv
8213	data/final_clean_120d/butterfly_jool/runs/0005_Vall_pos_tangential_0p01/residuals_by_body.csv
8211	data/final_clean_120d/butterfly_vall/runs/0004_Vall_pos_tangential_0p001/residuals_by_body.csv
8211	data/final_clean_120d/butterfly_jool/runs/0004_Vall_pos_tangential_0p001/residuals_by_body.csv
8210	data/final_clean_120d/butterfly_jool/runs/0014_Tylo_pos_tangential_0p01/residuals_by_body.csv
8209	data/grid_search_results/ias15_1e-14_zIn_none_zKsp_none_COM_no-move-to-com/residuals_by_body.csv
8209	data/final_clean_120d/butterfly_vall/runs/0009_Vall_pos_normal_1/residuals_by_body.csv
8209	data/final_clean_120d/butterfly_jool/runs/0009_Vall_pos_normal_1/residuals_by_body.csv
8208	data/final_clean_120d/butterfly_vall/runs/0003_Vall_pos_radial_1/residuals_by_body.csv
8208	data/final_clean_120d/butterfly_jool/runs/0003_Vall_pos_radial_1/residuals_by_body.csv
8207	data/grid_search_results/ias15_1e-14_zIn_flip-z-input_zKsp_flip-z-ksp-csv_COM_no-move-to-com/residuals_by_body.csv
8204	data/final_clean_120d/level_a_saba_dt10/residuals_by_body.csv
8204	data/final_clean_120d/butterfly_jool/runs/0011_Tylo_pos_radial_0p01/residuals_by_body.csv
8202	data/grid_search_results/ias15_1e-13_zIn_none_zKsp_none_COM_none/residuals_by_body.csv
8200	data/grid_search_results/ias15_1e-13_zIn_flip-z-input_zKsp_flip-z-ksp-csv_COM_none/residuals_by_body.csv
8198	data/grid_search_results/ias15_1e-13_zIn_none_zKsp_none_COM_no-move-to-com/residuals_by_body.csv
8197	data/grid_search_results/ias15_1e-15_zIn_none_zKsp_none_COM_no-move-to-com/residuals_by_body.csv
8196	data/grid_search_results/ias15_1e-13_zIn_flip-z-input_zKsp_flip-z-ksp-csv_COM_no-move-to-com/residuals_by_body.csv
8195	data/grid_search_results/ias15_1e-15_zIn_flip-z-input_zKsp_flip-z-ksp-csv_COM_no-move-to-com/residuals_by_body.csv
8195	data/final_clean_120d/butterfly_jool/runs/0012_Tylo_pos_radial_1/residuals_by_body.csv
8193	data/final_clean_120d/level_a_mercurius/residuals_by_body.csv
8190	data/final_clean_120d/level_a_fit_sarnus_family/residuals_by_body.csv
8185	data/final_clean_120d/level_a_fit_phase_bodies/residuals_by_body.csv
8178	data/mga_v0_1/mission_jool_galileo_like/local/kerbin_eve_kerbin_jool/local_validate_kerbin_eve_kerbin_jool.csv
8134	data/grid_search_results/whfast_10_zIn_none_zKsp_none_COM_no-move-to-com/residuals_by_body.csv
8134	data/grid_search_results/whfast_10_zIn_flip-z-input_zKsp_flip-z-ksp-csv_COM_no-move-to-com/residuals_by_body.csv
8115	data/grid_search_results/whfast_10_zIn_none_zKsp_none_COM_none/residuals_by_body.csv
8115	data/grid_search_results/whfast_10_zIn_flip-z-input_zKsp_flip-z-ksp-csv_COM_none/residuals_by_body.csv
8093	data/mga_v0_1/mga_local_flyby_target_kekj_v0_1.summary.json
8069	data/mga_v0_1/mga_flyby_closure_kdj_v0_1.summary.json
8034	data/final_clean_120d/level_a_whfast_dt120/residuals_by_body.csv
8018	data/level_a_dt120/residuals_by_body.csv
8012	data/grid_search_results/whfast_30_zIn_flip-z-input_zKsp_flip-z-ksp-csv_COM_none/residuals_by_body.csv
8012	data/grid_search_results/whfast_30_zIn_flip-z-input_zKsp_flip-z-ksp-csv_COM_no-move-to-com/residuals_by_body.csv
8006	data/grid_search_results/whfast_30_zIn_none_zKsp_none_COM_none/residuals_by_body.csv
8006	data/grid_search_results/whfast_30_zIn_none_zKsp_none_COM_no-move-to-com/residuals_by_body.csv
7986	data/level_a_v3/residuals_by_body.csv
7975	data/final_clean_120d/fit_urlum_family/fit_report.json
7970	data/clean_level_a_120d/residuals_by_body.csv
7939	data/grid_search_results/whfast_60_zIn_flip-z-input_zKsp_flip-z-ksp-csv_COM_none/residuals_by_body.csv
7937	data/grid_search_results/whfast_60_zIn_none_zKsp_none_COM_none/residuals_by_body.csv
7929	data/grid_search_results/whfast_60_zIn_flip-z-input_zKsp_flip-z-ksp-csv_COM_no-move-to-com/residuals_by_body.csv
7927	data/grid_search_results/whfast_60_zIn_none_zKsp_none_COM_no-move-to-com/residuals_by_body.csv
7901	data/level_a_poly7_dt120/residuals_by_body.csv
7863	data/grid_search_results/whfast_120_zIn_flip-z-input_zKsp_flip-z-ksp-csv_COM_none/residuals_by_body.csv
7861	data/grid_search_results/whfast_120_zIn_none_zKsp_none_COM_none/residuals_by_body.csv
7858	data/grid_search_results/whfast_120_zIn_flip-z-input_zKsp_flip-z-ksp-csv_COM_no-move-to-com/residuals_by_body.csv
7856	data/grid_search_results/whfast_120_zIn_none_zKsp_none_COM_no-move-to-com/residuals_by_body.csv
7807	data/mga_v0_1/mga_flyby_closure_connected_kdj_v0_1.summary.json
7798	data/mga_v0_1/mga_selected_kekj_connected_v0_1.summary.json
7771	data/mga_v0_1/mga_flyby_closure_connected_kdj_v0_2.summary.json
7750	data/level_a_dt30/residuals_by_body.csv
7726	data/mga_smoke/nbody_triage_kj/rank7_KERBIN-DUNA-KERBIN-KERBIN-JOOL/legs/leg3_KERBIN_to_KERBIN/history.csv
7689	data/mga_v0_1/mga_bplane_target_spec_kekj_v0_2.csv
7675	data/mga_v0_1/mission_jool_galileo_like/connected/kerbin_eve_kerbin_jool/bplane_packet_kerbin_eve_kerbin_jool.csv
7654	data/level_a_dt10/residuals_by_body.csv
7641	data/mga_v0_1/mga_bplane_packet_kekj_v0_1.csv
7637	data/mga_v0_1/mission_jool_galileo_like/local_targets/local_flyby_target_kekj_rp800_v0_1.csv
7634	data/level_a_rebound_vs_ksp_1y_cropped/residuals_by_body.csv
7621	data/level_a_rebound_vs_ksp_1y/residuals_by_body.csv
7441	data/mga_v0_1/mission_jool_galileo_like/local_validate/local_flyby_validate_kekj_rp800_v0_1.csv
7440	data/mga_v0_1/mga_corrected_route_packet_kdj_v0_1.summary.json
7391	data/mga_v0_1/mission_jool_galileo_like/selected/selected_kekj_rp800_best_v0_1.json
7360	data/mga_v0_1/mission_jool_galileo_like/connected/kerbin_eve_kerbin_jool/selected_kerbin_eve_kerbin_jool.best.json
7360	data/mga_v0_1/mga_selected_kekj_connected_robust_best_v0_1.json
7360	data/mga_v0_1/mga_selected_kekj_connected_best_v0_1.json
7297	data/spice_v0_1_33y/future_validation_year32/family_relative_errors.json
7253	data/jnsq_gate0/phase_diag_kerbin/phase_diagnostics_summary.json
7223	data/grid_search_results/whfast_120_zIn_flip-z-input_zKsp_none_COM_no-move-to-com/residuals_by_body.csv
7219	data/grid_search_results/ias15_1e-15_zIn_flip-z-input_zKsp_none_COM_none/residuals_by_body.csv
7218	data/grid_search_results/ias15_1e-14_zIn_flip-z-input_zKsp_none_COM_no-move-to-com/residuals_by_body.csv
7217	data/grid_search_results/whfast_120_zIn_flip-z-input_zKsp_none_COM_none/residuals_by_body.csv
7217	data/grid_search_results/ias15_1e-11_zIn_flip-z-input_zKsp_none_COM_none/residuals_by_body.csv
7215	data/grid_search_results/ias15_1e-15_zIn_flip-z-input_zKsp_none_COM_no-move-to-com/residuals_by_body.csv
7215	data/grid_search_results/ias15_1e-13_zIn_flip-z-input_zKsp_none_COM_no-move-to-com/residuals_by_body.csv
7214	data/grid_search_results/whfast_60_zIn_flip-z-input_zKsp_none_COM_none/residuals_by_body.csv
7214	data/grid_search_results/ias15_1e-13_zIn_flip-z-input_zKsp_none_COM_none/residuals_by_body.csv
7214	data/grid_search_results/ias15_1e-11_zIn_flip-z-input_zKsp_none_COM_no-move-to-com/residuals_by_body.csv
7213	data/grid_search_results/whfast_120_zIn_none_zKsp_flip-z-ksp-csv_COM_no-move-to-com/residuals_by_body.csv
7212	data/grid_search_results/ias15_1e-14_zIn_flip-z-input_zKsp_none_COM_none/residuals_by_body.csv
7211	data/grid_search_results/whfast_30_zIn_flip-z-input_zKsp_none_COM_none/residuals_by_body.csv
7209	data/grid_search_results/ias15_1e-15_zIn_none_zKsp_flip-z-ksp-csv_COM_none/residuals_by_body.csv
7208	data/grid_search_results/ias15_1e-14_zIn_none_zKsp_flip-z-ksp-csv_COM_no-move-to-com/residuals_by_body.csv
7207	data/grid_search_results/whfast_120_zIn_none_zKsp_flip-z-ksp-csv_COM_none/residuals_by_body.csv
7207	data/grid_search_results/ias15_1e-11_zIn_none_zKsp_flip-z-ksp-csv_COM_none/residuals_by_body.csv
7206	data/grid_search_results/whfast_60_zIn_flip-z-input_zKsp_none_COM_no-move-to-com/residuals_by_body.csv
7205	data/grid_search_results/whfast_30_zIn_flip-z-input_zKsp_none_COM_no-move-to-com/residuals_by_body.csv
7205	data/grid_search_results/ias15_1e-15_zIn_none_zKsp_flip-z-ksp-csv_COM_no-move-to-com/residuals_by_body.csv
7205	data/grid_search_results/ias15_1e-13_zIn_none_zKsp_flip-z-ksp-csv_COM_no-move-to-com/residuals_by_body.csv
7204	data/grid_search_results/whfast_60_zIn_none_zKsp_flip-z-ksp-csv_COM_none/residuals_by_body.csv
7204	data/grid_search_results/whfast_10_zIn_flip-z-input_zKsp_none_COM_none/residuals_by_body.csv
7204	data/grid_search_results/ias15_1e-13_zIn_none_zKsp_flip-z-ksp-csv_COM_none/residuals_by_body.csv
7204	data/grid_search_results/ias15_1e-11_zIn_none_zKsp_flip-z-ksp-csv_COM_no-move-to-com/residuals_by_body.csv
7202	data/grid_search_results/ias15_1e-14_zIn_none_zKsp_flip-z-ksp-csv_COM_none/residuals_by_body.csv
7201	data/grid_search_results/whfast_30_zIn_none_zKsp_flip-z-ksp-csv_COM_none/residuals_by_body.csv
7201	data/grid_search_results/whfast_10_zIn_flip-z-input_zKsp_none_COM_no-move-to-com/residuals_by_body.csv
7196	data/grid_search_results/whfast_60_zIn_none_zKsp_flip-z-ksp-csv_COM_no-move-to-com/residuals_by_body.csv
7195	data/grid_search_results/whfast_30_zIn_none_zKsp_flip-z-ksp-csv_COM_no-move-to-com/residuals_by_body.csv
7194	data/grid_search_results/whfast_10_zIn_none_zKsp_flip-z-ksp-csv_COM_none/residuals_by_body.csv
7191	data/grid_search_results/whfast_10_zIn_none_zKsp_flip-z-ksp-csv_COM_no-move-to-com/residuals_by_body.csv
7120	data/mga_v0_1/mission_jool_galileo_like/connected/kerbin_eve_kerbin_jool/selected_kerbin_eve_kerbin_jool.summary.json
7071	data/jnsq_gate0/ksp_5d_canonical/states.csv
7070	data/jnsq_gate0/ksp_future_paused/states.csv
7059	data/jnsq_gate0/ksp_instant_sample/states.csv
7042	data/mga_smoke/kej_beam_v0_1.csv
7030	data/mga_v0_1/mission_jool_galileo_like/flyby_closure/flyby_closure_kekj_rp800_v0_1.csv
6945	data/mga_v0_1/body_catalog_v0_1.json
6927	data/mga_v0_1/mission_jool_galileo_like/bplane/bplane_packet_kekj_rp800_v0_1.csv
6916	data/jnsq_gate0/principia_serialized_plugin.b64
6910	data/mga_smoke/nbody_triage_kj/rank12_KERBIN-EVE-KERBIN-JOOL/legs/leg3_KERBIN_to_JOOL/history.csv
6880	data/spice_jnsq_v0_4_lab/audit_t3_30d_rec6h_deg15_from15min_vs_truth30min.json
6872	data/mga_v0_1/mission_jool_galileo_like/local_validate/local_flyby_validate_kekj_rp800_best_v0_1.json
6869	data/spice_jnsq_v0_4_lab/audit_t3_30d_rec12h_deg21_from15min_vs_truth30min.json
6869	data/mga_v0_1/mission_jool_galileo_like/sixd/selected_b6d_kekj_rp800_v0_2.summary.json
6866	data/spice_jnsq_v0_2/audit_30y_start_spk1h_vs_truth30min.json
6865	data/spice_jnsq_v0_4_lab/audit_t3_30d_rec6h_deg17_from15min_vs_truth30min.json
6864	data/spice_jnsq_v0_4_lab/audit_t3_30d_rec12h_deg17_from15min_vs_truth30min.json
6857	data/spice_jnsq_v0_4_lab/audit_t3_30d_rec1d_deg27_from15min_vs_truth30min.json
6855	data/mga_v0_1/mga_local_flyby_validate_kekj_best_v0_1.json
6848	data/mga_v0_1/mission_jool_galileo_like/local/kerbin_eve_kerbin_jool/local_validate_kerbin_eve_kerbin_jool.best.json
6847	data/spice_jnsq_v0_3/audit_2y_boundary_spk1h_deg9_vs_truth30min.json
6837	data/spice_jnsq_v0_3/audit_30d_chunked_spk1h_deg9_vs_csv30min.json
6837	data/spice_jnsq_v0_2/audit_30d_spk1h_deg9_vs_csv30min.json
6827	data/jnsq_gate0/principia_roundtrip.b64
6814	data/spice_jnsq_v0_2/audit_30d_spk_vs_csv.json
6812	data/spice_jnsq_v0_4_lab/audit_t3_30d_rec2d_deg27_from15min_vs_truth30min.json
6777	data/final_clean_120d/phase_offset_heliocentric/phase_offset_summary.json
6761	data/spice_jnsq_v0_4_lab/audit_t3_30d_rec1d_deg15_vs_truth30min_no_endpoint.json
6736	data/spice_jnsq_v0_2/audit_30d_spk3h_deg9_vs_csv1h.json
6727	data/spice_jnsq_v0_4_lab/audit_t3_30d_rec4d_deg27_from15min_vs_truth30min.json
6680	data/mga_v0_1/mga_high_fidelity_segment_packet_kdj_v0_1.summary.json
6640	data/mga_smoke/nbody_triage_kj/rank4_KERBIN-EVE-KERBIN-JOOL/legs/leg2_EVE_to_KERBIN/history.csv
6633	data/mga_v0_1/mga_local_flyby_validate_kdj_v0_1.summary.json
6625	data/mga_v0_1/mga_route_timeline_kdj_v0_1.summary.json
6605	data/spice_jnsq_v0_2/audit_30d_spk6h_vs_csv1h.json
6567	data/mga_v0_1/mission_jool_galileo_like/local/kerbin_eve_kerbin_jool/stitched_multiflyby_kerbin_eve_kerbin_jool.summary.json
6444	data/mga_v0_1/mission_jool_galileo_like/final/kerbin_duna_jool/multiflyby_corrected_kerbin_duna_jool.csv
6428	data/mga_v0_1/mga_flyby_closure_kdj_v0_1.csv
6397	data/mga_v0_1/mission_jool_galileo_like/local/kerbin_duna_jool/stitched_multiflyby_kerbin_duna_jool.summary.json
6352	data/mga_v0_1/mission_jool_galileo_like/local/kerbin_duna_jool/local_validate_kerbin_duna_jool.best.json
6342	data/mga_v0_1/mga_local_flyby_validate_kdj_best_v0_1.json
6335	data/mga_v0_1/mission_jool_galileo_like/final/kerbin_eve_kerbin_jool/sixd_diag_kerbin_eve_kerbin_jool.summary.json
6254	data/mga_smoke/nbody_triage_kj/rank12_KERBIN-EVE-KERBIN-JOOL/legs/leg2_EVE_to_KERBIN/history.csv
6224	data/final_clean_120d/phase_diag_heliocentric/phase_diagnostics_summary.json
6176	data/mga_v0_1/mga_refined_kdj_selected_v0_1.summary.json
6081	data/jnsq_gate0/saida_teste/residuals_by_body.csv
6070	data/mga_v0_1/mga_local_flyby_target_kdj_v0_1.summary.json
5990	data/mga_v0_1/mga_bplane_target_spec_kekj_best_v0_2.json
5988	data/mga_v0_1/mission_jool_galileo_like/connected/kerbin_eve_kerbin_jool/bplane_target_spec_kerbin_eve_kerbin_jool.best.json
5975	data/mga_v0_1/mga_bplane_target_spec_kekj_robust_best_v0_2.json
5973	data/mga_v0_1/mga_flyby_closure_connected_kdj_v0_1.csv
5967	data/mga_v0_1/mission_jool_galileo_like/bplane/bplane_target_spec_kekj_rp800_best_v0_1.json
5964	data/mga_smoke/nbody_triage_kj/rank18_KERBIN-EVE-DUNA-KERBIN-JOOL/legs/leg4_KERBIN_to_JOOL/history.csv
5945	data/mga_v0_1/mission_jool_galileo_like/stitched/stitched_multiflyby_kekj_rp800_v0_1.summary.json
5900	data/mga_v0_1/mission_jool_galileo_like/final/kerbin_duna_jool/sixd_diag_kerbin_duna_jool.summary.json
5894	data/mga_v0_1/mga_flyby_closure_connected_kdj_v0_2.csv
5889	data/mga_smoke/nbody_triage_kj/rank1_KERBIN-EVE-KERBIN-KERBIN-JOOL/legs/leg2_EVE_to_KERBIN/history.csv
5877	data/mga_v0_1/mga_stitched_corrected_kdj_v0_1.summary.json
5839	data/mga_smoke/nbody_triage_kj/rank7_KERBIN-DUNA-KERBIN-KERBIN-JOOL/legs/leg4_KERBIN_to_JOOL/history.csv
5826	data/mga_v0_1/mission_jool_galileo_like/sixd/sixd_diag_kekj_rp800_v0_3.summary.json
5769	data/mga_v0_1/mission_jool_galileo_like/connected/kerbin_duna_jool/flyby_closure_kerbin_duna_jool.summary.json
5747	data/mga_v0_1/mga_multiflyby_6d_diag_kekj_v0_3.csv
5624	data/final_clean_120d/phase_offset_jool/phase_offset_summary.json
5592	data/final_clean_120d/phase_offset_sarnus/phase_offset_summary.json
5567	data/mga_v0_1/mga_stitched_validate_kdj_v0_1.summary.json
5537	data/mga_v0_1/mga_stitched_kdj_v0_1.summary.json
5531	data/mga_v0_1/mga_connected_kdj_v0_1.csv
5530	data/jnsq_gate0/level_a_5d_slow_drop_first/residuals_by_body.csv
5514	data/jnsq_gate0/level_a_5d_v3_snapshot_dt180/residuals_by_body.csv
5504	data/jnsq_gate0/level_a_5d_v3_snapshot_dt120/residuals_by_body.csv
5466	data/jnsq_gate0/level_a_5d_v3_snapshot_dt45/residuals_by_body.csv
5454	data/jnsq_gate0/level_a_5d_v3_snapshot_dt30/residuals_by_body.csv
5453	data/jnsq_gate0/level_a_5d_v3_raw/residuals_by_body.csv
5431	data/mga_v0_1/mission_jool_galileo_like/connected/kerbin_duna_jool/selected_kerbin_duna_jool.best.json
5429	data/jnsq_gate0/level_a_5d_v3_snapshot_dt240/residuals_by_body.csv
5418	data/jnsq_gate0/level_a_5d_v3_snapshot_dt20/residuals_by_body.csv
5397	data/jnsq_gate0/level_a_5d_v3_snapshot_dt60/residuals_by_body.csv
5383	data/jnsq_gate0/level_a_5d_slow/residuals_by_body.csv
5381	data/jnsq_gate0/level_a_120d_game_no_outliers/residuals_by_body.csv
5354	data/jnsq_gate0/level_a_5d_v3_snapshot_dt10/residuals_by_body.csv
5350	data/mga_v0_1/mission_jool_galileo_like/local/kerbin_eve_kerbin_jool/local_target_kerbin_eve_kerbin_jool.best.json
5344	data/mga_v0_1/mga_local_flyby_target_kekj_best_v0_1.json
5343	data/mga_v0_1/mission_jool_galileo_like/local_targets/local_flyby_target_kekj_rp800_best_v0_1.json
5326	data/jnsq_gate0/level_a_5d_absolute_zero/residuals_by_body.csv
5288	data/jnsq_gate0/level_a_5d_fast/residuals_by_body.csv
5259	data/jnsq_gate0/level_a_5d_v3_snapshot_dt90/residuals_by_body.csv
5214	data/final_clean_120d/residual_correction_v2_w5/before_after_by_body.csv
5208	data/jnsq_gate0/level_a_120d_game/residuals_by_body.csv
5200	data/jnsq_gate0/level_a_5d_principia_current_p55/residuals_by_body.csv
5196	data/final_clean_120d/residual_correction_v1/before_after_by_body.csv
5186	data/jnsq_gate0/level_a_dt55/residuals_by_body.csv
5176	data/mga_smoke/nbody_triage_kj/rank18_KERBIN-EVE-DUNA-KERBIN-JOOL/legs/leg2_EVE_to_DUNA/history.csv
5173	data/jnsq_gate0/level_a_dt56/residuals_by_body.csv
5170	data/jnsq_gate0/phase_diag_jool/phase_diagnostics_summary.json
5161	data/jnsq_gate0/level_a_5d_v3_snapshot_dt15/residuals_by_body.csv
5152	data/final_clean_120d/phase_diag_jool/phase_diagnostics_summary.json
5146	data/jnsq_gate0/level_a_dt58/residuals_by_body.csv
5139	data/jnsq_gate0/level_a_dt60/residuals_by_body.csv
5133	data/final_clean_120d/phase_diag_sarnus/phase_diagnostics_summary.json
5116	data/jnsq_gate0/level_a_dt45/residuals_by_body.csv
5108	data/jnsq_gate0/level_a_dt54/residuals_by_body.csv
5101	data/jnsq_gate0/level_a_dt52/residuals_by_body.csv
5101	data/jnsq_gate0/level_a_dt50/residuals_by_body.csv
5096	data/spice_jnsq_v0_4_lab/jnsq_principia_native_t3_30d_rec3h_deg15_pad.bsp
5095	data/mga_smoke/nbody_triage_kj/rank7_KERBIN-DUNA-KERBIN-KERBIN-JOOL/legs/leg1_KERBIN_to_DUNA/history.csv
5091	data/mga_v0_1/mission_jool_galileo_like/sixd/selected_b6d_kekj_rp800_v0_1.csv
5076	data/jnsq_gate0/principia_future_snapshot.csv
5067	data/jnsq_gate0/principia_current_snapshot_dt55.csv
5067	data/jnsq_gate0/principia_current_snapshot_dt54.csv
5065	data/jnsq_gate0/principia_current_snapshot_dt50.csv
5063	data/jnsq_gate0/principia_current_snapshot_dt58.csv
5063	data/jnsq_gate0/principia_current_snapshot.csv
5062	data/jnsq_gate0/principia_current_snapshot_dt45.csv
5061	data/jnsq_gate0/principia_current_snapshot_dt52.csv
5060	data/jnsq_gate0/principia_current_snapshot_dt0p2.csv
5059	data/jnsq_gate0/principia_current_snapshot_p55.csv
5056	data/jnsq_gate0/principia_current_snapshot_dt56.csv
5054	data/jnsq_gate0/principia_current_snapshot_m55.csv
5051	data/jnsq_gate0/principia_current_snapshot_dt60.csv
5027	data/mga_v0_1/mission_jool_galileo_like/body_catalog.krpc.csv
5027	data/mga_v0_1/body_catalog_v0_1.krpc_all.csv
5024	data/mga_v0_1/mission_jool_galileo_like/flyby_closure/flyby_closure_kekj_rp800_v0_1.summary.json
5022	data/jnsq_gate0/level_a_5d_principia_current/residuals_by_body.csv
5021	data/jnsq_gate0/level_a_5d_principia_current_m55/residuals_by_body.csv
5008	data/mga_v0_1/mission_jool_galileo_like/final/kerbin_eve_kerbin_jool/sixd_viable_kerbin_eve_kerbin_jool.csv
4994	data/jnsq_gate0/saida_teste/rebound_states.csv
4978	data/jnsq_gate0/saida_teste_math_vs_math/residuals_by_body.csv
4976	data/jnsq_gate0/saida_teste_futuro/residuals_by_body.csv
4972	data/mga_v0_1/mga_nbody_validate_connected_kdj_v0_1.summary.json
4971	data/jnsq_gate0/saida_teste_math_vs_math/rebound_states.csv
4952	data/mga_v0_1/mga_nbody_validate_kdj_twobody_v0_2.summary.json
4949	data/jnsq_gate0/saida_teste_futuro/rebound_states.csv
4945	data/mga_v0_1/mga_6d_viable_multiflyby_kekj_v0_1.summary.json
4940	data/jnsq_gate0/level_a_5d_composite_best/residuals_by_body.csv
4935	data/jnsq_gate0/level_a_120d/residuals_by_body.csv
4927	data/jnsq_gate0/level_a_5d_v3_snapshot_dt5/residuals_by_body.csv
4926	data/mga_v0_1/mga_nbody_validate_kdj_patched_v0_2.summary.json
4915	data/mga_v0_1/mga_multiflyby_corrected_kekj_v0_1.csv
4883	data/jnsq_gate0/level_a_5d_v3/residuals_by_body.csv
4882	data/mga_v0_1/mission_jool_galileo_like/local/kerbin_duna_jool/local_target_kerbin_duna_jool.best.json
4880	data/mga_v0_1/mga_local_flyby_target_kdj_best_v0_1.json
4876	data/mga_v0_1/mission_jool_galileo_like/connected/kerbin_duna_jool/selected_kerbin_duna_jool.summary.json
4865	data/mga_v0_1/mission_jool_galileo_like/connected/kerbin_duna_jool/bplane_target_spec_kerbin_duna_jool.csv
4859	data/jnsq_gate0/level_a_5d_principia_native/residuals_by_body.csv
4828	data/mga_v0_1/mga_nbody_validate_kdj_v0_1.summary.json
4785	data/mga_smoke/nbody_triage_kj/rank18_KERBIN-EVE-DUNA-KERBIN-JOOL/legs/leg1_KERBIN_to_EVE/history.csv
4675	data/mga_smoke/nbody_triage_kj/rank1_KERBIN-EVE-KERBIN-KERBIN-JOOL/legs/leg4_KERBIN_to_JOOL/history.csv
4603	data/mga_smoke/kekkj_beam_resonant_v0_1.csv
4576	data/mga_v0_1/mga_refined_kdj_v0_1.csv
4522	data/final_clean_120d/phase_offset_urlum/phase_offset_summary.json
4511	data/mga_smoke/nbody_triage_kj/rank15_KERBIN-KERBIN-EVE-KERBIN-JOOL/legs/leg2_KERBIN_to_EVE/history.csv
4490	data/mga_v0_1/mission_jool_galileo_like/connected/kerbin_eve_kerbin_jool/arc_corrected_kerbin_eve_kerbin_jool.summary.json
4485	data/mga_v0_1/route_atlas/mga_route_atlas_v0_2.summary.json
4478	data/mga_v0_1/mga_multiflyby_6d_diag_kekj_v0_2.csv
4478	data/mga_v0_1/mga_multiflyby_6d_diag_kekj_v0_1.csv
4373	data/jnsq_gate0/principia_target.csv
4369	data/mga_v0_1/mission_jool_galileo_like/arc_corrected/arc_corrected_kekj_rp800_v0_1.summary.json
4365	data/mga_v0_1/mission_jool_galileo_like/final/kerbin_duna_jool/sixd_viable_kerbin_duna_jool.csv
4360	data/mga_v0_1/mission_jool_galileo_like/connected/kerbin_duna_jool/arc_corrected_kerbin_duna_jool.summary.json
4317	data/mga_v0_1/mission_jool_galileo_like/local/kerbin_duna_jool/local_target_kerbin_duna_jool.csv
4298	data/mga_v0_1/mission_jool_galileo_like/connected/kerbin_duna_jool/flyby_closure_kerbin_duna_jool.csv
4279	data/mga_v0_1/mga_selected_kekj_connected_robust_v0_1.summary.json
4267	data/mga_v0_1/mission_jool_galileo_like/selected/selected_kekj_rp800_v0_1.summary.json
4249	data/mga_v0_1/mission_jool_galileo_like/connected/kerbin_eve_kerbin_jool/bplane_packet_kerbin_eve_kerbin_jool.summary.json
4242	data/mga_v0_1/mga_selected_kekj_connected_v0_1.csv
4241	data/mga_smoke/native_leg_opt/rank1_all_legs/leg2_EVE_to_KERBIN/history.csv
4230	data/mga_v0_1/mission_jool_galileo_like/legs/neidon_lambert_scout.postprocess.summary.json
4226	data/mga_v0_1/mga_arc_corrected_kekj_v0_1.summary.json
4225	data/mga_v0_1/mission_jool_galileo_like/legs/urlum_lambert_scout.postprocess.summary.json
4225	data/mga_v0_1/mission_jool_galileo_like/legs/sarnus_lambert_scout.postprocess.summary.json
4223	data/mga_v0_1/mission_jool_galileo_like/legs/soden_lambert_scout.postprocess.summary.json
4220	data/mga_v0_1/mission_jool_galileo_like/legs/jool_lambert_scout.postprocess.summary.json
4213	data/mga_v0_1/mission_jool_galileo_like/legs/plock_lambert_scout.postprocess.summary.json
4193	data/mga_v0_1/route_atlas/mga_route_atlas_v0_1.summary.json
4171	data/mga_v0_1/mga_bplane_packet_kekj_v0_1.summary.json
4155	data/final_clean_120d/phase_diag_urlum/phase_diagnostics_summary.json
4148	data/mga_v0_1/mga_arc_corrected_connected_kdj_v0_1.summary.json
4145	data/mga_v0_1/mission_jool_galileo_like/connected/kerbin_duna_jool/bplane_packet_kerbin_duna_jool.summary.json
4140	data/mga_v0_1/galileo_legs/neidon_lambert_scout.postprocess.summary.json
4140	data/mga_v0_1/galileo_legs/kerbin_lambert_scout.postprocess.summary.json
4138	data/mga_v0_1/galileo_legs/sarnus_lambert_scout.postprocess.summary.json
4136	data/mga_v0_1/galileo_legs/urlum_lambert_scout.postprocess.summary.json
4135	data/mga_v0_1/mga_arc_corrected_kdj_v0_1.summary.json
4135	data/mga_v0_1/galileo_legs/duna_lambert_scout.postprocess.summary.json
4130	data/mga_v0_1/galileo_legs/jool_lambert_scout.postprocess.summary.json
4129	data/mga_v0_1/galileo_legs/soden_lambert_scout.postprocess.summary.json
4127	data/mga_v0_1/galileo_legs/plock_lambert_scout.postprocess.summary.json
4126	data/mga_v0_1/galileo_legs/eve_lambert_scout.postprocess.summary.json
4123	data/mga_v0_1/mga_multiflyby_corrected_kekj_v0_2.csv
4120	data/mga_v0_1/mission_jool_galileo_like/local/kerbin_duna_jool/local_validate_kerbin_duna_jool.csv
4088	data/mga_v0_1/mga_bplane_packet_kdj_v0_1.summary.json
4074	data/jnsq_gate0/best_dt_by_body.csv
4063	data/mga_v0_1/mission_jool_galileo_like/connected/kerbin_eve_kerbin_jool/bplane_target_spec_kerbin_eve_kerbin_jool.summary.json
4023	data/mga_v0_1/mga_bplane_target_spec_kekj_robust_v0_2.csv
3962	data/j2_sweep_sarnus_120d/j2_sweep_summary.csv
3956	data/mga_v0_1/mission_jool_galileo_like/connected/kerbin_duna_jool/bplane_target_spec_kerbin_duna_jool.summary.json
3925	data/j2_sweep_jool_120d/j2_sweep_summary.csv
3921	data/mga_v0_1/mga_high_fidelity_segment_packet_kdj_v0_2.summary.json
3905	data/mga_v0_1/mission_jool_galileo_like/connected/kerbin_duna_jool/bplane_packet_kerbin_duna_jool.csv
3884	data/spice_jnsq_v0_2/jnsq_principia_native_v0_2_30y_1h_deg9.metadata.json
3877	data/mga_v0_1/mga_bplane_packet_kdj_v0_1.csv
3876	data/mga_smoke/kekkj_beam_v0_1.csv
3834	data/mga_v0_1/mission_jool_galileo_like/connected/kerbin_eve_kerbin_jool/selected_kerbin_eve_kerbin_jool.csv
3819	data/mga_v0_1/mission_jool_galileo_like/bplane/bplane_packet_kekj_rp800_v0_1.summary.json
3813	data/jool_stability_80d_12h/pairwise_separations.csv
3796	data/spice_jnsq_v0_2/jnsq_principia_native_v0_2_30d_1h_deg9.metadata.json
3795	data/mga_smoke/nbody_triage_kj/rank1_KERBIN-EVE-KERBIN-KERBIN-JOOL/legs/leg3_KERBIN_to_KERBIN/history.csv
3795	data/mga_smoke/family_search_kj_v0_1/KERBIN-KERBIN-EVE-JOOL/candidates.csv
3789	data/spice_jnsq_v0_2/jnsq_principia_native_v0_2_30d_3h_deg9.metadata.json
3782	data/mga_smoke/native_leg_opt/rank1_all_legs/leg3_KERBIN_to_JOOL/history.csv
3773	data/spice_jnsq_v0_2/jnsq_principia_native_v0_2_30d.metadata.json
3757	data/mga_v0_1/legs/urlum_lambert_scout.postprocess.summary.json
3757	data/mga_v0_1/legs/sarnus_lambert_scout.postprocess.summary.json
3757	data/mga_v0_1/legs/kerbin_lambert_scout.postprocess.summary.json
3756	data/mga_v0_1/legs/neidon_lambert_scout.postprocess.summary.json
3754	data/mga_v0_1/legs/jool_lambert_scout.postprocess.summary.json
3753	data/mga_v0_1/legs/soden_lambert_scout.postprocess.summary.json
3750	data/mga_v0_1/legs/duna_lambert_scout.postprocess.summary.json
3743	data/mga_v0_1/legs/plock_lambert_scout.postprocess.summary.json
3727	data/mga_v0_1/kerbin_lambert_scout.postprocess.summary.json
3681	data/mga_v0_1/mission_jool_galileo_like/bplane/bplane_target_spec_kekj_rp800_v0_1.summary.json
3661	data/jnsq_gate0/phase_diag_kerbin/phase_diagnostics_summary.csv
3641	data/mga_smoke/nbody_triage_kj/rank12_KERBIN-EVE-KERBIN-JOOL/legs/leg1_KERBIN_to_EVE/history.csv
3638	data/mga_smoke/nbody_triage_kj/rank4_KERBIN-EVE-KERBIN-JOOL/legs/leg1_KERBIN_to_EVE/history.csv
3637	data/jnsq_gate0/phase_diag_eve/phase_diagnostics_samples.csv
3627	data/jool_stability_80d_12h/stability_samples.csv
3611	data/mga_v0_1/mga_corrected_route_packet_kdj_best_v0_1.json
3586	data/mga_v0_1/mission_jool_galileo_like/connected/kerbin_duna_jool/bplane_target_spec_kerbin_duna_jool.best.json
3575	data/mga_v0_1/mga_bplane_target_spec_kdj_best_v0_1.json
3573	data/mga_v0_1/mga_local_flyby_target_kekj_v0_1.csv
3526	data/mga_smoke/nbody_triage_kj/rank18_KERBIN-EVE-DUNA-KERBIN-JOOL/legs/leg3_DUNA_to_KERBIN/history.csv
3509	data/final_clean_120d/residual_correction_cv_pchip_s4_o3/cross_validation_summary.csv
3496	data/final_clean_120d/residual_correction_cv_linear_s4/cross_validation_summary.csv
3483	data/final_clean_120d/residual_correction_cv_pchip_s4_o0/cross_validation_summary.csv
3483	data/final_clean_120d/residual_correction_cv_pchip_s4/cross_validation_summary.csv
3481	data/mga_v0_1/mga_local_flyby_validate_kekj_v0_1.csv
3481	data/final_clean_120d/residual_correction_cv_pchip_s4_o2/cross_validation_summary.csv
3478	data/final_clean_120d/residual_correction_cv_pchip_s2/cross_validation_summary.csv
3467	data/final_clean_120d/phase_offset_heliocentric/phase_offset_summary.csv
3438	data/mga_smoke/nbody_triage_kj/rank15_KERBIN-KERBIN-EVE-KERBIN-JOOL/leg_optimizations.csv
3427	data/final_clean_120d/residual_correction_cv_pchip_s4_o1/cross_validation_summary.csv
3414	data/opm_mpe_360d/manifest.json
3407	data/mga_smoke/native_leg_opt/rank1/leg1_KERBIN_to_EVE/history.csv
3407	data/mga_smoke/native_leg_opt/rank1_all_legs/leg1_KERBIN_to_EVE/history.csv
3384	data/mga_v0_1/mga_high_fidelity_segment_packet_kdj_v0_1.csv
3375	data/final_clean_120d/residual_correction_v2_w3/before_after_by_body.csv
3360	data/spice_jnsq_v0_4_lab/jnsq_principia_native_t3_30d_rec6h_deg9_from15min_pad.ids.tpc
3360	data/spice_jnsq_v0_4_lab/jnsq_principia_native_t3_30d_rec6h_deg15_from15min_pad.ids.tpc
3360	data/spice_jnsq_v0_4_lab/jnsq_principia_native_t3_30d_rec4d_deg27_from15min_pad.ids.tpc
3360	data/spice_jnsq_v0_4_lab/jnsq_principia_native_t3_30d_rec2d_deg27_from15min_pad.ids.tpc
3360	data/spice_jnsq_v0_4_lab/jnsq_principia_native_t3_30d_rec1d_deg27_from15min_pad.ids.tpc
3360	data/spice_jnsq_v0_4_lab/jnsq_principia_native_t3_30d_rec1d_deg15_pad.ids.tpc
3360	data/spice_jnsq_v0_4_lab/jnsq_principia_native_t3_30d_rec1d_deg15.ids.tpc
3360	data/spice_jnsq_v0_4_lab/jnsq_principia_native_t3_30d_rec12h_deg21_from15min_pad.ids.tpc
3360	data/spice_jnsq_v0_4_lab/jnsq_principia_native_t3_30d_rec12h_deg17_from15min_pad.ids.tpc
3360	data/spice_jnsq_v0_3/jnsq_principia_native_v0_3_30y_1h_deg9.ids.tpc
3360	data/spice_jnsq_v0_3/jnsq_principia_native_v0_3_30d_1h_deg9.ids.tpc
3360	data/spice_jnsq_v0_3/jnsq_principia_native_v0_3_2y_1h_deg9.ids.tpc
3360	data/spice_jnsq_v0_3/jnsq_principia_native_v0_3_1000y_1h_deg9.ids.tpc
3360	data/spice_jnsq_v0_2/jnsq_principia_native_v0_2_30y_1h_deg9.ids.tpc
3360	data/spice_jnsq_v0_2/jnsq_principia_native_v0_2_30d.ids.tpc
3360	data/spice_jnsq_v0_2/jnsq_principia_native_v0_2_30d_3h_deg9.ids.tpc
3360	data/spice_jnsq_v0_2/jnsq_principia_native_v0_2_30d_1h_deg9.ids.tpc
3357	data/mga_v0_1/mga_high_fidelity_segment_packet_kdj_v0_4.summary.json
3357	data/mga_v0_1/mga_high_fidelity_segment_packet_kdj_v0_3.summary.json
3348	data/mga_smoke/nbody_triage_kj/rank1_KERBIN-EVE-KERBIN-KERBIN-JOOL/leg_optimizations.csv
3335	data/final_clean_120d/residual_correction_exact/before_after_by_body.csv
3317	data/mga_v0_1/mga_bplane_target_spec_kekj_v0_2.summary.json
3262	data/mga_smoke/nbody_triage_kj/rank18_KERBIN-EVE-DUNA-KERBIN-JOOL/leg_optimizations.csv
3250	data/mga_smoke/nbody_triage_kj/rank7_KERBIN-DUNA-KERBIN-KERBIN-JOOL/leg_optimizations.csv
3201	data/spice_v0_1_33y/opm_mpe_principia_rebound_v0_1_33y.ids.tpc
3201	data/spice_v0_1_30y/opm_mpe_test_120d_span00625.ids.tpc
3201	data/spice_v0_1_30y/opm_mpe_principia_rebound_v0_1_30y.ids.tpc
3201	data/spice_v0_1_30y/opm_mpe_principia_rebound_v0_1_30y_dense0125.ids.tpc
3201	data/opm_mpe_1y_rebound/opm_mpe_1y_true_v2_interp16.ids.tpc
3201	data/opm_mpe_1y_rebound/opm_mpe_1y_true_v2.ids.tpc
3201	data/opm_mpe_1y_rebound/opm_mpe_1y_true_v2_fixed.ids.tpc
3201	data/opm_mpe_1y_rebound/opm_mpe_1y_true_v2_1d.ids.tpc
3201	data/opm_mpe_1y_rebound/opm_mpe_1y_true.ids.tpc
3201	data/final_clean_120d/spk/opm_mpe_clean_120d.ids.tpc
3201	data/final_clean_120d/spk/opm_mpe_clean_120d_fit.ids.tpc
3191	data/mga_smoke/nbody_triage_kj/rank7_KERBIN-DUNA-KERBIN-KERBIN-JOOL/legs/leg2_DUNA_to_KERBIN/history.csv
3180	data/final_clean_120d/phase_diag_heliocentric/phase_diagnostics_summary.csv
3050	data/mga_v0_1/mga_bplane_target_spec_kdj_v0_1.csv
3044	data/mga_smoke/nbody_triage_kj/rank1_KERBIN-EVE-KERBIN-KERBIN-JOOL/flyby_audit.json
3043	data/mga_smoke/nbody_triage_kj/rank7_KERBIN-DUNA-KERBIN-KERBIN-JOOL/flyby_audit.json
3042	data/fast_opm_mpe_120d/manifest.json
3041	data/mga_smoke/nbody_triage_kj/rank18_KERBIN-EVE-DUNA-KERBIN-JOOL/flyby_audit.json
3034	data/mga_smoke/nbody_triage_kj/rank15_KERBIN-KERBIN-EVE-KERBIN-JOOL/flyby_audit.json
2985	data/mga_v0_1/mga_corrected_route_packet_kdj_v0_1.csv
2982	data/opm_mpe_120d/manifest.json
2978	data/mga_v0_1/mga_rebound_ias15_kdj_v0_4.summary.json
2978	data/mga_v0_1/mga_rebound_ias15_kdj_v0_3.summary.json
2976	data/mga_v0_1/mga_rebound_ias15_kdj_v0_2.summary.json
2973	data/opm_mpe_snapshot_v2/manifest.json
2973	data/mga_v0_1/mga_rebound_ias15_kdj_v0_1.summary.json
2933	data/mga_v0_1/mga_multiflyby_6d_diag_kekj_v0_3.summary.json
2930	data/final_clean_120d/phase_offset_jool/phase_offset_summary.csv
2918	data/mga_v0_1/mga_stitched_multiflyby_kekj_v0_1.summary.json
2898	data/final_clean_120d/phase_offset_sarnus/phase_offset_summary.csv
2837	data/final_clean_120d/butterfly_vall/butterfly_summary.csv
2830	data/mga_v0_1/mga_route_timeline_kdj_v0_1.packets.csv
2820	data/mga_v0_1/mga_multiflyby_6d_diag_kekj_v0_2.summary.json
2712	data/mga_v0_1/mga_local_flyby_target_kdj_v0_1.csv
2698	data/jnsq_gate0/phase_diag_jool/phase_diagnostics_summary.csv
2682	data/final_clean_120d/phase_diag_jool/phase_diagnostics_summary.csv
2678	data/jnsq_gate0/ksp_5d_fast/manifest.json
2675	data/jnsq_gate0/ksp_5d_slow/manifest.json
2661	data/final_clean_120d/phase_diag_sarnus/phase_diagnostics_summary.csv
2654	data/final_clean_120d/fit_phase_bodies/fitted_validation.csv
2650	data/spice_v0_1_33y/future_validation_year32/body_absolute_errors.csv
2622	data/mga_smoke/nbody_triage_kj/rank4_KERBIN-EVE-KERBIN-JOOL/leg_optimizations.csv
2612	data/mga_v0_1/mga_local_flyby_validate_kdj_v0_1.csv
2594	data/jnsq_gate0/ksp_5d_v3_raw/sample_log.csv
2587	data/jnsq_gate0/ksp_5d_from_same_anchor/sample_log.csv
2579	data/mga_v0_1/mga_rebound_ias15_kdj_best_v0_2.json
2578	data/jnsq_gate0/ksp_120d/manifest.json
2578	data/final_clean_120d/fit_sarnus_family/fitted_validation.csv
2574	data/jnsq_gate0/ksp_5d_v3/sample_log.csv
2567	data/mga_v0_1/route_atlas/mga_route_atlas_v0_2.audit.json
2562	data/mga_v0_1/mission_jool_galileo_like/legs/kerbin_lambert_scout.postprocess.summary.json
2558	data/mga_v0_1/mission_jool_galileo_like/legs/duna_lambert_scout.postprocess.summary.json
2549	data/mga_v0_1/mission_jool_galileo_like/legs/eve_lambert_scout.postprocess.summary.json
2534	data/mga_smoke/nbody_triage_kj/rank12_KERBIN-EVE-KERBIN-JOOL/leg_optimizations.csv
2533	data/mga_v0_1/mga_rebound_ias15_kdj_best_v0_4.json
2533	data/mga_v0_1/mga_rebound_ias15_kdj_best_v0_3.json
2522	data/mga_v0_1/mga_bplane_target_spec_kdj_v0_1.summary.json
2475	data/grid_search_results/ias15_1e-15_zIn_flip-z-input_zKsp_flip-z-ksp-csv_COM_no-move-to-com/manifest.json
2475	data/grid_search_results/ias15_1e-11_zIn_flip-z-input_zKsp_flip-z-ksp-csv_COM_no-move-to-com/manifest.json
2474	data/mga_smoke/kej_beam_pykep_v0_2.csv
2474	data/grid_search_results/ias15_1e-14_zIn_flip-z-input_zKsp_flip-z-ksp-csv_COM_no-move-to-com/manifest.json
2474	data/grid_search_results/ias15_1e-13_zIn_flip-z-input_zKsp_flip-z-ksp-csv_COM_no-move-to-com/manifest.json
2472	data/grid_search_results/whfast_120_zIn_flip-z-input_zKsp_flip-z-ksp-csv_COM_no-move-to-com/manifest.json
2468	data/grid_search_results/whfast_60_zIn_flip-z-input_zKsp_flip-z-ksp-csv_COM_no-move-to-com/manifest.json
2468	data/grid_search_results/whfast_30_zIn_flip-z-input_zKsp_flip-z-ksp-csv_COM_no-move-to-com/manifest.json
2468	data/grid_search_results/whfast_10_zIn_flip-z-input_zKsp_flip-z-ksp-csv_COM_no-move-to-com/manifest.json
2444	data/final_clean_120d/phase_offset_urlum/phase_offset_summary.csv
2437	data/grid_search_results/ias15_1e-15_zIn_flip-z-input_zKsp_none_COM_no-move-to-com/manifest.json
2437	data/grid_search_results/ias15_1e-11_zIn_flip-z-input_zKsp_none_COM_no-move-to-com/manifest.json
2435	data/grid_search_results/ias15_1e-14_zIn_flip-z-input_zKsp_none_COM_no-move-to-com/manifest.json
2435	data/grid_search_results/ias15_1e-13_zIn_flip-z-input_zKsp_none_COM_no-move-to-com/manifest.json
2434	data/grid_search_results/ias15_1e-13_zIn_flip-z-input_zKsp_flip-z-ksp-csv_COM_none/manifest.json
2433	data/grid_search_results/whfast_120_zIn_flip-z-input_zKsp_none_COM_no-move-to-com/manifest.json
2433	data/grid_search_results/ias15_1e-15_zIn_flip-z-input_zKsp_flip-z-ksp-csv_COM_none/manifest.json
2433	data/grid_search_results/ias15_1e-14_zIn_flip-z-input_zKsp_flip-z-ksp-csv_COM_none/manifest.json
2433	data/grid_search_results/ias15_1e-11_zIn_flip-z-input_zKsp_flip-z-ksp-csv_COM_none/manifest.json
2432	data/grid_search_results/whfast_120_zIn_flip-z-input_zKsp_flip-z-ksp-csv_COM_none/manifest.json
2430	data/grid_search_results/whfast_60_zIn_flip-z-input_zKsp_none_COM_no-move-to-com/manifest.json
2429	data/grid_search_results/whfast_30_zIn_flip-z-input_zKsp_none_COM_no-move-to-com/manifest.json
2429	data/grid_search_results/whfast_10_zIn_flip-z-input_zKsp_none_COM_no-move-to-com/manifest.json
2429	data/grid_search_results/ias15_1e-11_zIn_none_zKsp_flip-z-ksp-csv_COM_no-move-to-com/manifest.json
2428	data/grid_search_results/whfast_30_zIn_flip-z-input_zKsp_flip-z-ksp-csv_COM_none/manifest.json
2428	data/grid_search_results/ias15_1e-15_zIn_none_zKsp_flip-z-ksp-csv_COM_no-move-to-com/manifest.json
2428	data/grid_search_results/ias15_1e-14_zIn_none_zKsp_flip-z-ksp-csv_COM_no-move-to-com/manifest.json
2427	data/grid_search_results/whfast_60_zIn_flip-z-input_zKsp_flip-z-ksp-csv_COM_none/manifest.json
2426	data/grid_search_results/ias15_1e-13_zIn_none_zKsp_flip-z-ksp-csv_COM_no-move-to-com/manifest.json
2425	data/grid_search_results/whfast_10_zIn_flip-z-input_zKsp_flip-z-ksp-csv_COM_none/manifest.json
2424	data/grid_search_results/whfast_120_zIn_none_zKsp_flip-z-ksp-csv_COM_no-move-to-com/manifest.json
2421	data/grid_search_results/whfast_60_zIn_none_zKsp_flip-z-ksp-csv_COM_no-move-to-com/manifest.json
2421	data/grid_search_results/whfast_30_zIn_none_zKsp_flip-z-ksp-csv_COM_no-move-to-com/manifest.json
2421	data/grid_search_results/whfast_10_zIn_none_zKsp_flip-z-ksp-csv_COM_no-move-to-com/manifest.json
2411	data/spice_v0_1_33y/future_validation_year32/family_relative_errors.csv
2411	data/final_clean_120d/butterfly_vall/runs/0004_Vall_pos_tangential_0p001/manifest.json
2411	data/final_clean_120d/butterfly_jool/runs/0004_Vall_pos_tangential_0p001/manifest.json
2410	data/final_clean_120d/butterfly_jool/runs/0013_Tylo_pos_tangential_0p001/manifest.json
2405	data/final_clean_120d/butterfly_vall/runs/0005_Vall_pos_tangential_0p01/manifest.json
2405	data/final_clean_120d/butterfly_jool/runs/0005_Vall_pos_tangential_0p01/manifest.json
2404	data/final_clean_120d/butterfly_jool/runs/0014_Tylo_pos_tangential_0p01/manifest.json
2396	data/grid_search_results/ias15_1e-13_zIn_flip-z-input_zKsp_none_COM_none/manifest.json
2395	data/grid_search_results/ias15_1e-11_zIn_flip-z-input_zKsp_none_COM_none/manifest.json
2394	data/grid_search_results/whfast_120_zIn_flip-z-input_zKsp_none_COM_none/manifest.json
2394	data/grid_search_results/ias15_1e-14_zIn_flip-z-input_zKsp_none_COM_none/manifest.json
2393	data/grid_search_results/ias15_1e-15_zIn_flip-z-input_zKsp_none_COM_none/manifest.json
2391	data/final_clean_120d/butterfly_jool/runs/0010_Tylo_pos_radial_0p001/manifest.json
2390	data/grid_search_results/ias15_1e-11_zIn_none_zKsp_none_COM_no-move-to-com/manifest.json
2389	data/grid_search_results/whfast_30_zIn_flip-z-input_zKsp_none_COM_none/manifest.json
2389	data/grid_search_results/ias15_1e-15_zIn_none_zKsp_none_COM_no-move-to-com/manifest.json
2389	data/final_clean_120d/butterfly_vall/runs/0007_Vall_pos_normal_0p001/manifest.json
2389	data/final_clean_120d/butterfly_vall/runs/0001_Vall_pos_radial_0p001/manifest.json
2389	data/final_clean_120d/butterfly_jool/runs/0007_Vall_pos_normal_0p001/manifest.json
2389	data/final_clean_120d/butterfly_jool/runs/0001_Vall_pos_radial_0p001/manifest.json
2388	data/grid_search_results/whfast_60_zIn_flip-z-input_zKsp_none_COM_none/manifest.json
2388	data/grid_search_results/ias15_1e-14_zIn_none_zKsp_none_COM_no-move-to-com/manifest.json
2388	data/grid_search_results/ias15_1e-13_zIn_none_zKsp_none_COM_no-move-to-com/manifest.json
2388	data/grid_search_results/ias15_1e-13_zIn_none_zKsp_flip-z-ksp-csv_COM_none/manifest.json
2387	data/grid_search_results/ias15_1e-14_zIn_none_zKsp_flip-z-ksp-csv_COM_none/manifest.json
2387	data/grid_search_results/ias15_1e-11_zIn_none_zKsp_flip-z-ksp-csv_COM_none/manifest.json
2386	data/grid_search_results/whfast_120_zIn_none_zKsp_flip-z-ksp-csv_COM_none/manifest.json
2386	data/grid_search_results/whfast_10_zIn_flip-z-input_zKsp_none_COM_none/manifest.json
2386	data/final_clean_120d/butterfly_vall/runs/0008_Vall_pos_normal_0p01/manifest.json
2386	data/final_clean_120d/butterfly_jool/runs/0008_Vall_pos_normal_0p01/manifest.json
2385	data/grid_search_results/whfast_120_zIn_none_zKsp_none_COM_no-move-to-com/manifest.json
2385	data/final_clean_120d/butterfly_jool/runs/0011_Tylo_pos_radial_0p01/manifest.json
2385	data/final_clean_120d/butterfly_jool/runs/0002_Vall_pos_radial_0p01/manifest.json
2384	data/final_clean_120d/butterfly_vall/runs/0002_Vall_pos_radial_0p01/manifest.json
2383	data/grid_search_results/ias15_1e-15_zIn_none_zKsp_flip-z-ksp-csv_COM_none/manifest.json
2382	data/grid_search_results/whfast_60_zIn_none_zKsp_none_COM_no-move-to-com/manifest.json
2382	data/grid_search_results/whfast_30_zIn_none_zKsp_none_COM_no-move-to-com/manifest.json
2382	data/grid_search_results/whfast_10_zIn_none_zKsp_none_COM_no-move-to-com/manifest.json
2381	data/grid_search_results/whfast_30_zIn_none_zKsp_flip-z-ksp-csv_COM_none/manifest.json
2380	data/grid_search_results/whfast_60_zIn_none_zKsp_flip-z-ksp-csv_COM_none/manifest.json
2378	data/grid_search_results/whfast_10_zIn_none_zKsp_flip-z-ksp-csv_COM_none/manifest.json
2371	data/final_clean_120d/butterfly_jool/runs/0012_Tylo_pos_radial_1/manifest.json
2371	data/final_clean_120d/butterfly_jool/runs/0006_Vall_pos_tangential_1/manifest.json
2370	data/final_clean_120d/butterfly_vall/runs/0009_Vall_pos_normal_1/manifest.json
2370	data/final_clean_120d/butterfly_vall/runs/0006_Vall_pos_tangential_1/manifest.json
2370	data/final_clean_120d/butterfly_vall/runs/0003_Vall_pos_radial_1/manifest.json
2370	data/final_clean_120d/butterfly_jool/runs/0003_Vall_pos_radial_1/manifest.json
2369	data/final_clean_120d/butterfly_jool/runs/0009_Vall_pos_normal_1/manifest.json
2360	data/jnsq_gate0/ephem_chunks_1000y_1h/manifest.json
2358	data/jnsq_gate0/ephem_chunks_30y_1h/manifest.json
2357	data/jnsq_gate0/ephem_chunks_2y_1h/manifest.json
2355	data/jnsq_gate0/ephem_chunks_31d_1h/manifest.json
2355	data/jnsq_gate0/ephem_chunks_30d_1h/manifest.json
2354	data/jnsq_gate0/ephem_chunks_32d_15min/manifest.json
2354	data/jnsq_gate0/ephem_chunks_31d_15min/manifest.json
2348	data/grid_search_results/ias15_1e-13_zIn_none_zKsp_none_COM_none/manifest.json
2348	data/grid_search_results/ias15_1e-11_zIn_none_zKsp_none_COM_none/manifest.json
2347	data/grid_search_results/ias15_1e-14_zIn_none_zKsp_none_COM_none/manifest.json
2346	data/grid_search_results/whfast_120_zIn_none_zKsp_none_COM_none/manifest.json
2346	data/final_clean_120d/level_a_fit_sarnus_family/manifest.json
2345	data/grid_search_results/ias15_1e-15_zIn_none_zKsp_none_COM_none/manifest.json
2342	data/grid_search_results/whfast_30_zIn_none_zKsp_none_COM_none/manifest.json
2341	data/grid_search_results/whfast_60_zIn_none_zKsp_none_COM_none/manifest.json
2340	data/final_clean_120d/level_a_fit_urlum_family/manifest.json
2339	data/grid_search_results/whfast_10_zIn_none_zKsp_none_COM_none/manifest.json
2339	data/final_clean_120d/level_a_fit_phase_bodies/manifest.json
2323	data/final_clean_120d/level_a_whfast_dt120/manifest.json
2319	data/mga_v0_1/mga_rebound_ias15_kdj_best_v0_1.json
2310	data/final_clean_120d/level_a_mercurius/manifest.json
2303	data/final_clean_120d/level_a_saba_dt10/manifest.json
2292	data/mga_v0_1/mission_jool_galileo_like/local/kerbin_eve_kerbin_jool/stitched_multiflyby_kerbin_eve_kerbin_jool.csv
2288	data/mga_v0_1/mga_stitched_kdj_v0_1.csv
2285	data/mga_v0_1/mission_jool_galileo_like/finalized/finalized_multiflyby_kekj_rp800_v0_2.csv
2285	data/level_a_rebound_vs_ksp_1y_cropped/manifest.json
2263	data/final_clean_120d/level_a_manifest.json
2263	data/clean_level_a_120d_cropped/manifest.json
2253	data/mga_v0_1/mission_jool_galileo_like/sixd/selected_b6d_kekj_rp800_v0_2.csv
2243	data/final_clean_120d/phase_diag_urlum/phase_diagnostics_summary.csv
2240	data/final_clean_120d/fit_urlum_family/fitted_validation.csv
2229	data/mga_smoke/nbody_triage_kj/rank4_KERBIN-EVE-KERBIN-JOOL/flyby_audit.json
2229	data/mga_smoke/nbody_triage_kj/rank12_KERBIN-EVE-KERBIN-JOOL/flyby_audit.json
2228	data/mga_v0_1/mission_jool_galileo_like/selected/selected_kekj_rp800_v0_1.csv
2227	data/mga_v0_1/mga_selected_kekj_connected_robust_v0_1.csv
2226	data/jnsq_gate0/level_a_5d_principia_current_m55/manifest.json
2225	data/jnsq_gate0/level_a_5d_principia_current_p55/manifest.json
2224	data/mga_smoke/nbody_triage_kj/rank4_KERBIN-EVE-KERBIN-JOOL/legs/leg3_KERBIN_to_JOOL/history.csv
2211	data/level_a_rebound_vs_ksp_1y/manifest.json
2207	data/clean_level_a_120d/manifest.json
2202	data/jnsq_gate0/level_a_5d_principia_current/manifest.json
2188	data/level_a_poly7_dt120/manifest.json
2184	data/level_a_dt120/manifest.json
2183	data/mga_v0_1/mission_jool_galileo_like/connected/kerbin_duna_jool/selected_kerbin_duna_jool.csv
2179	data/level_a_dt10/manifest.json
2176	data/level_a_dt30/manifest.json
2176	data/jnsq_gate0/level_a_5d_principia_native/manifest.json
2161	data/final_clean_120d/fit_phase_bodies/baseline_validation.csv
2157	data/jnsq_gate0/level_a_5d_absolute_zero/manifest.json
2153	data/mga_smoke/native_flyby_audit/rank1_corrected_flyby_audit.json
2151	data/mga_v0_1/mission_jool_galileo_like/local/kerbin_duna_jool/stitched_multiflyby_kerbin_duna_jool.csv
2138	data/level_a_v3/manifest.json
2121	data/jnsq_gate0/level_a_dt56/manifest.json
2121	data/jnsq_gate0/level_a_dt55/manifest.json
2121	data/jnsq_gate0/level_a_dt50/manifest.json
2120	data/jnsq_gate0/level_a_dt60/manifest.json
2120	data/jnsq_gate0/level_a_dt52/manifest.json
2119	data/jnsq_gate0/level_a_dt58/manifest.json
2119	data/jnsq_gate0/level_a_dt54/manifest.json
2119	data/jnsq_gate0/level_a_dt45/manifest.json
2116	data/jnsq_gate0/level_a_5d_v3_snapshot_dt240/manifest.json
2116	data/jnsq_gate0/level_a_5d_v3_snapshot_dt180/manifest.json
2113	data/jnsq_gate0/level_a_5d_v3_snapshot_dt120/manifest.json
2113	data/jnsq_gate0/level_a_5d_composite_best/manifest.json
2110	data/jnsq_gate0/level_a_5d_v3_snapshot_dt90/manifest.json
2110	data/jnsq_gate0/level_a_5d_v3_snapshot_dt45/manifest.json
2109	data/jnsq_gate0/level_a_5d_v3_snapshot_dt20/manifest.json
2108	data/jnsq_gate0/level_a_5d_v3_snapshot_dt60/manifest.json
2108	data/jnsq_gate0/level_a_5d_v3_snapshot_dt30/manifest.json
2108	data/jnsq_gate0/level_a_5d_v3_snapshot_dt15/manifest.json
2107	data/jnsq_gate0/level_a_5d_v3_snapshot_dt10/manifest.json
2104	data/jnsq_gate0/level_a_120d_game_no_outliers/manifest.json
2101	data/jnsq_gate0/level_a_5d_v3_snapshot_dt5/manifest.json
2097	data/jnsq_gate0/level_a_5d_slow_drop_first/manifest.json
2091	data/mga_v0_1/mga_stitched_corrected_kdj_v0_1.csv
2084	data/mga_v0_1/mission_jool_galileo_like/stitched/stitched_multiflyby_kekj_rp800_v0_1.csv
2072	data/jnsq_gate0/saida_teste_math_vs_math/manifest.json
2062	data/jnsq_gate0/level_a_5d_v3_raw/manifest.json
2058	data/jnsq_gate0/saida_teste_futuro/manifest.json
2052	data/jnsq_gate0/level_a_120d_game/manifest.json
2042	data/jnsq_gate0/level_a_5d_v3/manifest.json
2042	data/jnsq_gate0/level_a_5d_fast/manifest.json
2040	data/jnsq_gate0/level_a_5d_slow/manifest.json
2029	data/jnsq_gate0/level_a_120d/manifest.json
2023	data/jnsq_gate0/saida_teste/manifest.json
1995	data/mga_smoke/native_target_audit/seed43_leg1_target_transform_audit.csv
1988	data/j2_sweep_sarnus_120d/j2_sweep_manifest.json
1988	data/final_clean_120d/fit_sarnus_family/before_after.csv
1984	data/mga_v0_1/mga_stitched_validate_kdj_v0_1.csv
1973	data/j2_sweep_jool_120d/j2_sweep_manifest.json
1944	data/mga_v0_1/mga_bplane_target_spec_kekj_robust_v0_2.summary.json
1936	data/mga_v0_1/route_atlas/query_jool_routes_v0_2.csv
1936	data/mga_v0_1/route_atlas/query_jool_routes_v0_2_all_classes.csv
1923	data/mga_smoke/family_search_kj_v0_1/KERBIN-EVE-DUNA-JOOL/candidates.csv
1920	data/mga_smoke/family_search_kj_v0_1/KERBIN-EVE-JOOL/candidates.csv
1894	data/final_clean_120d/fit_phase_bodies/before_after.csv
1887	data/mga_v0_1/mga_local_flyby_validate_kdj_best_v0_1.summary.json
1880	data/mga_v0_1/mga_6d_viable_multiflyby_kekj_v0_1.csv
1872	data/jnsq_gate0/ksp_static_check/manifest.json
1870	data/mga_v0_1/mga_high_fidelity_segment_packet_kdj_best_v0_1.json
1861	data/level_a_poly7_dt120/energy.csv
1859	data/level_a_dt120/energy.csv
1858	data/level_a_rebound_vs_ksp_1y_cropped/energy.csv
1857	data/level_a_rebound_vs_ksp_1y/energy.csv
1857	data/level_a_dt30/energy.csv
1854	data/level_a_dt10/energy.csv
1853	data/level_a_v3/energy.csv
1827	data/mga_smoke/nbody_triage_kj/rank1_KERBIN-EVE-KERBIN-KERBIN-JOOL/legs/leg1_KERBIN_to_EVE/history.csv
1799	data/mga_smoke/nbody_triage_kj/rank15_KERBIN-KERBIN-EVE-KERBIN-JOOL/legs/leg3_EVE_to_KERBIN/history.csv
1795	data/mga_v0_1/route_atlas/mga_route_atlas_v0_2.csv
1766	data/final_clean_120d/fit_sarnus_family/baseline_validation.csv
1708	data/final_clean_120d/fit_urlum_family/before_after.csv
1682	data/mga_v0_1/mga_stitched_validate_kdj_best_v0_1.summary.json
1668	data/mga_smoke/native_leg_opt/rank1_all_legs_summary.csv
1636	data/mga_v0_1/route_atlas/mga_route_atlas_v0_1.csv
1623	data/mga_v0_1/mga_multiflyby_corrected_packet_kekj_v0_2.summary.json
1620	data/mga_v0_1/mission_jool_galileo_like/finalized/finalized_multiflyby_kekj_rp800_v0_2.summary.json
1583	data/mga_v0_1/mga_high_fidelity_segment_packet_kdj_v0_2.csv
1563	data/mga_smoke/nbody_triage_kj/rank18_KERBIN-EVE-DUNA-KERBIN-JOOL/bridge_fb3_result.json
1561	data/mga_smoke/nbody_triage_kj/rank18_KERBIN-EVE-DUNA-KERBIN-JOOL/bridge_fb2_result.json
1557	data/mga_smoke/nbody_triage_kj/rank18_KERBIN-EVE-DUNA-KERBIN-JOOL/bridge_fb1_result.json
1545	data/mga_smoke/nbody_triage_kj/rank12_KERBIN-EVE-KERBIN-JOOL/bridge_fb2_result.json
1542	data/mga_smoke/nbody_triage_kj/rank4_KERBIN-EVE-KERBIN-JOOL/bridge_fb2_result.json
1539	data/mga_smoke/nbody_triage_kj/rank12_KERBIN-EVE-KERBIN-JOOL/bridge_fb1_result.json
1538	data/mga_smoke/nbody_triage_kj/rank4_KERBIN-EVE-KERBIN-JOOL/bridge_fb1_result.json
1534	data/spice_v0_1_33y/target_policy_v0_1.json
1524	data/final_clean_120d/fit_urlum_family/baseline_validation.csv
1493	data/mga_smoke/powered_bridge/eve_periapsis_first_80000/result.json
1477	data/mga_smoke/powered_bridge/eve_periapsis_first_40000/result.json
1450	data/mga_smoke/powered_bridge/eve_rank1_result.json
1443	data/mga_smoke/powered_bridge/eve_walk_60000/result.json
1440	data/mga_v0_1/mission_jool_galileo_like/diagnostics_v2/legs_file_audit_v2.csv
1433	data/mga_smoke/powered_bridge/eve_walk_40000/result.json
1425	data/mga_v0_1/route_atlas/query_jool_routes_v0_1.csv
1386	data/mga_v0_1/mission_jool_galileo_like/diagnostics/legs_file_audit.csv
1374	data/mga_v0_1/mga_multiflyby_corrected_packet_kekj_v0_1.summary.json
1356	data/mga_v0_1/route_atlas/mga_route_atlas_v0_2.audit.csv
1348	data/mga_v0_1/mission_jool_galileo_like/b6d_final/b6d_route_packet_kekj_rp800_v0_1.csv
1285	data/mga_v0_1/mga_stitched_kdj_best_v0_1.summary.json
1227	data/mga_v0_1/mga_local_flyby_target_kdj_best_v0_1.summary.json
1169	data/mga_v0_1/mga_multiflyby_corrected_packet_kekj_v0_2.csv
1161	data/jnsq_gate0/ksp_5d_from_same_anchor/manifest.json
1140	data/mga_smoke/nbody_triage_kj/rank1_KERBIN-EVE-KERBIN-KERBIN-JOOL/flyby_audit.csv
1138	data/mga_smoke/nbody_triage_kj/rank18_KERBIN-EVE-DUNA-KERBIN-JOOL/flyby_audit.csv
1138	data/jnsq_gate0/ksp_instant_sample/manifest.json
1137	data/mga_smoke/nbody_triage_kj/rank7_KERBIN-DUNA-KERBIN-KERBIN-JOOL/flyby_audit.csv
1135	data/jnsq_gate0/snapshot_principia_native_report.csv
1128	data/mga_smoke/nbody_triage_kj/rank15_KERBIN-KERBIN-EVE-KERBIN-JOOL/flyby_audit.csv
1126	data/jnsq_gate0/ksp_future_paused/manifest.json
1117	data/jnsq_gate0/ksp_5d_canonical/manifest.json
1105	data/final_clean_120d/residual_correction_v2_w5/correction_manifest.json
1105	data/final_clean_120d/residual_correction_v2_w3/correction_manifest.json
1105	data/final_clean_120d/residual_correction_v1/correction_manifest.json
1104	data/jnsq_gate0/ksp_5d_v3_raw/manifest.json
1103	data/final_clean_120d/residual_correction_exact/correction_manifest.json
1092	data/mga_v0_1/body_catalog_v0_1.krpc.csv
1087	data/jnsq_gate0/ksp_5d_v3/manifest.json
1060	data/mga_v0_1/mga_stitched_multiflyby_kekj_v0_1.csv
1025	data/jnsq_gate0/phase_diag_eve/phase_diagnostics_summary.json
1024	data/jnsq_gate0/ksp_static_check/sample_log.csv
1019	data/spice_v0_1_33y/future_validation_year32/validation_manifest.json
1019	data/mga_v0_1/mga_high_fidelity_segment_packet_kdj_v0_4.csv
1019	data/mga_v0_1/mga_high_fidelity_segment_packet_kdj_v0_3.csv
942	data/mga_v0_1/body_catalog_v0_1.ksp_patched.csv
926	data/mga_v0_1/mission_jool_galileo_like/diagnostics_v2/beam_jool_family_rank_v2.csv
921	data/mga_v0_1/mission_jool_galileo_like/diagnostics_v2/beam_routes.sequence_summary_top20_v2.csv
882	data/mga_v0_1/mga_multiflyby_corrected_packet_kekj_best_v0_2.json
881	data/mga_v0_1/mission_jool_galileo_like/finalized/finalized_multiflyby_kekj_rp800_best_v0_2.json
863	data/mga_smoke/nbody_triage_kj/rank4_KERBIN-EVE-KERBIN-JOOL/flyby_audit.csv
861	data/mga_smoke/nbody_triage_kj/rank12_KERBIN-EVE-KERBIN-JOOL/flyby_audit.csv
852	data/mga_smoke/native_flyby_audit/rank1_corrected_flyby_audit.csv
835	data/mga_v0_1/mga_multiflyby_corrected_packet_kekj_v0_1.csv
817	data/mga_v0_1/mga_rebound_ias15_kdj_v0_4.csv
817	data/mga_v0_1/mga_rebound_ias15_kdj_v0_3.csv
816	data/mga_v0_1/mga_rebound_ias15_kdj_v0_2.csv
814	data/mga_v0_1/mga_rebound_ias15_kdj_v0_1.csv
793	data/jnsq_gate0/phase_diag_eve/phase_diagnostics_summary.csv
751	data/mga_smoke/native_leg_opt/rank1_leg_optimizations.csv
740	data/mga_v0_1/mga_local_flyby_target_kdj_best_v0_1.csv
727	data/mga_smoke/native_target_audit/seed43_leg1_inverse_transform.csv
722	data/mga_smoke/native_target_audit/rank1_leg1_inverse_transform.csv
719	data/mga_v0_1/mga_local_flyby_validate_kdj_best_v0_1.csv
699	data/jnsq_gate0/snapshot_principia_native.json
697	data/mga_v0_1/mga_multiflyby_corrected_packet_kekj_best_v0_1.json
697	data/clean_level_a_120d_cropped/energy.csv
695	data/clean_level_a_120d/energy.csv
691	data/jnsq_gate0/level_a_120d/energy.csv
690	data/grid_search_results/ias15_1e-11_zIn_none_zKsp_none_COM_no-move-to-com/energy.csv
690	data/grid_search_results/ias15_1e-11_zIn_none_zKsp_flip-z-ksp-csv_COM_no-move-to-com/energy.csv
690	data/grid_search_results/ias15_1e-11_zIn_flip-z-input_zKsp_none_COM_no-move-to-com/energy.csv
690	data/grid_search_results/ias15_1e-11_zIn_flip-z-input_zKsp_flip-z-ksp-csv_COM_no-move-to-com/energy.csv
690	data/final_clean_120d/butterfly_jool/runs/0014_Tylo_pos_tangential_0p01/energy.csv
690	data/final_clean_120d/butterfly_jool/runs/0011_Tylo_pos_radial_0p01/energy.csv
689	data/grid_search_results/ias15_1e-13_zIn_none_zKsp_none_COM_no-move-to-com/energy.csv
689	data/grid_search_results/ias15_1e-13_zIn_none_zKsp_flip-z-ksp-csv_COM_no-move-to-com/energy.csv
689	data/grid_search_results/ias15_1e-13_zIn_flip-z-input_zKsp_none_COM_no-move-to-com/energy.csv
689	data/grid_search_results/ias15_1e-13_zIn_flip-z-input_zKsp_flip-z-ksp-csv_COM_no-move-to-com/energy.csv
689	data/final_clean_120d/level_a_saba_dt10/energy.csv
689	data/final_clean_120d/butterfly_vall/runs/0008_Vall_pos_normal_0p01/energy.csv
689	data/final_clean_120d/butterfly_vall/runs/0007_Vall_pos_normal_0p001/energy.csv
689	data/final_clean_120d/butterfly_vall/runs/0006_Vall_pos_tangential_1/energy.csv
689	data/final_clean_120d/butterfly_vall/runs/0004_Vall_pos_tangential_0p001/energy.csv
689	data/final_clean_120d/butterfly_vall/runs/0002_Vall_pos_radial_0p01/energy.csv
689	data/final_clean_120d/butterfly_jool/runs/0008_Vall_pos_normal_0p01/energy.csv
689	data/final_clean_120d/butterfly_jool/runs/0007_Vall_pos_normal_0p001/energy.csv
689	data/final_clean_120d/butterfly_jool/runs/0006_Vall_pos_tangential_1/energy.csv
689	data/final_clean_120d/butterfly_jool/runs/0004_Vall_pos_tangential_0p001/energy.csv
689	data/final_clean_120d/butterfly_jool/runs/0002_Vall_pos_radial_0p01/energy.csv
688	data/grid_search_results/whfast_60_zIn_none_zKsp_none_COM_no-move-to-com/energy.csv
688	data/grid_search_results/whfast_60_zIn_none_zKsp_flip-z-ksp-csv_COM_no-move-to-com/energy.csv
688	data/grid_search_results/whfast_60_zIn_flip-z-input_zKsp_none_COM_no-move-to-com/energy.csv
688	data/grid_search_results/whfast_60_zIn_flip-z-input_zKsp_flip-z-ksp-csv_COM_no-move-to-com/energy.csv
688	data/grid_search_results/whfast_10_zIn_none_zKsp_none_COM_no-move-to-com/energy.csv
688	data/grid_search_results/whfast_10_zIn_none_zKsp_flip-z-ksp-csv_COM_no-move-to-com/energy.csv
688	data/grid_search_results/whfast_10_zIn_flip-z-input_zKsp_none_COM_no-move-to-com/energy.csv
688	data/grid_search_results/whfast_10_zIn_flip-z-input_zKsp_flip-z-ksp-csv_COM_no-move-to-com/energy.csv
688	data/grid_search_results/ias15_1e-15_zIn_none_zKsp_none_COM_no-move-to-com/energy.csv
688	data/grid_search_results/ias15_1e-15_zIn_none_zKsp_flip-z-ksp-csv_COM_no-move-to-com/energy.csv
688	data/grid_search_results/ias15_1e-15_zIn_flip-z-input_zKsp_none_COM_no-move-to-com/energy.csv
688	data/grid_search_results/ias15_1e-15_zIn_flip-z-input_zKsp_flip-z-ksp-csv_COM_no-move-to-com/energy.csv
688	data/grid_search_results/ias15_1e-14_zIn_none_zKsp_none_COM_no-move-to-com/energy.csv
688	data/grid_search_results/ias15_1e-14_zIn_none_zKsp_flip-z-ksp-csv_COM_no-move-to-com/energy.csv
688	data/grid_search_results/ias15_1e-14_zIn_flip-z-input_zKsp_none_COM_no-move-to-com/energy.csv
688	data/grid_search_results/ias15_1e-14_zIn_flip-z-input_zKsp_flip-z-ksp-csv_COM_no-move-to-com/energy.csv
688	data/grid_search_results/ias15_1e-13_zIn_none_zKsp_none_COM_none/energy.csv
688	data/grid_search_results/ias15_1e-13_zIn_none_zKsp_flip-z-ksp-csv_COM_none/energy.csv
688	data/grid_search_results/ias15_1e-13_zIn_flip-z-input_zKsp_none_COM_none/energy.csv
688	data/grid_search_results/ias15_1e-13_zIn_flip-z-input_zKsp_flip-z-ksp-csv_COM_none/energy.csv
688	data/grid_search_results/ias15_1e-11_zIn_none_zKsp_none_COM_none/energy.csv
688	data/grid_search_results/ias15_1e-11_zIn_none_zKsp_flip-z-ksp-csv_COM_none/energy.csv
688	data/grid_search_results/ias15_1e-11_zIn_flip-z-input_zKsp_none_COM_none/energy.csv
688	data/grid_search_results/ias15_1e-11_zIn_flip-z-input_zKsp_flip-z-ksp-csv_COM_none/energy.csv
688	data/final_clean_120d/level_a_fit_urlum_family/energy.csv
688	data/final_clean_120d/butterfly_vall/runs/0009_Vall_pos_normal_1/energy.csv
688	data/final_clean_120d/butterfly_vall/runs/0003_Vall_pos_radial_1/energy.csv
688	data/final_clean_120d/butterfly_jool/runs/0013_Tylo_pos_tangential_0p001/energy.csv
688	data/final_clean_120d/butterfly_jool/runs/0012_Tylo_pos_radial_1/energy.csv
688	data/final_clean_120d/butterfly_jool/runs/0010_Tylo_pos_radial_0p001/energy.csv
688	data/final_clean_120d/butterfly_jool/runs/0009_Vall_pos_normal_1/energy.csv
688	data/final_clean_120d/butterfly_jool/runs/0003_Vall_pos_radial_1/energy.csv
687	data/grid_search_results/whfast_30_zIn_none_zKsp_none_COM_no-move-to-com/energy.csv
687	data/grid_search_results/whfast_30_zIn_none_zKsp_flip-z-ksp-csv_COM_no-move-to-com/energy.csv
687	data/grid_search_results/whfast_30_zIn_flip-z-input_zKsp_none_COM_no-move-to-com/energy.csv
687	data/grid_search_results/whfast_30_zIn_flip-z-input_zKsp_flip-z-ksp-csv_COM_no-move-to-com/energy.csv
687	data/grid_search_results/whfast_120_zIn_none_zKsp_none_COM_none/energy.csv
687	data/grid_search_results/whfast_120_zIn_none_zKsp_flip-z-ksp-csv_COM_none/energy.csv
687	data/grid_search_results/whfast_120_zIn_flip-z-input_zKsp_none_COM_none/energy.csv
687	data/grid_search_results/whfast_120_zIn_flip-z-input_zKsp_flip-z-ksp-csv_COM_none/energy.csv
687	data/grid_search_results/ias15_1e-14_zIn_none_zKsp_none_COM_none/energy.csv
687	data/grid_search_results/ias15_1e-14_zIn_none_zKsp_flip-z-ksp-csv_COM_none/energy.csv
687	data/grid_search_results/ias15_1e-14_zIn_flip-z-input_zKsp_none_COM_none/energy.csv
687	data/grid_search_results/ias15_1e-14_zIn_flip-z-input_zKsp_flip-z-ksp-csv_COM_none/energy.csv
687	data/final_clean_120d/level_a_whfast_dt120/energy.csv
687	data/final_clean_120d/level_a_fit_sarnus_family/energy.csv
687	data/final_clean_120d/butterfly_vall/runs/0001_Vall_pos_radial_0p001/energy.csv
687	data/final_clean_120d/butterfly_jool/runs/0001_Vall_pos_radial_0p001/energy.csv
686	data/grid_search_results/whfast_30_zIn_none_zKsp_none_COM_none/energy.csv
686	data/grid_search_results/whfast_30_zIn_none_zKsp_flip-z-ksp-csv_COM_none/energy.csv
686	data/grid_search_results/whfast_30_zIn_flip-z-input_zKsp_none_COM_none/energy.csv
686	data/grid_search_results/whfast_30_zIn_flip-z-input_zKsp_flip-z-ksp-csv_COM_none/energy.csv
686	data/grid_search_results/ias15_1e-15_zIn_none_zKsp_none_COM_none/energy.csv
686	data/grid_search_results/ias15_1e-15_zIn_none_zKsp_flip-z-ksp-csv_COM_none/energy.csv
686	data/grid_search_results/ias15_1e-15_zIn_flip-z-input_zKsp_none_COM_none/energy.csv
686	data/grid_search_results/ias15_1e-15_zIn_flip-z-input_zKsp_flip-z-ksp-csv_COM_none/energy.csv
686	data/final_clean_120d/level_a_mercurius/energy.csv
686	data/final_clean_120d/butterfly_vall/runs/0005_Vall_pos_tangential_0p01/energy.csv
686	data/final_clean_120d/butterfly_jool/runs/0005_Vall_pos_tangential_0p01/energy.csv
685	data/grid_search_results/whfast_60_zIn_none_zKsp_none_COM_none/energy.csv
685	data/grid_search_results/whfast_60_zIn_none_zKsp_flip-z-ksp-csv_COM_none/energy.csv
685	data/grid_search_results/whfast_60_zIn_flip-z-input_zKsp_none_COM_none/energy.csv
685	data/grid_search_results/whfast_60_zIn_flip-z-input_zKsp_flip-z-ksp-csv_COM_none/energy.csv
685	data/grid_search_results/whfast_10_zIn_none_zKsp_none_COM_none/energy.csv
685	data/grid_search_results/whfast_10_zIn_none_zKsp_flip-z-ksp-csv_COM_none/energy.csv
685	data/grid_search_results/whfast_10_zIn_flip-z-input_zKsp_none_COM_none/energy.csv
685	data/grid_search_results/whfast_10_zIn_flip-z-input_zKsp_flip-z-ksp-csv_COM_none/energy.csv
685	data/final_clean_120d/level_a_fit_phase_bodies/energy.csv
683	data/grid_search_results/whfast_120_zIn_none_zKsp_none_COM_no-move-to-com/energy.csv
683	data/grid_search_results/whfast_120_zIn_none_zKsp_flip-z-ksp-csv_COM_no-move-to-com/energy.csv
683	data/grid_search_results/whfast_120_zIn_flip-z-input_zKsp_none_COM_no-move-to-com/energy.csv
683	data/grid_search_results/whfast_120_zIn_flip-z-input_zKsp_flip-z-ksp-csv_COM_no-move-to-com/energy.csv
642	data/mga_v0_1/mga_stitched_kdj_best_v0_1.csv
618	data/mga_smoke/powered_bridge/eve_rank1/eval_00039/output.csv
618	data/mga_smoke/powered_bridge/eve_rank1/eval_00035/output.csv
618	data/mga_smoke/powered_bridge/eve_rank1/eval_00029/output.csv
618	data/mga_smoke/powered_bridge/eve_rank1/eval_00028/output.csv
618	data/mga_smoke/powered_bridge/eve_rank1/eval_00026/output.csv
617	data/mga_smoke/powered_bridge/eve_rank1/eval_00040/output.csv
617	data/mga_smoke/powered_bridge/eve_rank1/eval_00038/output.csv
617	data/mga_smoke/powered_bridge/eve_rank1/eval_00037/output.csv
617	data/mga_smoke/powered_bridge/eve_rank1/eval_00034/output.csv
616	data/mga_smoke/powered_bridge/eve_rank1/eval_00033/output.csv
616	data/mga_smoke/powered_bridge/eve_rank1/eval_00025/output.csv
615	data/mga_smoke/powered_bridge/eve_rank1/eval_00059/output.csv
615	data/mga_smoke/powered_bridge/eve_rank1/eval_00055/output.csv
615	data/mga_smoke/powered_bridge/eve_rank1/eval_00054/output.csv
615	data/mga_smoke/powered_bridge/eve_rank1/eval_00049/output.csv
615	data/mga_smoke/powered_bridge/eve_rank1/eval_00042/output.csv
615	data/mga_smoke/powered_bridge/eve_rank1/eval_00032/output.csv
615	data/mga_smoke/powered_bridge/eve_rank1/eval_00031/output.csv
615	data/mga_smoke/powered_bridge/eve_rank1/eval_00030/output.csv
615	data/mga_smoke/powered_bridge/eve_rank1/eval_00027/output.csv
615	data/mga_smoke/powered_bridge/eve_rank1/eval_00022/output.csv
615	data/mga_smoke/powered_bridge/eve_rank1/eval_00016/output.csv
615	data/mga_smoke/powered_bridge/eve_rank1/eval_00015/output.csv
614	data/mga_smoke/powered_bridge/eve_rank1/eval_00058/output.csv
614	data/mga_smoke/powered_bridge/eve_rank1/eval_00048/output.csv
614	data/mga_smoke/powered_bridge/eve_rank1/eval_00047/output.csv
614	data/mga_smoke/powered_bridge/eve_rank1/eval_00045/output.csv
614	data/mga_smoke/powered_bridge/eve_rank1/eval_00036/output.csv
614	data/mga_smoke/powered_bridge/eve_rank1/eval_00024/output.csv
614	data/mga_smoke/powered_bridge/eve_rank1/eval_00020/output.csv
614	data/mga_smoke/powered_bridge/eve_rank1/eval_00014/output.csv
614	data/mga_smoke/powered_bridge/eve_rank1/eval_00013/output.csv
614	data/mga_smoke/powered_bridge/eve_rank1/eval_00012/output.csv
614	data/mga_smoke/powered_bridge/eve_rank1/eval_00011/output.csv
614	data/mga_smoke/powered_bridge/eve_rank1/eval_00005/output.csv
613	data/mga_smoke/powered_bridge/eve_rank1/eval_00057/output.csv
613	data/mga_smoke/powered_bridge/eve_rank1/eval_00052/output.csv
613	data/mga_smoke/powered_bridge/eve_rank1/eval_00051/output.csv
613	data/mga_smoke/powered_bridge/eve_rank1/eval_00046/output.csv
613	data/mga_smoke/powered_bridge/eve_rank1/eval_00044/output.csv
613	data/mga_smoke/powered_bridge/eve_rank1/eval_00043/output.csv
613	data/mga_smoke/powered_bridge/eve_rank1/eval_00023/output.csv
613	data/mga_smoke/powered_bridge/eve_rank1/eval_00019/output.csv
613	data/mga_smoke/powered_bridge/eve_rank1/eval_00018/output.csv
613	data/mga_smoke/powered_bridge/eve_rank1/eval_00009/output.csv
613	data/mga_smoke/powered_bridge/eve_rank1/eval_00008/output.csv
613	data/mga_smoke/powered_bridge/eve_rank1/eval_00004/output.csv
613	data/mga_smoke/powered_bridge/eve_rank1/eval_00001/output.csv
612	data/mga_smoke/powered_bridge/eve_rank1/eval_00056/output.csv
612	data/mga_smoke/powered_bridge/eve_rank1/eval_00053/output.csv
612	data/mga_smoke/powered_bridge/eve_rank1/eval_00050/output.csv
612	data/mga_smoke/powered_bridge/eve_rank1/eval_00041/output.csv
612	data/mga_smoke/powered_bridge/eve_rank1/eval_00021/output.csv
612	data/mga_smoke/powered_bridge/eve_rank1/eval_00010/output.csv
612	data/mga_smoke/powered_bridge/eve_rank1/eval_00003/output.csv
611	data/mga_smoke/powered_bridge/eve_rank1/eval_00017/output.csv
611	data/mga_smoke/powered_bridge/eve_rank1/eval_00007/output.csv
611	data/mga_smoke/powered_bridge/eve_rank1/eval_00006/output.csv
610	data/mga_smoke/powered_bridge/eve_rank1/eval_00002/output.csv
599	data/mga_smoke/impulse_smoke_output.csv
588	data/mga_v0_1/mga_stitched_validate_kdj_best_v0_1.csv
532	data/final_clean_120d/butterfly_vall/butterfly_manifest.json
458	data/mga_v0_1/mission_jool_galileo_like/final/kerbin_eve_kerbin_jool/b6d_packet_kerbin_eve_kerbin_jool.csv
456	data/mga_v0_1/mga_b6d_route_packet_kekj_v0_1.csv
449	data/mga_v0_1/mission_jool_galileo_like/final/kerbin_duna_jool/b6d_packet_kerbin_duna_jool.csv
378	data/jnsq_gate0/level_a_120d_game/energy.csv
341	data/mga_smoke/powered_bridge/eve_rank1/eval_00024/input.csv
341	data/mga_smoke/powered_bridge/eve_rank1/eval_00022/input.csv
341	data/mga_smoke/powered_bridge/eve_rank1/eval_00020/input.csv
341	data/mga_smoke/powered_bridge/eve_rank1/eval_00019/input.csv
341	data/mga_smoke/powered_bridge/eve_rank1/eval_00018/input.csv
341	data/mga_smoke/powered_bridge/eve_rank1/eval_00017/input.csv
341	data/mga_smoke/powered_bridge/eve_rank1/eval_00011/input.csv
340	data/mga_smoke/powered_bridge/eve_rank1/eval_00023/input.csv
340	data/mga_smoke/powered_bridge/eve_rank1/eval_00021/input.csv
340	data/mga_smoke/powered_bridge/eve_rank1/eval_00016/input.csv
340	data/mga_smoke/powered_bridge/eve_rank1/eval_00015/input.csv
340	data/mga_smoke/powered_bridge/eve_rank1/eval_00014/input.csv
340	data/mga_smoke/powered_bridge/eve_rank1/eval_00013/input.csv
340	data/mga_smoke/powered_bridge/eve_rank1/eval_00010/input.csv
339	data/mga_smoke/powered_bridge/eve_rank1/eval_00059/input.csv
339	data/mga_smoke/powered_bridge/eve_rank1/eval_00056/input.csv
339	data/mga_smoke/powered_bridge/eve_rank1/eval_00055/input.csv
339	data/mga_smoke/powered_bridge/eve_rank1/eval_00054/input.csv
339	data/mga_smoke/powered_bridge/eve_rank1/eval_00053/input.csv
339	data/mga_smoke/powered_bridge/eve_rank1/eval_00052/input.csv
339	data/mga_smoke/powered_bridge/eve_rank1/eval_00051/input.csv
339	data/mga_smoke/powered_bridge/eve_rank1/eval_00050/input.csv
339	data/mga_smoke/powered_bridge/eve_rank1/eval_00049/input.csv
339	data/mga_smoke/powered_bridge/eve_rank1/eval_00048/input.csv
339	data/mga_smoke/powered_bridge/eve_rank1/eval_00047/input.csv
339	data/mga_smoke/powered_bridge/eve_rank1/eval_00046/input.csv
339	data/mga_smoke/powered_bridge/eve_rank1/eval_00045/input.csv
339	data/mga_smoke/powered_bridge/eve_rank1/eval_00043/input.csv
339	data/mga_smoke/powered_bridge/eve_rank1/eval_00041/input.csv
339	data/mga_smoke/powered_bridge/eve_rank1/eval_00040/input.csv
339	data/mga_smoke/powered_bridge/eve_rank1/eval_00039/input.csv
339	data/mga_smoke/powered_bridge/eve_rank1/eval_00038/input.csv
339	data/mga_smoke/powered_bridge/eve_rank1/eval_00037/input.csv
339	data/mga_smoke/powered_bridge/eve_rank1/eval_00036/input.csv
339	data/mga_smoke/powered_bridge/eve_rank1/eval_00033/input.csv
339	data/mga_smoke/powered_bridge/eve_rank1/eval_00028/input.csv
339	data/mga_smoke/powered_bridge/eve_rank1/eval_00012/input.csv
339	data/mga_smoke/powered_bridge/eve_rank1/eval_00009/input.csv
338	data/mga_smoke/powered_bridge/eve_rank1/eval_00060/input.csv
338	data/mga_smoke/powered_bridge/eve_rank1/eval_00057/input.csv
338	data/mga_smoke/powered_bridge/eve_rank1/eval_00044/input.csv
338	data/mga_smoke/powered_bridge/eve_rank1/eval_00042/input.csv
338	data/mga_smoke/powered_bridge/eve_rank1/eval_00035/input.csv
338	data/mga_smoke/powered_bridge/eve_rank1/eval_00034/input.csv
338	data/mga_smoke/powered_bridge/eve_rank1/eval_00032/input.csv
338	data/mga_smoke/powered_bridge/eve_rank1/eval_00031/input.csv
338	data/mga_smoke/powered_bridge/eve_rank1/eval_00030/input.csv
338	data/mga_smoke/powered_bridge/eve_rank1/eval_00029/input.csv
338	data/mga_smoke/powered_bridge/eve_rank1/eval_00027/input.csv
338	data/mga_smoke/powered_bridge/eve_rank1/eval_00026/input.csv
338	data/mga_smoke/powered_bridge/eve_rank1/eval_00025/input.csv
337	data/mga_smoke/powered_bridge/eve_rank1/eval_00058/input.csv
307	data/mga_smoke/powered_bridge/eve_rank1/eval_00008/input.csv
307	data/mga_smoke/powered_bridge/eve_rank1/eval_00007/input.csv
307	data/mga_smoke/powered_bridge/eve_rank1/eval_00006/input.csv
287	data/mga_smoke/powered_bridge/eve_rank1/eval_00003/input.csv
286	data/mga_smoke/powered_bridge/eve_rank1/eval_00005/input.csv
286	data/mga_smoke/powered_bridge/eve_rank1/eval_00002/input.csv
286	data/mga_smoke/powered_bridge/eve_rank1/eval_00001/input.csv
285	data/mga_smoke/powered_bridge/eve_rank1/eval_00004/input.csv
282	data/jnsq_gate0/ksp_future_paused/sample_log.csv
278	data/jnsq_gate0/ksp_instant_sample/sample_log.csv
278	data/jnsq_gate0/ksp_5d_canonical/sample_log.csv
260	data/opm_mpe_snapshot_v2/sample_log.csv
258	data/jnsq_gate0/level_a_120d_game_no_outliers/energy.csv
254	data/mga_smoke/nbody_triage_kj/rank15_KERBIN-KERBIN-EVE-KERBIN-JOOL/audit_work/leg1_KERBIN_to_KERBIN/corrected_output.csv
253	data/mga_smoke/nbody_triage_kj/rank7_KERBIN-DUNA-KERBIN-KERBIN-JOOL/audit_work/leg3_KERBIN_to_KERBIN/corrected_output.csv
253	data/mga_smoke/nbody_triage_kj/rank18_KERBIN-EVE-DUNA-KERBIN-JOOL/audit_work/leg4_KERBIN_to_JOOL/corrected_output.csv
253	data/mga_smoke/nbody_triage_kj/rank15_KERBIN-KERBIN-EVE-KERBIN-JOOL/legs/leg1_KERBIN_to_KERBIN/eval_00036/output.csv
253	data/mga_smoke/nbody_triage_kj/rank15_KERBIN-KERBIN-EVE-KERBIN-JOOL/legs/leg1_KERBIN_to_KERBIN/eval_00033/output.csv
253	data/mga_smoke/nbody_triage_kj/rank15_KERBIN-KERBIN-EVE-KERBIN-JOOL/legs/leg1_KERBIN_to_KERBIN/eval_00032/output.csv
253	data/mga_smoke/nbody_triage_kj/rank15_KERBIN-KERBIN-EVE-KERBIN-JOOL/legs/leg1_KERBIN_to_KERBIN/eval_00029/output.csv
253	data/mga_smoke/nbody_triage_kj/rank15_KERBIN-KERBIN-EVE-KERBIN-JOOL/legs/leg1_KERBIN_to_KERBIN/eval_00027/output.csv
253	data/mga_smoke/nbody_triage_kj/rank12_KERBIN-EVE-KERBIN-JOOL/audit_work/leg3_KERBIN_to_JOOL/corrected_output.csv
252	data/mga_smoke/nbody_triage_kj/rank1_KERBIN-EVE-KERBIN-KERBIN-JOOL/audit_work/leg4_KERBIN_to_JOOL/corrected_output.csv
252	data/mga_smoke/nbody_triage_kj/rank1_KERBIN-EVE-KERBIN-KERBIN-JOOL/audit_work/leg3_KERBIN_to_KERBIN/corrected_output.csv
252	data/mga_smoke/nbody_triage_kj/rank18_KERBIN-EVE-DUNA-KERBIN-JOOL/audit_work/leg3_DUNA_to_KERBIN/corrected_output.csv
252	data/mga_smoke/nbody_triage_kj/rank15_KERBIN-KERBIN-EVE-KERBIN-JOOL/legs/leg1_KERBIN_to_KERBIN/eval_00084/output.csv
252	data/mga_smoke/nbody_triage_kj/rank15_KERBIN-KERBIN-EVE-KERBIN-JOOL/legs/leg1_KERBIN_to_KERBIN/eval_00082/output.csv
252	data/mga_smoke/nbody_triage_kj/rank15_KERBIN-KERBIN-EVE-KERBIN-JOOL/legs/leg1_KERBIN_to_KERBIN/eval_00081/output.csv
252	data/mga_smoke/nbody_triage_kj/rank15_KERBIN-KERBIN-EVE-KERBIN-JOOL/legs/leg1_KERBIN_to_KERBIN/eval_00080/output.csv
252	data/mga_smoke/nbody_triage_kj/rank15_KERBIN-KERBIN-EVE-KERBIN-JOOL/legs/leg1_KERBIN_to_KERBIN/eval_00076/output.csv
252	data/mga_smoke/nbody_triage_kj/rank15_KERBIN-KERBIN-EVE-KERBIN-JOOL/legs/leg1_KERBIN_to_KERBIN/eval_00074/output.csv
252	data/mga_smoke/nbody_triage_kj/rank15_KERBIN-KERBIN-EVE-KERBIN-JOOL/legs/leg1_KERBIN_to_KERBIN/eval_00073/output.csv
252	data/mga_smoke/nbody_triage_kj/rank15_KERBIN-KERBIN-EVE-KERBIN-JOOL/legs/leg1_KERBIN_to_KERBIN/eval_00072/output.csv
252	data/mga_smoke/nbody_triage_kj/rank15_KERBIN-KERBIN-EVE-KERBIN-JOOL/legs/leg1_KERBIN_to_KERBIN/eval_00071/output.csv
252	data/mga_smoke/nbody_triage_kj/rank15_KERBIN-KERBIN-EVE-KERBIN-JOOL/legs/leg1_KERBIN_to_KERBIN/eval_00070/output.csv
252	data/mga_smoke/nbody_triage_kj/rank15_KERBIN-KERBIN-EVE-KERBIN-JOOL/legs/leg1_KERBIN_to_KERBIN/eval_00067/output.csv
252	data/mga_smoke/nbody_triage_kj/rank15_KERBIN-KERBIN-EVE-KERBIN-JOOL/legs/leg1_KERBIN_to_KERBIN/eval_00066/output.csv
252	data/mga_smoke/nbody_triage_kj/rank15_KERBIN-KERBIN-EVE-KERBIN-JOOL/legs/leg1_KERBIN_to_KERBIN/eval_00065/output.csv
252	data/mga_smoke/nbody_triage_kj/rank15_KERBIN-KERBIN-EVE-KERBIN-JOOL/legs/leg1_KERBIN_to_KERBIN/eval_00059/output.csv
252	data/mga_smoke/nbody_triage_kj/rank15_KERBIN-KERBIN-EVE-KERBIN-JOOL/legs/leg1_KERBIN_to_KERBIN/eval_00056/output.csv
252	data/mga_smoke/nbody_triage_kj/rank15_KERBIN-KERBIN-EVE-KERBIN-JOOL/legs/leg1_KERBIN_to_KERBIN/eval_00054/output.csv
252	data/mga_smoke/nbody_triage_kj/rank15_KERBIN-KERBIN-EVE-KERBIN-JOOL/legs/leg1_KERBIN_to_KERBIN/eval_00050/output.csv
252	data/mga_smoke/nbody_triage_kj/rank15_KERBIN-KERBIN-EVE-KERBIN-JOOL/legs/leg1_KERBIN_to_KERBIN/eval_00041/output.csv
252	data/mga_smoke/nbody_triage_kj/rank15_KERBIN-KERBIN-EVE-KERBIN-JOOL/legs/leg1_KERBIN_to_KERBIN/eval_00039/output.csv
252	data/mga_smoke/nbody_triage_kj/rank15_KERBIN-KERBIN-EVE-KERBIN-JOOL/legs/leg1_KERBIN_to_KERBIN/eval_00034/output.csv
252	data/mga_smoke/nbody_triage_kj/rank15_KERBIN-KERBIN-EVE-KERBIN-JOOL/legs/leg1_KERBIN_to_KERBIN/eval_00031/output.csv
252	data/mga_smoke/nbody_triage_kj/rank15_KERBIN-KERBIN-EVE-KERBIN-JOOL/legs/leg1_KERBIN_to_KERBIN/eval_00028/output.csv
252	data/mga_smoke/nbody_triage_kj/rank15_KERBIN-KERBIN-EVE-KERBIN-JOOL/legs/leg1_KERBIN_to_KERBIN/eval_00025/output.csv
252	data/mga_smoke/nbody_triage_kj/rank15_KERBIN-KERBIN-EVE-KERBIN-JOOL/legs/leg1_KERBIN_to_KERBIN/eval_00023/output.csv
252	data/mga_smoke/nbody_triage_kj/rank15_KERBIN-KERBIN-EVE-KERBIN-JOOL/legs/leg1_KERBIN_to_KERBIN/eval_00021/output.csv
252	data/mga_smoke/nbody_triage_kj/rank15_KERBIN-KERBIN-EVE-KERBIN-JOOL/legs/leg1_KERBIN_to_KERBIN/eval_00019/output.csv
252	data/mga_smoke/nbody_triage_kj/rank15_KERBIN-KERBIN-EVE-KERBIN-JOOL/legs/leg1_KERBIN_to_KERBIN/eval_00018/output.csv
252	data/mga_smoke/nbody_triage_kj/rank15_KERBIN-KERBIN-EVE-KERBIN-JOOL/legs/leg1_KERBIN_to_KERBIN/eval_00017/output.csv
252	data/mga_smoke/nbody_triage_kj/rank15_KERBIN-KERBIN-EVE-KERBIN-JOOL/legs/leg1_KERBIN_to_KERBIN/eval_00016/output.csv
252	data/mga_smoke/nbody_triage_kj/rank15_KERBIN-KERBIN-EVE-KERBIN-JOOL/legs/leg1_KERBIN_to_KERBIN/eval_00015/output.csv
252	data/mga_smoke/nbody_triage_kj/rank15_KERBIN-KERBIN-EVE-KERBIN-JOOL/legs/leg1_KERBIN_to_KERBIN/eval_00013/output.csv
252	data/mga_smoke/nbody_triage_kj/rank15_KERBIN-KERBIN-EVE-KERBIN-JOOL/legs/leg1_KERBIN_to_KERBIN/eval_00012/output.csv
252	data/mga_smoke/nbody_triage_kj/rank15_KERBIN-KERBIN-EVE-KERBIN-JOOL/audit_work/leg3_EVE_to_KERBIN/corrected_output.csv
251	data/mga_smoke/nbody_triage_kj/rank7_KERBIN-DUNA-KERBIN-KERBIN-JOOL/audit_work/leg4_KERBIN_to_JOOL/corrected_output.csv
251	data/mga_smoke/nbody_triage_kj/rank4_KERBIN-EVE-KERBIN-JOOL/audit_work/leg3_KERBIN_to_JOOL/corrected_output.csv
251	data/mga_smoke/nbody_triage_kj/rank15_KERBIN-KERBIN-EVE-KERBIN-JOOL/legs/leg4_KERBIN_to_JOOL/eval_00039/output.csv
251	data/mga_smoke/nbody_triage_kj/rank15_KERBIN-KERBIN-EVE-KERBIN-JOOL/legs/leg4_KERBIN_to_JOOL/eval_00038/output.csv
251	data/mga_smoke/nbody_triage_kj/rank15_KERBIN-KERBIN-EVE-KERBIN-JOOL/legs/leg4_KERBIN_to_JOOL/eval_00037/output.csv
251	data/mga_smoke/nbody_triage_kj/rank15_KERBIN-KERBIN-EVE-KERBIN-JOOL/legs/leg4_KERBIN_to_JOOL/eval_00036/output.csv
251	data/mga_smoke/nbody_triage_kj/rank15_KERBIN-KERBIN-EVE-KERBIN-JOOL/legs/leg1_KERBIN_to_KERBIN/eval_00086/output.csv
251	data/mga_smoke/nbody_triage_kj/rank15_KERBIN-KERBIN-EVE-KERBIN-JOOL/legs/leg1_KERBIN_to_KERBIN/eval_00085/output.csv
251	data/mga_smoke/nbody_triage_kj/rank15_KERBIN-KERBIN-EVE-KERBIN-JOOL/legs/leg1_KERBIN_to_KERBIN/eval_00079/output.csv
251	data/mga_smoke/nbody_triage_kj/rank15_KERBIN-KERBIN-EVE-KERBIN-JOOL/legs/leg1_KERBIN_to_KERBIN/eval_00078/output.csv
251	data/mga_smoke/nbody_triage_kj/rank15_KERBIN-KERBIN-EVE-KERBIN-JOOL/legs/leg1_KERBIN_to_KERBIN/eval_00077/output.csv
251	data/mga_smoke/nbody_triage_kj/rank15_KERBIN-KERBIN-EVE-KERBIN-JOOL/legs/leg1_KERBIN_to_KERBIN/eval_00069/output.csv
251	data/mga_smoke/nbody_triage_kj/rank15_KERBIN-KERBIN-EVE-KERBIN-JOOL/legs/leg1_KERBIN_to_KERBIN/eval_00068/output.csv
251	data/mga_smoke/nbody_triage_kj/rank15_KERBIN-KERBIN-EVE-KERBIN-JOOL/legs/leg1_KERBIN_to_KERBIN/eval_00064/output.csv
251	data/mga_smoke/nbody_triage_kj/rank15_KERBIN-KERBIN-EVE-KERBIN-JOOL/legs/leg1_KERBIN_to_KERBIN/eval_00063/output.csv
251	data/mga_smoke/nbody_triage_kj/rank15_KERBIN-KERBIN-EVE-KERBIN-JOOL/legs/leg1_KERBIN_to_KERBIN/eval_00062/output.csv
251	data/mga_smoke/nbody_triage_kj/rank15_KERBIN-KERBIN-EVE-KERBIN-JOOL/legs/leg1_KERBIN_to_KERBIN/eval_00060/output.csv
251	data/mga_smoke/nbody_triage_kj/rank15_KERBIN-KERBIN-EVE-KERBIN-JOOL/legs/leg1_KERBIN_to_KERBIN/eval_00058/output.csv
251	data/mga_smoke/nbody_triage_kj/rank15_KERBIN-KERBIN-EVE-KERBIN-JOOL/legs/leg1_KERBIN_to_KERBIN/eval_00057/output.csv
251	data/mga_smoke/nbody_triage_kj/rank15_KERBIN-KERBIN-EVE-KERBIN-JOOL/legs/leg1_KERBIN_to_KERBIN/eval_00053/output.csv
251	data/mga_smoke/nbody_triage_kj/rank15_KERBIN-KERBIN-EVE-KERBIN-JOOL/legs/leg1_KERBIN_to_KERBIN/eval_00052/output.csv
251	data/mga_smoke/nbody_triage_kj/rank15_KERBIN-KERBIN-EVE-KERBIN-JOOL/legs/leg1_KERBIN_to_KERBIN/eval_00051/output.csv
251	data/mga_smoke/nbody_triage_kj/rank15_KERBIN-KERBIN-EVE-KERBIN-JOOL/legs/leg1_KERBIN_to_KERBIN/eval_00049/output.csv
251	data/mga_smoke/nbody_triage_kj/rank15_KERBIN-KERBIN-EVE-KERBIN-JOOL/legs/leg1_KERBIN_to_KERBIN/eval_00048/output.csv
251	data/mga_smoke/nbody_triage_kj/rank15_KERBIN-KERBIN-EVE-KERBIN-JOOL/legs/leg1_KERBIN_to_KERBIN/eval_00047/output.csv
251	data/mga_smoke/nbody_triage_kj/rank15_KERBIN-KERBIN-EVE-KERBIN-JOOL/legs/leg1_KERBIN_to_KERBIN/eval_00044/output.csv
251	data/mga_smoke/nbody_triage_kj/rank15_KERBIN-KERBIN-EVE-KERBIN-JOOL/legs/leg1_KERBIN_to_KERBIN/eval_00043/output.csv
251	data/mga_smoke/nbody_triage_kj/rank15_KERBIN-KERBIN-EVE-KERBIN-JOOL/legs/leg1_KERBIN_to_KERBIN/eval_00042/output.csv
251	data/mga_smoke/nbody_triage_kj/rank15_KERBIN-KERBIN-EVE-KERBIN-JOOL/legs/leg1_KERBIN_to_KERBIN/eval_00040/output.csv
251	data/mga_smoke/nbody_triage_kj/rank15_KERBIN-KERBIN-EVE-KERBIN-JOOL/legs/leg1_KERBIN_to_KERBIN/eval_00038/output.csv
251	data/mga_smoke/nbody_triage_kj/rank15_KERBIN-KERBIN-EVE-KERBIN-JOOL/legs/leg1_KERBIN_to_KERBIN/eval_00037/output.csv
251	data/mga_smoke/nbody_triage_kj/rank15_KERBIN-KERBIN-EVE-KERBIN-JOOL/legs/leg1_KERBIN_to_KERBIN/eval_00035/output.csv
251	data/mga_smoke/nbody_triage_kj/rank15_KERBIN-KERBIN-EVE-KERBIN-JOOL/legs/leg1_KERBIN_to_KERBIN/eval_00024/output.csv
251	data/mga_smoke/nbody_triage_kj/rank15_KERBIN-KERBIN-EVE-KERBIN-JOOL/legs/leg1_KERBIN_to_KERBIN/eval_00020/output.csv
251	data/mga_smoke/nbody_triage_kj/rank15_KERBIN-KERBIN-EVE-KERBIN-JOOL/legs/leg1_KERBIN_to_KERBIN/eval_00014/output.csv
251	data/mga_smoke/nbody_triage_kj/rank15_KERBIN-KERBIN-EVE-KERBIN-JOOL/legs/leg1_KERBIN_to_KERBIN/eval_00011/output.csv
251	data/mga_smoke/nbody_triage_kj/rank15_KERBIN-KERBIN-EVE-KERBIN-JOOL/legs/leg1_KERBIN_to_KERBIN/eval_00009/output.csv
251	data/mga_smoke/nbody_triage_kj/rank15_KERBIN-KERBIN-EVE-KERBIN-JOOL/legs/leg1_KERBIN_to_KERBIN/eval_00007/output.csv
251	data/mga_smoke/nbody_triage_kj/rank15_KERBIN-KERBIN-EVE-KERBIN-JOOL/legs/leg1_KERBIN_to_KERBIN/eval_00006/output.csv
251	data/mga_smoke/nbody_triage_kj/rank15_KERBIN-KERBIN-EVE-KERBIN-JOOL/legs/leg1_KERBIN_to_KERBIN/eval_00005/output.csv
251	data/mga_smoke/nbody_triage_kj/rank15_KERBIN-KERBIN-EVE-KERBIN-JOOL/legs/leg1_KERBIN_to_KERBIN/eval_00004/output.csv
251	data/mga_smoke/nbody_triage_kj/rank15_KERBIN-KERBIN-EVE-KERBIN-JOOL/audit_work/leg4_KERBIN_to_JOOL/corrected_output.csv
251	data/mga_smoke/native_flyby_audit/rank1/leg2_EVE_to_KERBIN/corrected_output.csv
250	data/mga_smoke/nbody_triage_kj/rank7_KERBIN-DUNA-KERBIN-KERBIN-JOOL/audit_work/leg1_KERBIN_to_DUNA/corrected_output.csv
250	data/mga_smoke/nbody_triage_kj/rank1_KERBIN-EVE-KERBIN-KERBIN-JOOL/audit_work/leg2_EVE_to_KERBIN/corrected_output.csv
250	data/mga_smoke/nbody_triage_kj/rank1_KERBIN-EVE-KERBIN-KERBIN-JOOL/audit_work/leg1_KERBIN_to_EVE/corrected_output.csv
250	data/mga_smoke/nbody_triage_kj/rank18_KERBIN-EVE-DUNA-KERBIN-JOOL/audit_work/leg1_KERBIN_to_EVE/corrected_output.csv
250	data/mga_smoke/nbody_triage_kj/rank15_KERBIN-KERBIN-EVE-KERBIN-JOOL/legs/leg4_KERBIN_to_JOOL/eval_00042/output.csv
250	data/mga_smoke/nbody_triage_kj/rank15_KERBIN-KERBIN-EVE-KERBIN-JOOL/legs/leg4_KERBIN_to_JOOL/eval_00034/output.csv
250	data/mga_smoke/nbody_triage_kj/rank15_KERBIN-KERBIN-EVE-KERBIN-JOOL/legs/leg4_KERBIN_to_JOOL/eval_00025/output.csv
250	data/mga_smoke/nbody_triage_kj/rank15_KERBIN-KERBIN-EVE-KERBIN-JOOL/legs/leg4_KERBIN_to_JOOL/eval_00018/output.csv
250	data/mga_smoke/nbody_triage_kj/rank15_KERBIN-KERBIN-EVE-KERBIN-JOOL/legs/leg4_KERBIN_to_JOOL/eval_00017/output.csv
250	data/mga_smoke/nbody_triage_kj/rank15_KERBIN-KERBIN-EVE-KERBIN-JOOL/legs/leg4_KERBIN_to_JOOL/eval_00016/output.csv
250	data/mga_smoke/nbody_triage_kj/rank15_KERBIN-KERBIN-EVE-KERBIN-JOOL/legs/leg4_KERBIN_to_JOOL/eval_00015/output.csv
250	data/mga_smoke/nbody_triage_kj/rank15_KERBIN-KERBIN-EVE-KERBIN-JOOL/legs/leg4_KERBIN_to_JOOL/eval_00013/output.csv
250	data/mga_smoke/nbody_triage_kj/rank15_KERBIN-KERBIN-EVE-KERBIN-JOOL/legs/leg1_KERBIN_to_KERBIN/eval_00083/output.csv
250	data/mga_smoke/nbody_triage_kj/rank15_KERBIN-KERBIN-EVE-KERBIN-JOOL/legs/leg1_KERBIN_to_KERBIN/eval_00075/output.csv
250	data/mga_smoke/nbody_triage_kj/rank15_KERBIN-KERBIN-EVE-KERBIN-JOOL/legs/leg1_KERBIN_to_KERBIN/eval_00055/output.csv
250	data/mga_smoke/nbody_triage_kj/rank15_KERBIN-KERBIN-EVE-KERBIN-JOOL/legs/leg1_KERBIN_to_KERBIN/eval_00046/output.csv
250	data/mga_smoke/nbody_triage_kj/rank15_KERBIN-KERBIN-EVE-KERBIN-JOOL/legs/leg1_KERBIN_to_KERBIN/eval_00045/output.csv
250	data/mga_smoke/nbody_triage_kj/rank15_KERBIN-KERBIN-EVE-KERBIN-JOOL/legs/leg1_KERBIN_to_KERBIN/eval_00030/output.csv
250	data/mga_smoke/nbody_triage_kj/rank15_KERBIN-KERBIN-EVE-KERBIN-JOOL/legs/leg1_KERBIN_to_KERBIN/eval_00010/output.csv
250	data/mga_smoke/nbody_triage_kj/rank15_KERBIN-KERBIN-EVE-KERBIN-JOOL/legs/leg1_KERBIN_to_KERBIN/eval_00008/output.csv
250	data/mga_smoke/nbody_triage_kj/rank15_KERBIN-KERBIN-EVE-KERBIN-JOOL/legs/leg1_KERBIN_to_KERBIN/eval_00003/output.csv
250	data/mga_smoke/nbody_triage_kj/rank15_KERBIN-KERBIN-EVE-KERBIN-JOOL/legs/leg1_KERBIN_to_KERBIN/eval_00002/output.csv
250	data/mga_smoke/nbody_triage_kj/rank15_KERBIN-KERBIN-EVE-KERBIN-JOOL/legs/leg1_KERBIN_to_KERBIN/eval_00001/output.csv
250	data/mga_smoke/nbody_triage_kj/rank12_KERBIN-EVE-KERBIN-JOOL/audit_work/leg1_KERBIN_to_EVE/corrected_output.csv
250	data/mga_smoke/native_leg_opt/rank1_all_legs/leg2_EVE_to_KERBIN/eval_00019/output.csv
250	data/mga_smoke/native_leg_opt/rank1_all_legs/leg2_EVE_to_KERBIN/eval_00017/output.csv
250	data/mga_smoke/native_leg_opt/rank1_all_legs/leg2_EVE_to_KERBIN/eval_00016/output.csv
250	data/mga_smoke/native_leg_opt/rank1_all_legs/leg2_EVE_to_KERBIN/eval_00014/output.csv
250	data/mga_smoke/native_leg_opt/rank1_all_legs/leg2_EVE_to_KERBIN/eval_00013/output.csv
250	data/mga_smoke/native_leg_opt/rank1_all_legs/leg2_EVE_to_KERBIN/eval_00011/output.csv
249	data/mga_smoke/nbody_triage_kj/rank7_KERBIN-DUNA-KERBIN-KERBIN-JOOL/audit_work/leg2_DUNA_to_KERBIN/corrected_output.csv
249	data/mga_smoke/nbody_triage_kj/rank4_KERBIN-EVE-KERBIN-JOOL/audit_work/leg2_EVE_to_KERBIN/corrected_output.csv
249	data/mga_smoke/nbody_triage_kj/rank1_KERBIN-EVE-KERBIN-KERBIN-JOOL/legs/leg1_KERBIN_to_EVE/eval_00012/output.csv
249	data/mga_smoke/nbody_triage_kj/rank1_KERBIN-EVE-KERBIN-KERBIN-JOOL/legs/leg1_KERBIN_to_EVE/eval_00010/output.csv
249	data/mga_smoke/nbody_triage_kj/rank15_KERBIN-KERBIN-EVE-KERBIN-JOOL/legs/leg4_KERBIN_to_JOOL/eval_00043/output.csv
249	data/mga_smoke/nbody_triage_kj/rank15_KERBIN-KERBIN-EVE-KERBIN-JOOL/legs/leg4_KERBIN_to_JOOL/eval_00041/output.csv
249	data/mga_smoke/nbody_triage_kj/rank15_KERBIN-KERBIN-EVE-KERBIN-JOOL/legs/leg4_KERBIN_to_JOOL/eval_00040/output.csv
249	data/mga_smoke/nbody_triage_kj/rank15_KERBIN-KERBIN-EVE-KERBIN-JOOL/legs/leg4_KERBIN_to_JOOL/eval_00035/output.csv
249	data/mga_smoke/nbody_triage_kj/rank15_KERBIN-KERBIN-EVE-KERBIN-JOOL/legs/leg4_KERBIN_to_JOOL/eval_00031/output.csv
249	data/mga_smoke/nbody_triage_kj/rank15_KERBIN-KERBIN-EVE-KERBIN-JOOL/legs/leg4_KERBIN_to_JOOL/eval_00028/output.csv
249	data/mga_smoke/nbody_triage_kj/rank15_KERBIN-KERBIN-EVE-KERBIN-JOOL/legs/leg4_KERBIN_to_JOOL/eval_00026/output.csv
249	data/mga_smoke/nbody_triage_kj/rank15_KERBIN-KERBIN-EVE-KERBIN-JOOL/legs/leg4_KERBIN_to_JOOL/eval_00021/output.csv
249	data/mga_smoke/nbody_triage_kj/rank15_KERBIN-KERBIN-EVE-KERBIN-JOOL/legs/leg4_KERBIN_to_JOOL/eval_00014/output.csv
249	data/mga_smoke/nbody_triage_kj/rank15_KERBIN-KERBIN-EVE-KERBIN-JOOL/legs/leg4_KERBIN_to_JOOL/eval_00012/output.csv
249	data/mga_smoke/nbody_triage_kj/rank15_KERBIN-KERBIN-EVE-KERBIN-JOOL/legs/leg4_KERBIN_to_JOOL/eval_00011/output.csv
249	data/mga_smoke/nbody_triage_kj/rank15_KERBIN-KERBIN-EVE-KERBIN-JOOL/legs/leg4_KERBIN_to_JOOL/eval_00010/output.csv
249	data/mga_smoke/nbody_triage_kj/rank15_KERBIN-KERBIN-EVE-KERBIN-JOOL/legs/leg4_KERBIN_to_JOOL/eval_00008/output.csv
249	data/mga_smoke/nbody_triage_kj/rank15_KERBIN-KERBIN-EVE-KERBIN-JOOL/legs/leg4_KERBIN_to_JOOL/eval_00007/output.csv
249	data/mga_smoke/nbody_triage_kj/rank15_KERBIN-KERBIN-EVE-KERBIN-JOOL/legs/leg4_KERBIN_to_JOOL/eval_00006/output.csv
249	data/mga_smoke/nbody_triage_kj/rank15_KERBIN-KERBIN-EVE-KERBIN-JOOL/legs/leg4_KERBIN_to_JOOL/eval_00003/output.csv
249	data/mga_smoke/nbody_triage_kj/rank15_KERBIN-KERBIN-EVE-KERBIN-JOOL/legs/leg4_KERBIN_to_JOOL/eval_00002/output.csv
249	data/mga_smoke/nbody_triage_kj/rank15_KERBIN-KERBIN-EVE-KERBIN-JOOL/legs/leg4_KERBIN_to_JOOL/eval_00001/output.csv
249	data/mga_smoke/nbody_triage_kj/rank15_KERBIN-KERBIN-EVE-KERBIN-JOOL/legs/leg3_EVE_to_KERBIN/eval_00017/output.csv
249	data/mga_smoke/nbody_triage_kj/rank15_KERBIN-KERBIN-EVE-KERBIN-JOOL/legs/leg3_EVE_to_KERBIN/eval_00016/output.csv
249	data/mga_smoke/nbody_triage_kj/rank15_KERBIN-KERBIN-EVE-KERBIN-JOOL/legs/leg3_EVE_to_KERBIN/eval_00015/output.csv
249	data/mga_smoke/nbody_triage_kj/rank15_KERBIN-KERBIN-EVE-KERBIN-JOOL/legs/leg3_EVE_to_KERBIN/eval_00014/output.csv
249	data/mga_smoke/nbody_triage_kj/rank15_KERBIN-KERBIN-EVE-KERBIN-JOOL/legs/leg3_EVE_to_KERBIN/eval_00013/output.csv
249	data/mga_smoke/nbody_triage_kj/rank15_KERBIN-KERBIN-EVE-KERBIN-JOOL/legs/leg2_KERBIN_to_EVE/eval_00024/output.csv
249	data/mga_smoke/nbody_triage_kj/rank15_KERBIN-KERBIN-EVE-KERBIN-JOOL/audit_work/leg2_KERBIN_to_EVE/corrected_output.csv
249	data/mga_smoke/nbody_triage_kj/rank12_KERBIN-EVE-KERBIN-JOOL/audit_work/leg2_EVE_to_KERBIN/corrected_output.csv
249	data/mga_smoke/native_target_audit/rank1_leg1/mZ_pY_mX/particle_output.csv
249	data/mga_smoke/native_target_audit/rank1_leg1/mZ_mX_pY/particle_output.csv
249	data/mga_smoke/native_target_audit/rank1_leg1/mX_pY_mZ/particle_output.csv
249	data/mga_smoke/native_target_audit/rank1_leg1/mX_mZ_pY/particle_output.csv
249	data/mga_smoke/native_leg_opt/rank1_all_legs/leg3_KERBIN_to_JOOL/eval_00021/output.csv
249	data/mga_smoke/native_leg_opt/rank1_all_legs/leg3_KERBIN_to_JOOL/eval_00017/output.csv
249	data/mga_smoke/native_leg_opt/rank1_all_legs/leg3_KERBIN_to_JOOL/eval_00012/output.csv
249	data/mga_smoke/native_leg_opt/rank1_all_legs/leg3_KERBIN_to_JOOL/eval_00011/output.csv
249	data/mga_smoke/native_leg_opt/rank1_all_legs/leg2_EVE_to_KERBIN/eval_00023/output.csv
249	data/mga_smoke/native_leg_opt/rank1_all_legs/leg2_EVE_to_KERBIN/eval_00022/output.csv
249	data/mga_smoke/native_leg_opt/rank1_all_legs/leg2_EVE_to_KERBIN/eval_00010/output.csv
249	data/mga_smoke/native_leg_opt/rank1_all_legs/leg2_EVE_to_KERBIN/eval_00009/output.csv
249	data/mga_smoke/native_leg_opt/rank1_all_legs/leg2_EVE_to_KERBIN/eval_00008/output.csv
249	data/mga_smoke/native_leg_opt/rank1_all_legs/leg2_EVE_to_KERBIN/eval_00006/output.csv
249	data/mga_smoke/native_leg_opt/rank1_all_legs/leg2_EVE_to_KERBIN/eval_00005/output.csv
249	data/mga_smoke/native_leg_opt/rank1_all_legs/leg2_EVE_to_KERBIN/eval_00003/output.csv
249	data/mga_smoke/native_leg_opt/rank1_all_legs/leg2_EVE_to_KERBIN/eval_00002/output.csv
249	data/mga_smoke/native_leg_opt/rank1_all_legs/leg2_EVE_to_KERBIN/eval_00001/output.csv
249	data/mga_smoke/native_flyby_audit/rank1/leg3_KERBIN_to_JOOL/corrected_output.csv
249	data/mga_smoke/native_flyby_audit/rank1/leg1_KERBIN_to_EVE/corrected_output.csv
248	data/mga_smoke/nbody_triage_kj/rank7_KERBIN-DUNA-KERBIN-KERBIN-JOOL/legs/leg1_KERBIN_to_DUNA/eval_00020/output.csv
248	data/mga_smoke/nbody_triage_kj/rank7_KERBIN-DUNA-KERBIN-KERBIN-JOOL/legs/leg1_KERBIN_to_DUNA/eval_00018/output.csv
248	data/mga_smoke/nbody_triage_kj/rank7_KERBIN-DUNA-KERBIN-KERBIN-JOOL/legs/leg1_KERBIN_to_DUNA/eval_00015/output.csv
248	data/mga_smoke/nbody_triage_kj/rank7_KERBIN-DUNA-KERBIN-KERBIN-JOOL/legs/leg1_KERBIN_to_DUNA/eval_00013/output.csv
248	data/mga_smoke/nbody_triage_kj/rank7_KERBIN-DUNA-KERBIN-KERBIN-JOOL/legs/leg1_KERBIN_to_DUNA/eval_00011/output.csv
248	data/mga_smoke/nbody_triage_kj/rank7_KERBIN-DUNA-KERBIN-KERBIN-JOOL/legs/leg1_KERBIN_to_DUNA/eval_00010/output.csv
248	data/mga_smoke/nbody_triage_kj/rank1_KERBIN-EVE-KERBIN-KERBIN-JOOL/legs/leg1_KERBIN_to_EVE/eval_00015/output.csv
248	data/mga_smoke/nbody_triage_kj/rank1_KERBIN-EVE-KERBIN-KERBIN-JOOL/legs/leg1_KERBIN_to_EVE/eval_00014/output.csv
248	data/mga_smoke/nbody_triage_kj/rank1_KERBIN-EVE-KERBIN-KERBIN-JOOL/legs/leg1_KERBIN_to_EVE/eval_00013/output.csv
248	data/mga_smoke/nbody_triage_kj/rank1_KERBIN-EVE-KERBIN-KERBIN-JOOL/legs/leg1_KERBIN_to_EVE/eval_00011/output.csv
248	data/mga_smoke/nbody_triage_kj/rank1_KERBIN-EVE-KERBIN-KERBIN-JOOL/legs/leg1_KERBIN_to_EVE/eval_00009/output.csv
248	data/mga_smoke/nbody_triage_kj/rank1_KERBIN-EVE-KERBIN-KERBIN-JOOL/legs/leg1_KERBIN_to_EVE/eval_00005/output.csv
248	data/mga_smoke/nbody_triage_kj/rank1_KERBIN-EVE-KERBIN-KERBIN-JOOL/legs/leg1_KERBIN_to_EVE/eval_00004/output.csv
248	data/mga_smoke/nbody_triage_kj/rank1_KERBIN-EVE-KERBIN-KERBIN-JOOL/legs/leg1_KERBIN_to_EVE/eval_00003/output.csv
248	data/mga_smoke/nbody_triage_kj/rank1_KERBIN-EVE-KERBIN-KERBIN-JOOL/legs/leg1_KERBIN_to_EVE/eval_00002/output.csv
248	data/mga_smoke/nbody_triage_kj/rank1_KERBIN-EVE-KERBIN-KERBIN-JOOL/legs/leg1_KERBIN_to_EVE/eval_00001/output.csv
248	data/mga_smoke/nbody_triage_kj/rank18_KERBIN-EVE-DUNA-KERBIN-JOOL/legs/leg1_KERBIN_to_EVE/eval_00021/output.csv
248	data/mga_smoke/nbody_triage_kj/rank18_KERBIN-EVE-DUNA-KERBIN-JOOL/audit_work/leg2_EVE_to_DUNA/corrected_output.csv
248	data/mga_smoke/nbody_triage_kj/rank15_KERBIN-KERBIN-EVE-KERBIN-JOOL/legs/leg4_KERBIN_to_JOOL/eval_00033/output.csv
248	data/mga_smoke/nbody_triage_kj/rank15_KERBIN-KERBIN-EVE-KERBIN-JOOL/legs/leg4_KERBIN_to_JOOL/eval_00032/output.csv
248	data/mga_smoke/nbody_triage_kj/rank15_KERBIN-KERBIN-EVE-KERBIN-JOOL/legs/leg4_KERBIN_to_JOOL/eval_00030/output.csv
248	data/mga_smoke/nbody_triage_kj/rank15_KERBIN-KERBIN-EVE-KERBIN-JOOL/legs/leg4_KERBIN_to_JOOL/eval_00027/output.csv
248	data/mga_smoke/nbody_triage_kj/rank15_KERBIN-KERBIN-EVE-KERBIN-JOOL/legs/leg4_KERBIN_to_JOOL/eval_00024/output.csv
248	data/mga_smoke/nbody_triage_kj/rank15_KERBIN-KERBIN-EVE-KERBIN-JOOL/legs/leg4_KERBIN_to_JOOL/eval_00022/output.csv
248	data/mga_smoke/nbody_triage_kj/rank15_KERBIN-KERBIN-EVE-KERBIN-JOOL/legs/leg4_KERBIN_to_JOOL/eval_00020/output.csv
248	data/mga_smoke/nbody_triage_kj/rank15_KERBIN-KERBIN-EVE-KERBIN-JOOL/legs/leg4_KERBIN_to_JOOL/eval_00019/output.csv
248	data/mga_smoke/nbody_triage_kj/rank15_KERBIN-KERBIN-EVE-KERBIN-JOOL/legs/leg4_KERBIN_to_JOOL/eval_00009/output.csv
248	data/mga_smoke/nbody_triage_kj/rank15_KERBIN-KERBIN-EVE-KERBIN-JOOL/legs/leg4_KERBIN_to_JOOL/eval_00004/output.csv
248	data/mga_smoke/nbody_triage_kj/rank15_KERBIN-KERBIN-EVE-KERBIN-JOOL/legs/leg3_EVE_to_KERBIN/eval_00012/output.csv
248	data/mga_smoke/nbody_triage_kj/rank15_KERBIN-KERBIN-EVE-KERBIN-JOOL/legs/leg3_EVE_to_KERBIN/eval_00009/output.csv
248	data/mga_smoke/nbody_triage_kj/rank15_KERBIN-KERBIN-EVE-KERBIN-JOOL/legs/leg3_EVE_to_KERBIN/eval_00005/output.csv
248	data/mga_smoke/nbody_triage_kj/rank15_KERBIN-KERBIN-EVE-KERBIN-JOOL/legs/leg3_EVE_to_KERBIN/eval_00004/output.csv
248	data/mga_smoke/nbody_triage_kj/rank15_KERBIN-KERBIN-EVE-KERBIN-JOOL/legs/leg3_EVE_to_KERBIN/eval_00003/output.csv
248	data/mga_smoke/nbody_triage_kj/rank15_KERBIN-KERBIN-EVE-KERBIN-JOOL/legs/leg3_EVE_to_KERBIN/eval_00002/output.csv
248	data/mga_smoke/nbody_triage_kj/rank15_KERBIN-KERBIN-EVE-KERBIN-JOOL/legs/leg3_EVE_to_KERBIN/eval_00001/output.csv
248	data/mga_smoke/nbody_triage_kj/rank12_KERBIN-EVE-KERBIN-JOOL/legs/leg1_KERBIN_to_EVE/eval_00022/output.csv
248	data/mga_smoke/nbody_triage_kj/rank12_KERBIN-EVE-KERBIN-JOOL/legs/leg1_KERBIN_to_EVE/eval_00021/output.csv
248	data/mga_smoke/native_target_audit/seed43_leg1_inverse_transform/pZ_mX_pY/particle_output.csv
248	data/mga_smoke/native_target_audit/rank1_leg1/pY_mZ_mX/particle_output.csv
248	data/mga_smoke/native_target_audit/rank1_leg1/pY_mX_mZ/particle_output.csv
248	data/mga_smoke/native_leg_opt/rank1/leg1_KERBIN_to_EVE/eval_00018/output.csv
248	data/mga_smoke/native_leg_opt/rank1/leg1_KERBIN_to_EVE/eval_00017/output.csv
248	data/mga_smoke/native_leg_opt/rank1/leg1_KERBIN_to_EVE/eval_00016/output.csv
248	data/mga_smoke/native_leg_opt/rank1/leg1_KERBIN_to_EVE/eval_00014/output.csv
248	data/mga_smoke/native_leg_opt/rank1/leg1_KERBIN_to_EVE/eval_00012/output.csv
248	data/mga_smoke/native_leg_opt/rank1/leg1_KERBIN_to_EVE/eval_00011/output.csv
248	data/mga_smoke/native_leg_opt/rank1_all_legs/leg3_KERBIN_to_JOOL/eval_00030/output.csv
248	data/mga_smoke/native_leg_opt/rank1_all_legs/leg3_KERBIN_to_JOOL/eval_00028/output.csv
248	data/mga_smoke/native_leg_opt/rank1_all_legs/leg3_KERBIN_to_JOOL/eval_00027/output.csv
248	data/mga_smoke/native_leg_opt/rank1_all_legs/leg3_KERBIN_to_JOOL/eval_00026/output.csv
248	data/mga_smoke/native_leg_opt/rank1_all_legs/leg3_KERBIN_to_JOOL/eval_00024/output.csv
248	data/mga_smoke/native_leg_opt/rank1_all_legs/leg3_KERBIN_to_JOOL/eval_00023/output.csv
248	data/mga_smoke/native_leg_opt/rank1_all_legs/leg3_KERBIN_to_JOOL/eval_00022/output.csv
248	data/mga_smoke/native_leg_opt/rank1_all_legs/leg3_KERBIN_to_JOOL/eval_00020/output.csv
248	data/mga_smoke/native_leg_opt/rank1_all_legs/leg3_KERBIN_to_JOOL/eval_00019/output.csv
248	data/mga_smoke/native_leg_opt/rank1_all_legs/leg3_KERBIN_to_JOOL/eval_00018/output.csv
248	data/mga_smoke/native_leg_opt/rank1_all_legs/leg3_KERBIN_to_JOOL/eval_00016/output.csv
248	data/mga_smoke/native_leg_opt/rank1_all_legs/leg3_KERBIN_to_JOOL/eval_00014/output.csv
248	data/mga_smoke/native_leg_opt/rank1_all_legs/leg3_KERBIN_to_JOOL/eval_00013/output.csv
248	data/mga_smoke/native_leg_opt/rank1_all_legs/leg3_KERBIN_to_JOOL/eval_00010/output.csv
248	data/mga_smoke/native_leg_opt/rank1_all_legs/leg3_KERBIN_to_JOOL/eval_00009/output.csv
248	data/mga_smoke/native_leg_opt/rank1_all_legs/leg3_KERBIN_to_JOOL/eval_00008/output.csv
248	data/mga_smoke/native_leg_opt/rank1_all_legs/leg3_KERBIN_to_JOOL/eval_00005/output.csv
248	data/mga_smoke/native_leg_opt/rank1_all_legs/leg3_KERBIN_to_JOOL/eval_00004/output.csv
248	data/mga_smoke/native_leg_opt/rank1_all_legs/leg3_KERBIN_to_JOOL/eval_00003/output.csv
248	data/mga_smoke/native_leg_opt/rank1_all_legs/leg3_KERBIN_to_JOOL/eval_00002/output.csv
248	data/mga_smoke/native_leg_opt/rank1_all_legs/leg3_KERBIN_to_JOOL/eval_00001/output.csv
248	data/mga_smoke/native_leg_opt/rank1_all_legs/leg2_EVE_to_KERBIN/eval_00037/output.csv
248	data/mga_smoke/native_leg_opt/rank1_all_legs/leg2_EVE_to_KERBIN/eval_00036/output.csv
248	data/mga_smoke/native_leg_opt/rank1_all_legs/leg2_EVE_to_KERBIN/eval_00032/output.csv
248	data/mga_smoke/native_leg_opt/rank1_all_legs/leg2_EVE_to_KERBIN/eval_00031/output.csv
248	data/mga_smoke/native_leg_opt/rank1_all_legs/leg2_EVE_to_KERBIN/eval_00027/output.csv
248	data/mga_smoke/native_leg_opt/rank1_all_legs/leg2_EVE_to_KERBIN/eval_00026/output.csv
248	data/mga_smoke/native_leg_opt/rank1_all_legs/leg2_EVE_to_KERBIN/eval_00024/output.csv
248	data/mga_smoke/native_leg_opt/rank1_all_legs/leg2_EVE_to_KERBIN/eval_00020/output.csv
248	data/mga_smoke/native_leg_opt/rank1_all_legs/leg2_EVE_to_KERBIN/eval_00018/output.csv
248	data/mga_smoke/native_leg_opt/rank1_all_legs/leg2_EVE_to_KERBIN/eval_00015/output.csv
248	data/mga_smoke/native_leg_opt/rank1_all_legs/leg2_EVE_to_KERBIN/eval_00012/output.csv
248	data/mga_smoke/native_leg_opt/rank1_all_legs/leg1_KERBIN_to_EVE/eval_00018/output.csv
248	data/mga_smoke/native_leg_opt/rank1_all_legs/leg1_KERBIN_to_EVE/eval_00017/output.csv
248	data/mga_smoke/native_leg_opt/rank1_all_legs/leg1_KERBIN_to_EVE/eval_00016/output.csv
248	data/mga_smoke/native_leg_opt/rank1_all_legs/leg1_KERBIN_to_EVE/eval_00014/output.csv
248	data/mga_smoke/native_leg_opt/rank1_all_legs/leg1_KERBIN_to_EVE/eval_00012/output.csv
248	data/mga_smoke/native_leg_opt/rank1_all_legs/leg1_KERBIN_to_EVE/eval_00011/output.csv
247	data/mga_smoke/nbody_triage_kj/rank7_KERBIN-DUNA-KERBIN-KERBIN-JOOL/legs/leg1_KERBIN_to_DUNA/eval_00019/output.csv
247	data/mga_smoke/nbody_triage_kj/rank7_KERBIN-DUNA-KERBIN-KERBIN-JOOL/legs/leg1_KERBIN_to_DUNA/eval_00017/output.csv
247	data/mga_smoke/nbody_triage_kj/rank7_KERBIN-DUNA-KERBIN-KERBIN-JOOL/legs/leg1_KERBIN_to_DUNA/eval_00016/output.csv
247	data/mga_smoke/nbody_triage_kj/rank7_KERBIN-DUNA-KERBIN-KERBIN-JOOL/legs/leg1_KERBIN_to_DUNA/eval_00012/output.csv
247	data/mga_smoke/nbody_triage_kj/rank7_KERBIN-DUNA-KERBIN-KERBIN-JOOL/legs/leg1_KERBIN_to_DUNA/eval_00009/output.csv
247	data/mga_smoke/nbody_triage_kj/rank7_KERBIN-DUNA-KERBIN-KERBIN-JOOL/legs/leg1_KERBIN_to_DUNA/eval_00007/output.csv
247	data/mga_smoke/nbody_triage_kj/rank7_KERBIN-DUNA-KERBIN-KERBIN-JOOL/legs/leg1_KERBIN_to_DUNA/eval_00005/output.csv
247	data/mga_smoke/nbody_triage_kj/rank7_KERBIN-DUNA-KERBIN-KERBIN-JOOL/legs/leg1_KERBIN_to_DUNA/eval_00004/output.csv
247	data/mga_smoke/nbody_triage_kj/rank7_KERBIN-DUNA-KERBIN-KERBIN-JOOL/legs/leg1_KERBIN_to_DUNA/eval_00003/output.csv
247	data/mga_smoke/nbody_triage_kj/rank7_KERBIN-DUNA-KERBIN-KERBIN-JOOL/legs/leg1_KERBIN_to_DUNA/eval_00002/output.csv
247	data/mga_smoke/nbody_triage_kj/rank7_KERBIN-DUNA-KERBIN-KERBIN-JOOL/legs/leg1_KERBIN_to_DUNA/eval_00001/output.csv
247	data/mga_smoke/nbody_triage_kj/rank4_KERBIN-EVE-KERBIN-JOOL/legs/leg2_EVE_to_KERBIN/eval_00014/output.csv
247	data/mga_smoke/nbody_triage_kj/rank4_KERBIN-EVE-KERBIN-JOOL/legs/leg2_EVE_to_KERBIN/eval_00010/output.csv
247	data/mga_smoke/nbody_triage_kj/rank4_KERBIN-EVE-KERBIN-JOOL/audit_work/leg1_KERBIN_to_EVE/corrected_output.csv
247	data/mga_smoke/nbody_triage_kj/rank1_KERBIN-EVE-KERBIN-KERBIN-JOOL/legs/leg2_EVE_to_KERBIN/eval_00023/output.csv
247	data/mga_smoke/nbody_triage_kj/rank1_KERBIN-EVE-KERBIN-KERBIN-JOOL/legs/leg2_EVE_to_KERBIN/eval_00022/output.csv
247	data/mga_smoke/nbody_triage_kj/rank1_KERBIN-EVE-KERBIN-KERBIN-JOOL/legs/leg1_KERBIN_to_EVE/eval_00017/output.csv
247	data/mga_smoke/nbody_triage_kj/rank1_KERBIN-EVE-KERBIN-KERBIN-JOOL/legs/leg1_KERBIN_to_EVE/eval_00016/output.csv
247	data/mga_smoke/nbody_triage_kj/rank1_KERBIN-EVE-KERBIN-KERBIN-JOOL/legs/leg1_KERBIN_to_EVE/eval_00006/output.csv
247	data/mga_smoke/nbody_triage_kj/rank18_KERBIN-EVE-DUNA-KERBIN-JOOL/legs/leg1_KERBIN_to_EVE/eval_00041/output.csv
247	data/mga_smoke/nbody_triage_kj/rank18_KERBIN-EVE-DUNA-KERBIN-JOOL/legs/leg1_KERBIN_to_EVE/eval_00040/output.csv
247	data/mga_smoke/nbody_triage_kj/rank18_KERBIN-EVE-DUNA-KERBIN-JOOL/legs/leg1_KERBIN_to_EVE/eval_00039/output.csv
247	data/mga_smoke/nbody_triage_kj/rank18_KERBIN-EVE-DUNA-KERBIN-JOOL/legs/leg1_KERBIN_to_EVE/eval_00038/output.csv
247	data/mga_smoke/nbody_triage_kj/rank18_KERBIN-EVE-DUNA-KERBIN-JOOL/legs/leg1_KERBIN_to_EVE/eval_00036/output.csv
247	data/mga_smoke/nbody_triage_kj/rank18_KERBIN-EVE-DUNA-KERBIN-JOOL/legs/leg1_KERBIN_to_EVE/eval_00034/output.csv
247	data/mga_smoke/nbody_triage_kj/rank18_KERBIN-EVE-DUNA-KERBIN-JOOL/legs/leg1_KERBIN_to_EVE/eval_00029/output.csv
247	data/mga_smoke/nbody_triage_kj/rank18_KERBIN-EVE-DUNA-KERBIN-JOOL/legs/leg1_KERBIN_to_EVE/eval_00026/output.csv
247	data/mga_smoke/nbody_triage_kj/rank18_KERBIN-EVE-DUNA-KERBIN-JOOL/legs/leg1_KERBIN_to_EVE/eval_00025/output.csv
247	data/mga_smoke/nbody_triage_kj/rank18_KERBIN-EVE-DUNA-KERBIN-JOOL/legs/leg1_KERBIN_to_EVE/eval_00024/output.csv
247	data/mga_smoke/nbody_triage_kj/rank18_KERBIN-EVE-DUNA-KERBIN-JOOL/legs/leg1_KERBIN_to_EVE/eval_00023/output.csv
247	data/mga_smoke/nbody_triage_kj/rank18_KERBIN-EVE-DUNA-KERBIN-JOOL/legs/leg1_KERBIN_to_EVE/eval_00022/output.csv
247	data/mga_smoke/nbody_triage_kj/rank18_KERBIN-EVE-DUNA-KERBIN-JOOL/legs/leg1_KERBIN_to_EVE/eval_00020/output.csv
247	data/mga_smoke/nbody_triage_kj/rank18_KERBIN-EVE-DUNA-KERBIN-JOOL/legs/leg1_KERBIN_to_EVE/eval_00019/output.csv
247	data/mga_smoke/nbody_triage_kj/rank18_KERBIN-EVE-DUNA-KERBIN-JOOL/legs/leg1_KERBIN_to_EVE/eval_00017/output.csv
247	data/mga_smoke/nbody_triage_kj/rank18_KERBIN-EVE-DUNA-KERBIN-JOOL/legs/leg1_KERBIN_to_EVE/eval_00013/output.csv
247	data/mga_smoke/nbody_triage_kj/rank18_KERBIN-EVE-DUNA-KERBIN-JOOL/legs/leg1_KERBIN_to_EVE/eval_00012/output.csv
247	data/mga_smoke/nbody_triage_kj/rank18_KERBIN-EVE-DUNA-KERBIN-JOOL/legs/leg1_KERBIN_to_EVE/eval_00011/output.csv
247	data/mga_smoke/nbody_triage_kj/rank18_KERBIN-EVE-DUNA-KERBIN-JOOL/legs/leg1_KERBIN_to_EVE/eval_00010/output.csv
247	data/mga_smoke/nbody_triage_kj/rank15_KERBIN-KERBIN-EVE-KERBIN-JOOL/legs/leg4_KERBIN_to_JOOL/eval_00029/output.csv
247	data/mga_smoke/nbody_triage_kj/rank15_KERBIN-KERBIN-EVE-KERBIN-JOOL/legs/leg4_KERBIN_to_JOOL/eval_00023/output.csv
247	data/mga_smoke/nbody_triage_kj/rank15_KERBIN-KERBIN-EVE-KERBIN-JOOL/legs/leg4_KERBIN_to_JOOL/eval_00005/output.csv
247	data/mga_smoke/nbody_triage_kj/rank15_KERBIN-KERBIN-EVE-KERBIN-JOOL/legs/leg3_EVE_to_KERBIN/eval_00010/output.csv
247	data/mga_smoke/nbody_triage_kj/rank15_KERBIN-KERBIN-EVE-KERBIN-JOOL/legs/leg2_KERBIN_to_EVE/eval_00035/output.csv
247	data/mga_smoke/nbody_triage_kj/rank15_KERBIN-KERBIN-EVE-KERBIN-JOOL/legs/leg2_KERBIN_to_EVE/eval_00033/output.csv
247	data/mga_smoke/nbody_triage_kj/rank15_KERBIN-KERBIN-EVE-KERBIN-JOOL/legs/leg2_KERBIN_to_EVE/eval_00032/output.csv
247	data/mga_smoke/nbody_triage_kj/rank15_KERBIN-KERBIN-EVE-KERBIN-JOOL/legs/leg2_KERBIN_to_EVE/eval_00031/output.csv
247	data/mga_smoke/nbody_triage_kj/rank15_KERBIN-KERBIN-EVE-KERBIN-JOOL/legs/leg2_KERBIN_to_EVE/eval_00029/output.csv
247	data/mga_smoke/nbody_triage_kj/rank15_KERBIN-KERBIN-EVE-KERBIN-JOOL/legs/leg2_KERBIN_to_EVE/eval_00027/output.csv
247	data/mga_smoke/nbody_triage_kj/rank15_KERBIN-KERBIN-EVE-KERBIN-JOOL/legs/leg2_KERBIN_to_EVE/eval_00025/output.csv
247	data/mga_smoke/nbody_triage_kj/rank15_KERBIN-KERBIN-EVE-KERBIN-JOOL/legs/leg1_KERBIN_to_KERBIN/eval_00061/output.csv
247	data/mga_smoke/nbody_triage_kj/rank15_KERBIN-KERBIN-EVE-KERBIN-JOOL/legs/leg1_KERBIN_to_KERBIN/eval_00026/output.csv
247	data/mga_smoke/nbody_triage_kj/rank15_KERBIN-KERBIN-EVE-KERBIN-JOOL/legs/leg1_KERBIN_to_KERBIN/eval_00022/output.csv
247	data/mga_smoke/nbody_triage_kj/rank12_KERBIN-EVE-KERBIN-JOOL/legs/leg1_KERBIN_to_EVE/eval_00024/output.csv
247	data/mga_smoke/nbody_triage_kj/rank12_KERBIN-EVE-KERBIN-JOOL/legs/leg1_KERBIN_to_EVE/eval_00018/output.csv
247	data/mga_smoke/nbody_triage_kj/rank12_KERBIN-EVE-KERBIN-JOOL/legs/leg1_KERBIN_to_EVE/eval_00013/output.csv
247	data/mga_smoke/nbody_triage_kj/rank12_KERBIN-EVE-KERBIN-JOOL/legs/leg1_KERBIN_to_EVE/eval_00011/output.csv
247	data/mga_smoke/native_target_audit/rank1_leg1/pZ_pY_mX/particle_output.csv
247	data/mga_smoke/native_target_audit/rank1_leg1/pZ_mX_pY/particle_output.csv
247	data/mga_smoke/native_target_audit/rank1_leg1/pY_pX_mZ/particle_output.csv
247	data/mga_smoke/native_target_audit/rank1_leg1/pY_mZ_pX/particle_output.csv
247	data/mga_smoke/native_target_audit/rank1_leg1/pX_pY_mZ/particle_output.csv
247	data/mga_smoke/native_target_audit/rank1_leg1/pX_mZ_pY/particle_output.csv
247	data/mga_smoke/native_target_audit/rank1_leg1/mZ_pY_pX/particle_output.csv
247	data/mga_smoke/native_target_audit/rank1_leg1/mZ_pX_pY/particle_output.csv
247	data/mga_smoke/native_target_audit/rank1_leg1/mZ_mX_mY/particle_output.csv
247	data/mga_smoke/native_target_audit/rank1_leg1/mY_mZ_mX/particle_output.csv
247	data/mga_smoke/native_target_audit/rank1_leg1/mX_pZ_pY/particle_output.csv
247	data/mga_smoke/native_target_audit/rank1_leg1/mX_pY_pZ/particle_output.csv
247	data/mga_smoke/native_target_audit/rank1_leg1/mX_mZ_mY/particle_output.csv
247	data/mga_smoke/native_target_audit/rank1_leg1/mX_mY_mZ/particle_output.csv
247	data/mga_smoke/native_target_audit/rank1_leg1_inverse_transform/pZ_mX_pY/particle_output.csv
247	data/mga_smoke/native_leg_opt/rank1/leg1_KERBIN_to_EVE/eval_00025/output.csv
247	data/mga_smoke/native_leg_opt/rank1/leg1_KERBIN_to_EVE/eval_00023/output.csv
247	data/mga_smoke/native_leg_opt/rank1/leg1_KERBIN_to_EVE/eval_00021/output.csv
247	data/mga_smoke/native_leg_opt/rank1/leg1_KERBIN_to_EVE/eval_00020/output.csv
247	data/mga_smoke/native_leg_opt/rank1/leg1_KERBIN_to_EVE/eval_00015/output.csv
247	data/mga_smoke/native_leg_opt/rank1/leg1_KERBIN_to_EVE/eval_00010/output.csv
247	data/mga_smoke/native_leg_opt/rank1/leg1_KERBIN_to_EVE/eval_00008/output.csv
247	data/mga_smoke/native_leg_opt/rank1/leg1_KERBIN_to_EVE/eval_00007/output.csv
247	data/mga_smoke/native_leg_opt/rank1/leg1_KERBIN_to_EVE/eval_00006/output.csv
247	data/mga_smoke/native_leg_opt/rank1/leg1_KERBIN_to_EVE/eval_00004/output.csv
247	data/mga_smoke/native_leg_opt/rank1/leg1_KERBIN_to_EVE/eval_00003/output.csv
247	data/mga_smoke/native_leg_opt/rank1/leg1_KERBIN_to_EVE/eval_00002/output.csv
247	data/mga_smoke/native_leg_opt/rank1/leg1_KERBIN_to_EVE/eval_00001/output.csv
247	data/mga_smoke/native_leg_opt/rank1_all_legs/leg3_KERBIN_to_JOOL/eval_00031/output.csv
247	data/mga_smoke/native_leg_opt/rank1_all_legs/leg3_KERBIN_to_JOOL/eval_00029/output.csv
247	data/mga_smoke/native_leg_opt/rank1_all_legs/leg3_KERBIN_to_JOOL/eval_00025/output.csv
247	data/mga_smoke/native_leg_opt/rank1_all_legs/leg3_KERBIN_to_JOOL/eval_00007/output.csv
247	data/mga_smoke/native_leg_opt/rank1_all_legs/leg3_KERBIN_to_JOOL/eval_00006/output.csv
247	data/mga_smoke/native_leg_opt/rank1_all_legs/leg2_EVE_to_KERBIN/eval_00035/output.csv
247	data/mga_smoke/native_leg_opt/rank1_all_legs/leg2_EVE_to_KERBIN/eval_00034/output.csv
247	data/mga_smoke/native_leg_opt/rank1_all_legs/leg2_EVE_to_KERBIN/eval_00033/output.csv
247	data/mga_smoke/native_leg_opt/rank1_all_legs/leg2_EVE_to_KERBIN/eval_00030/output.csv
247	data/mga_smoke/native_leg_opt/rank1_all_legs/leg2_EVE_to_KERBIN/eval_00029/output.csv
247	data/mga_smoke/native_leg_opt/rank1_all_legs/leg2_EVE_to_KERBIN/eval_00025/output.csv
247	data/mga_smoke/native_leg_opt/rank1_all_legs/leg2_EVE_to_KERBIN/eval_00021/output.csv
247	data/mga_smoke/native_leg_opt/rank1_all_legs/leg2_EVE_to_KERBIN/eval_00007/output.csv
247	data/mga_smoke/native_leg_opt/rank1_all_legs/leg2_EVE_to_KERBIN/eval_00004/output.csv
247	data/mga_smoke/native_leg_opt/rank1_all_legs/leg1_KERBIN_to_EVE/eval_00025/output.csv
247	data/mga_smoke/native_leg_opt/rank1_all_legs/leg1_KERBIN_to_EVE/eval_00023/output.csv
247	data/mga_smoke/native_leg_opt/rank1_all_legs/leg1_KERBIN_to_EVE/eval_00021/output.csv
247	data/mga_smoke/native_leg_opt/rank1_all_legs/leg1_KERBIN_to_EVE/eval_00020/output.csv
247	data/mga_smoke/native_leg_opt/rank1_all_legs/leg1_KERBIN_to_EVE/eval_00015/output.csv
247	data/mga_smoke/native_leg_opt/rank1_all_legs/leg1_KERBIN_to_EVE/eval_00010/output.csv
247	data/mga_smoke/native_leg_opt/rank1_all_legs/leg1_KERBIN_to_EVE/eval_00008/output.csv
247	data/mga_smoke/native_leg_opt/rank1_all_legs/leg1_KERBIN_to_EVE/eval_00007/output.csv
247	data/mga_smoke/native_leg_opt/rank1_all_legs/leg1_KERBIN_to_EVE/eval_00006/output.csv
247	data/mga_smoke/native_leg_opt/rank1_all_legs/leg1_KERBIN_to_EVE/eval_00004/output.csv
247	data/mga_smoke/native_leg_opt/rank1_all_legs/leg1_KERBIN_to_EVE/eval_00003/output.csv
247	data/mga_smoke/native_leg_opt/rank1_all_legs/leg1_KERBIN_to_EVE/eval_00002/output.csv
247	data/mga_smoke/native_leg_opt/rank1_all_legs/leg1_KERBIN_to_EVE/eval_00001/output.csv
246	data/mga_smoke/nbody_triage_kj/rank7_KERBIN-DUNA-KERBIN-KERBIN-JOOL/legs/leg1_KERBIN_to_DUNA/eval_00006/output.csv
246	data/mga_smoke/nbody_triage_kj/rank4_KERBIN-EVE-KERBIN-JOOL/legs/leg2_EVE_to_KERBIN/eval_00013/output.csv
246	data/mga_smoke/nbody_triage_kj/rank4_KERBIN-EVE-KERBIN-JOOL/legs/leg2_EVE_to_KERBIN/eval_00012/output.csv
246	data/mga_smoke/nbody_triage_kj/rank4_KERBIN-EVE-KERBIN-JOOL/legs/leg2_EVE_to_KERBIN/eval_00011/output.csv
246	data/mga_smoke/nbody_triage_kj/rank4_KERBIN-EVE-KERBIN-JOOL/legs/leg2_EVE_to_KERBIN/eval_00009/output.csv
246	data/mga_smoke/nbody_triage_kj/rank4_KERBIN-EVE-KERBIN-JOOL/legs/leg2_EVE_to_KERBIN/eval_00005/output.csv
246	data/mga_smoke/nbody_triage_kj/rank4_KERBIN-EVE-KERBIN-JOOL/legs/leg2_EVE_to_KERBIN/eval_00003/output.csv
246	data/mga_smoke/nbody_triage_kj/rank4_KERBIN-EVE-KERBIN-JOOL/legs/leg2_EVE_to_KERBIN/eval_00002/output.csv
246	data/mga_smoke/nbody_triage_kj/rank4_KERBIN-EVE-KERBIN-JOOL/legs/leg2_EVE_to_KERBIN/eval_00001/output.csv
246	data/mga_smoke/nbody_triage_kj/rank4_KERBIN-EVE-KERBIN-JOOL/legs/leg1_KERBIN_to_EVE/eval_00029/output.csv
246	data/mga_smoke/nbody_triage_kj/rank4_KERBIN-EVE-KERBIN-JOOL/legs/leg1_KERBIN_to_EVE/eval_00028/output.csv
246	data/mga_smoke/nbody_triage_kj/rank4_KERBIN-EVE-KERBIN-JOOL/legs/leg1_KERBIN_to_EVE/eval_00027/output.csv
246	data/mga_smoke/nbody_triage_kj/rank4_KERBIN-EVE-KERBIN-JOOL/legs/leg1_KERBIN_to_EVE/eval_00025/output.csv
246	data/mga_smoke/nbody_triage_kj/rank4_KERBIN-EVE-KERBIN-JOOL/legs/leg1_KERBIN_to_EVE/eval_00023/output.csv
246	data/mga_smoke/nbody_triage_kj/rank4_KERBIN-EVE-KERBIN-JOOL/legs/leg1_KERBIN_to_EVE/eval_00021/output.csv
246	data/mga_smoke/nbody_triage_kj/rank4_KERBIN-EVE-KERBIN-JOOL/legs/leg1_KERBIN_to_EVE/eval_00020/output.csv
246	data/mga_smoke/nbody_triage_kj/rank4_KERBIN-EVE-KERBIN-JOOL/legs/leg1_KERBIN_to_EVE/eval_00019/output.csv
246	data/mga_smoke/nbody_triage_kj/rank4_KERBIN-EVE-KERBIN-JOOL/legs/leg1_KERBIN_to_EVE/eval_00017/output.csv
246	data/mga_smoke/nbody_triage_kj/rank4_KERBIN-EVE-KERBIN-JOOL/legs/leg1_KERBIN_to_EVE/eval_00013/output.csv
246	data/mga_smoke/nbody_triage_kj/rank4_KERBIN-EVE-KERBIN-JOOL/legs/leg1_KERBIN_to_EVE/eval_00010/output.csv
246	data/mga_smoke/nbody_triage_kj/rank1_KERBIN-EVE-KERBIN-KERBIN-JOOL/legs/leg2_EVE_to_KERBIN/eval_00020/output.csv
246	data/mga_smoke/nbody_triage_kj/rank1_KERBIN-EVE-KERBIN-KERBIN-JOOL/legs/leg2_EVE_to_KERBIN/eval_00019/output.csv
246	data/mga_smoke/nbody_triage_kj/rank1_KERBIN-EVE-KERBIN-KERBIN-JOOL/legs/leg2_EVE_to_KERBIN/eval_00018/output.csv
246	data/mga_smoke/nbody_triage_kj/rank1_KERBIN-EVE-KERBIN-KERBIN-JOOL/legs/leg2_EVE_to_KERBIN/eval_00017/output.csv
246	data/mga_smoke/nbody_triage_kj/rank1_KERBIN-EVE-KERBIN-KERBIN-JOOL/legs/leg2_EVE_to_KERBIN/eval_00016/output.csv
246	data/mga_smoke/nbody_triage_kj/rank1_KERBIN-EVE-KERBIN-KERBIN-JOOL/legs/leg2_EVE_to_KERBIN/eval_00015/output.csv
246	data/mga_smoke/nbody_triage_kj/rank1_KERBIN-EVE-KERBIN-KERBIN-JOOL/legs/leg2_EVE_to_KERBIN/eval_00013/output.csv
246	data/mga_smoke/nbody_triage_kj/rank1_KERBIN-EVE-KERBIN-KERBIN-JOOL/legs/leg1_KERBIN_to_EVE/eval_00007/output.csv
246	data/mga_smoke/nbody_triage_kj/rank18_KERBIN-EVE-DUNA-KERBIN-JOOL/legs/leg1_KERBIN_to_EVE/eval_00037/output.csv
246	data/mga_smoke/nbody_triage_kj/rank18_KERBIN-EVE-DUNA-KERBIN-JOOL/legs/leg1_KERBIN_to_EVE/eval_00035/output.csv
246	data/mga_smoke/nbody_triage_kj/rank18_KERBIN-EVE-DUNA-KERBIN-JOOL/legs/leg1_KERBIN_to_EVE/eval_00033/output.csv
246	data/mga_smoke/nbody_triage_kj/rank18_KERBIN-EVE-DUNA-KERBIN-JOOL/legs/leg1_KERBIN_to_EVE/eval_00032/output.csv
246	data/mga_smoke/nbody_triage_kj/rank18_KERBIN-EVE-DUNA-KERBIN-JOOL/legs/leg1_KERBIN_to_EVE/eval_00031/output.csv
246	data/mga_smoke/nbody_triage_kj/rank18_KERBIN-EVE-DUNA-KERBIN-JOOL/legs/leg1_KERBIN_to_EVE/eval_00028/output.csv
246	data/mga_smoke/nbody_triage_kj/rank18_KERBIN-EVE-DUNA-KERBIN-JOOL/legs/leg1_KERBIN_to_EVE/eval_00027/output.csv
246	data/mga_smoke/nbody_triage_kj/rank18_KERBIN-EVE-DUNA-KERBIN-JOOL/legs/leg1_KERBIN_to_EVE/eval_00018/output.csv
246	data/mga_smoke/nbody_triage_kj/rank18_KERBIN-EVE-DUNA-KERBIN-JOOL/legs/leg1_KERBIN_to_EVE/eval_00015/output.csv
246	data/mga_smoke/nbody_triage_kj/rank18_KERBIN-EVE-DUNA-KERBIN-JOOL/legs/leg1_KERBIN_to_EVE/eval_00014/output.csv
246	data/mga_smoke/nbody_triage_kj/rank18_KERBIN-EVE-DUNA-KERBIN-JOOL/legs/leg1_KERBIN_to_EVE/eval_00008/output.csv
246	data/mga_smoke/nbody_triage_kj/rank18_KERBIN-EVE-DUNA-KERBIN-JOOL/legs/leg1_KERBIN_to_EVE/eval_00006/output.csv
246	data/mga_smoke/nbody_triage_kj/rank18_KERBIN-EVE-DUNA-KERBIN-JOOL/legs/leg1_KERBIN_to_EVE/eval_00005/output.csv
246	data/mga_smoke/nbody_triage_kj/rank18_KERBIN-EVE-DUNA-KERBIN-JOOL/legs/leg1_KERBIN_to_EVE/eval_00004/output.csv
246	data/mga_smoke/nbody_triage_kj/rank15_KERBIN-KERBIN-EVE-KERBIN-JOOL/legs/leg3_EVE_to_KERBIN/eval_00011/output.csv
246	data/mga_smoke/nbody_triage_kj/rank15_KERBIN-KERBIN-EVE-KERBIN-JOOL/legs/leg3_EVE_to_KERBIN/eval_00008/output.csv
246	data/mga_smoke/nbody_triage_kj/rank15_KERBIN-KERBIN-EVE-KERBIN-JOOL/legs/leg3_EVE_to_KERBIN/eval_00007/output.csv
246	data/mga_smoke/nbody_triage_kj/rank15_KERBIN-KERBIN-EVE-KERBIN-JOOL/legs/leg3_EVE_to_KERBIN/eval_00006/output.csv
246	data/mga_smoke/nbody_triage_kj/rank15_KERBIN-KERBIN-EVE-KERBIN-JOOL/legs/leg2_KERBIN_to_EVE/eval_00039/output.csv
246	data/mga_smoke/nbody_triage_kj/rank15_KERBIN-KERBIN-EVE-KERBIN-JOOL/legs/leg2_KERBIN_to_EVE/eval_00038/output.csv
246	data/mga_smoke/nbody_triage_kj/rank15_KERBIN-KERBIN-EVE-KERBIN-JOOL/legs/leg2_KERBIN_to_EVE/eval_00036/output.csv
246	data/mga_smoke/nbody_triage_kj/rank15_KERBIN-KERBIN-EVE-KERBIN-JOOL/legs/leg2_KERBIN_to_EVE/eval_00034/output.csv
246	data/mga_smoke/nbody_triage_kj/rank15_KERBIN-KERBIN-EVE-KERBIN-JOOL/legs/leg2_KERBIN_to_EVE/eval_00030/output.csv
246	data/mga_smoke/nbody_triage_kj/rank15_KERBIN-KERBIN-EVE-KERBIN-JOOL/legs/leg2_KERBIN_to_EVE/eval_00028/output.csv
246	data/mga_smoke/nbody_triage_kj/rank15_KERBIN-KERBIN-EVE-KERBIN-JOOL/legs/leg2_KERBIN_to_EVE/eval_00026/output.csv
246	data/mga_smoke/nbody_triage_kj/rank15_KERBIN-KERBIN-EVE-KERBIN-JOOL/legs/leg2_KERBIN_to_EVE/eval_00023/output.csv
246	data/mga_smoke/nbody_triage_kj/rank15_KERBIN-KERBIN-EVE-KERBIN-JOOL/legs/leg2_KERBIN_to_EVE/eval_00022/output.csv
246	data/mga_smoke/nbody_triage_kj/rank15_KERBIN-KERBIN-EVE-KERBIN-JOOL/legs/leg2_KERBIN_to_EVE/eval_00020/output.csv
246	data/mga_smoke/nbody_triage_kj/rank15_KERBIN-KERBIN-EVE-KERBIN-JOOL/legs/leg2_KERBIN_to_EVE/eval_00019/output.csv
246	data/mga_smoke/nbody_triage_kj/rank15_KERBIN-KERBIN-EVE-KERBIN-JOOL/legs/leg2_KERBIN_to_EVE/eval_00016/output.csv
246	data/mga_smoke/nbody_triage_kj/rank15_KERBIN-KERBIN-EVE-KERBIN-JOOL/legs/leg2_KERBIN_to_EVE/eval_00014/output.csv
246	data/mga_smoke/nbody_triage_kj/rank15_KERBIN-KERBIN-EVE-KERBIN-JOOL/legs/leg2_KERBIN_to_EVE/eval_00012/output.csv
246	data/mga_smoke/nbody_triage_kj/rank15_KERBIN-KERBIN-EVE-KERBIN-JOOL/legs/leg2_KERBIN_to_EVE/eval_00011/output.csv
246	data/mga_smoke/nbody_triage_kj/rank12_KERBIN-EVE-KERBIN-JOOL/legs/leg1_KERBIN_to_EVE/eval_00020/output.csv
246	data/mga_smoke/nbody_triage_kj/rank12_KERBIN-EVE-KERBIN-JOOL/legs/leg1_KERBIN_to_EVE/eval_00019/output.csv
246	data/mga_smoke/nbody_triage_kj/rank12_KERBIN-EVE-KERBIN-JOOL/legs/leg1_KERBIN_to_EVE/eval_00017/output.csv
246	data/mga_smoke/nbody_triage_kj/rank12_KERBIN-EVE-KERBIN-JOOL/legs/leg1_KERBIN_to_EVE/eval_00016/output.csv
246	data/mga_smoke/nbody_triage_kj/rank12_KERBIN-EVE-KERBIN-JOOL/legs/leg1_KERBIN_to_EVE/eval_00015/output.csv
246	data/mga_smoke/nbody_triage_kj/rank12_KERBIN-EVE-KERBIN-JOOL/legs/leg1_KERBIN_to_EVE/eval_00014/output.csv
246	data/mga_smoke/nbody_triage_kj/rank12_KERBIN-EVE-KERBIN-JOOL/legs/leg1_KERBIN_to_EVE/eval_00009/output.csv
246	data/mga_smoke/nbody_triage_kj/rank12_KERBIN-EVE-KERBIN-JOOL/legs/leg1_KERBIN_to_EVE/eval_00007/output.csv
246	data/mga_smoke/nbody_triage_kj/rank12_KERBIN-EVE-KERBIN-JOOL/legs/leg1_KERBIN_to_EVE/eval_00006/output.csv
246	data/mga_smoke/nbody_triage_kj/rank12_KERBIN-EVE-KERBIN-JOOL/legs/leg1_KERBIN_to_EVE/eval_00005/output.csv
246	data/mga_smoke/nbody_triage_kj/rank12_KERBIN-EVE-KERBIN-JOOL/legs/leg1_KERBIN_to_EVE/eval_00003/output.csv
246	data/mga_smoke/nbody_triage_kj/rank12_KERBIN-EVE-KERBIN-JOOL/legs/leg1_KERBIN_to_EVE/eval_00002/output.csv
246	data/mga_smoke/nbody_triage_kj/rank12_KERBIN-EVE-KERBIN-JOOL/legs/leg1_KERBIN_to_EVE/eval_00001/output.csv
246	data/mga_smoke/native_target_audit/rank1_leg1/pY_mX_pZ/particle_output.csv
246	data/mga_smoke/native_target_audit/rank1_leg1/mZ_mY_mX/particle_output.csv
246	data/mga_smoke/native_target_audit/rank1_leg1/mY_mX_mZ/particle_output.csv
246	data/mga_smoke/native_leg_opt/rank1/leg1_KERBIN_to_EVE/eval_00030/output.csv
246	data/mga_smoke/native_leg_opt/rank1/leg1_KERBIN_to_EVE/eval_00029/output.csv
246	data/mga_smoke/native_leg_opt/rank1/leg1_KERBIN_to_EVE/eval_00028/output.csv
246	data/mga_smoke/native_leg_opt/rank1/leg1_KERBIN_to_EVE/eval_00027/output.csv
246	data/mga_smoke/native_leg_opt/rank1/leg1_KERBIN_to_EVE/eval_00026/output.csv
246	data/mga_smoke/native_leg_opt/rank1/leg1_KERBIN_to_EVE/eval_00024/output.csv
246	data/mga_smoke/native_leg_opt/rank1/leg1_KERBIN_to_EVE/eval_00022/output.csv
246	data/mga_smoke/native_leg_opt/rank1/leg1_KERBIN_to_EVE/eval_00019/output.csv
246	data/mga_smoke/native_leg_opt/rank1/leg1_KERBIN_to_EVE/eval_00013/output.csv
246	data/mga_smoke/native_leg_opt/rank1_all_legs/leg3_KERBIN_to_JOOL/eval_00033/output.csv
246	data/mga_smoke/native_leg_opt/rank1_all_legs/leg3_KERBIN_to_JOOL/eval_00032/output.csv
246	data/mga_smoke/native_leg_opt/rank1_all_legs/leg3_KERBIN_to_JOOL/eval_00015/output.csv
246	data/mga_smoke/native_leg_opt/rank1_all_legs/leg1_KERBIN_to_EVE/eval_00030/output.csv
246	data/mga_smoke/native_leg_opt/rank1_all_legs/leg1_KERBIN_to_EVE/eval_00029/output.csv
246	data/mga_smoke/native_leg_opt/rank1_all_legs/leg1_KERBIN_to_EVE/eval_00028/output.csv
246	data/mga_smoke/native_leg_opt/rank1_all_legs/leg1_KERBIN_to_EVE/eval_00027/output.csv
246	data/mga_smoke/native_leg_opt/rank1_all_legs/leg1_KERBIN_to_EVE/eval_00026/output.csv
246	data/mga_smoke/native_leg_opt/rank1_all_legs/leg1_KERBIN_to_EVE/eval_00024/output.csv
246	data/mga_smoke/native_leg_opt/rank1_all_legs/leg1_KERBIN_to_EVE/eval_00022/output.csv
246	data/mga_smoke/native_leg_opt/rank1_all_legs/leg1_KERBIN_to_EVE/eval_00019/output.csv
246	data/mga_smoke/native_leg_opt/rank1_all_legs/leg1_KERBIN_to_EVE/eval_00013/output.csv
245	data/mga_smoke/validator_inputs/rank1_leg1_output.csv
245	data/mga_smoke/nbody_triage_kj/rank7_KERBIN-DUNA-KERBIN-KERBIN-JOOL/legs/leg1_KERBIN_to_DUNA/eval_00008/output.csv
245	data/mga_smoke/nbody_triage_kj/rank4_KERBIN-EVE-KERBIN-JOOL/legs/leg2_EVE_to_KERBIN/eval_00008/output.csv
245	data/mga_smoke/nbody_triage_kj/rank4_KERBIN-EVE-KERBIN-JOOL/legs/leg2_EVE_to_KERBIN/eval_00007/output.csv
245	data/mga_smoke/nbody_triage_kj/rank4_KERBIN-EVE-KERBIN-JOOL/legs/leg2_EVE_to_KERBIN/eval_00006/output.csv
245	data/mga_smoke/nbody_triage_kj/rank4_KERBIN-EVE-KERBIN-JOOL/legs/leg2_EVE_to_KERBIN/eval_00004/output.csv
245	data/mga_smoke/nbody_triage_kj/rank4_KERBIN-EVE-KERBIN-JOOL/legs/leg1_KERBIN_to_EVE/eval_00030/output.csv
245	data/mga_smoke/nbody_triage_kj/rank4_KERBIN-EVE-KERBIN-JOOL/legs/leg1_KERBIN_to_EVE/eval_00026/output.csv
245	data/mga_smoke/nbody_triage_kj/rank4_KERBIN-EVE-KERBIN-JOOL/legs/leg1_KERBIN_to_EVE/eval_00022/output.csv
245	data/mga_smoke/nbody_triage_kj/rank4_KERBIN-EVE-KERBIN-JOOL/legs/leg1_KERBIN_to_EVE/eval_00018/output.csv
245	data/mga_smoke/nbody_triage_kj/rank4_KERBIN-EVE-KERBIN-JOOL/legs/leg1_KERBIN_to_EVE/eval_00015/output.csv
245	data/mga_smoke/nbody_triage_kj/rank4_KERBIN-EVE-KERBIN-JOOL/legs/leg1_KERBIN_to_EVE/eval_00014/output.csv
245	data/mga_smoke/nbody_triage_kj/rank4_KERBIN-EVE-KERBIN-JOOL/legs/leg1_KERBIN_to_EVE/eval_00012/output.csv
245	data/mga_smoke/nbody_triage_kj/rank4_KERBIN-EVE-KERBIN-JOOL/legs/leg1_KERBIN_to_EVE/eval_00008/output.csv
245	data/mga_smoke/nbody_triage_kj/rank4_KERBIN-EVE-KERBIN-JOOL/legs/leg1_KERBIN_to_EVE/eval_00007/output.csv
245	data/mga_smoke/nbody_triage_kj/rank4_KERBIN-EVE-KERBIN-JOOL/legs/leg1_KERBIN_to_EVE/eval_00006/output.csv
245	data/mga_smoke/nbody_triage_kj/rank4_KERBIN-EVE-KERBIN-JOOL/legs/leg1_KERBIN_to_EVE/eval_00005/output.csv
245	data/mga_smoke/nbody_triage_kj/rank4_KERBIN-EVE-KERBIN-JOOL/legs/leg1_KERBIN_to_EVE/eval_00003/output.csv
245	data/mga_smoke/nbody_triage_kj/rank4_KERBIN-EVE-KERBIN-JOOL/legs/leg1_KERBIN_to_EVE/eval_00002/output.csv
245	data/mga_smoke/nbody_triage_kj/rank4_KERBIN-EVE-KERBIN-JOOL/legs/leg1_KERBIN_to_EVE/eval_00001/output.csv
245	data/mga_smoke/nbody_triage_kj/rank1_KERBIN-EVE-KERBIN-KERBIN-JOOL/legs/leg2_EVE_to_KERBIN/eval_00021/output.csv
245	data/mga_smoke/nbody_triage_kj/rank1_KERBIN-EVE-KERBIN-KERBIN-JOOL/legs/leg2_EVE_to_KERBIN/eval_00011/output.csv
245	data/mga_smoke/nbody_triage_kj/rank1_KERBIN-EVE-KERBIN-KERBIN-JOOL/legs/leg2_EVE_to_KERBIN/eval_00010/output.csv
245	data/mga_smoke/nbody_triage_kj/rank1_KERBIN-EVE-KERBIN-KERBIN-JOOL/legs/leg2_EVE_to_KERBIN/eval_00009/output.csv
245	data/mga_smoke/nbody_triage_kj/rank1_KERBIN-EVE-KERBIN-KERBIN-JOOL/legs/leg2_EVE_to_KERBIN/eval_00005/output.csv
245	data/mga_smoke/nbody_triage_kj/rank1_KERBIN-EVE-KERBIN-KERBIN-JOOL/legs/leg2_EVE_to_KERBIN/eval_00004/output.csv
245	data/mga_smoke/nbody_triage_kj/rank1_KERBIN-EVE-KERBIN-KERBIN-JOOL/legs/leg2_EVE_to_KERBIN/eval_00003/output.csv
245	data/mga_smoke/nbody_triage_kj/rank1_KERBIN-EVE-KERBIN-KERBIN-JOOL/legs/leg2_EVE_to_KERBIN/eval_00002/output.csv
245	data/mga_smoke/nbody_triage_kj/rank1_KERBIN-EVE-KERBIN-KERBIN-JOOL/legs/leg2_EVE_to_KERBIN/eval_00001/output.csv
245	data/mga_smoke/nbody_triage_kj/rank18_KERBIN-EVE-DUNA-KERBIN-JOOL/legs/leg1_KERBIN_to_EVE/eval_00030/output.csv
245	data/mga_smoke/nbody_triage_kj/rank18_KERBIN-EVE-DUNA-KERBIN-JOOL/legs/leg1_KERBIN_to_EVE/eval_00016/output.csv
245	data/mga_smoke/nbody_triage_kj/rank18_KERBIN-EVE-DUNA-KERBIN-JOOL/legs/leg1_KERBIN_to_EVE/eval_00009/output.csv
245	data/mga_smoke/nbody_triage_kj/rank18_KERBIN-EVE-DUNA-KERBIN-JOOL/legs/leg1_KERBIN_to_EVE/eval_00003/output.csv
245	data/mga_smoke/nbody_triage_kj/rank18_KERBIN-EVE-DUNA-KERBIN-JOOL/legs/leg1_KERBIN_to_EVE/eval_00002/output.csv
245	data/mga_smoke/nbody_triage_kj/rank18_KERBIN-EVE-DUNA-KERBIN-JOOL/legs/leg1_KERBIN_to_EVE/eval_00001/output.csv
245	data/mga_smoke/nbody_triage_kj/rank15_KERBIN-KERBIN-EVE-KERBIN-JOOL/legs/leg2_KERBIN_to_EVE/eval_00037/output.csv
245	data/mga_smoke/nbody_triage_kj/rank15_KERBIN-KERBIN-EVE-KERBIN-JOOL/legs/leg2_KERBIN_to_EVE/eval_00018/output.csv
245	data/mga_smoke/nbody_triage_kj/rank15_KERBIN-KERBIN-EVE-KERBIN-JOOL/legs/leg2_KERBIN_to_EVE/eval_00017/output.csv
245	data/mga_smoke/nbody_triage_kj/rank15_KERBIN-KERBIN-EVE-KERBIN-JOOL/legs/leg2_KERBIN_to_EVE/eval_00013/output.csv
245	data/mga_smoke/nbody_triage_kj/rank15_KERBIN-KERBIN-EVE-KERBIN-JOOL/legs/leg2_KERBIN_to_EVE/eval_00010/output.csv
245	data/mga_smoke/nbody_triage_kj/rank15_KERBIN-KERBIN-EVE-KERBIN-JOOL/legs/leg2_KERBIN_to_EVE/eval_00007/output.csv
245	data/mga_smoke/nbody_triage_kj/rank15_KERBIN-KERBIN-EVE-KERBIN-JOOL/legs/leg2_KERBIN_to_EVE/eval_00006/output.csv
245	data/mga_smoke/nbody_triage_kj/rank15_KERBIN-KERBIN-EVE-KERBIN-JOOL/legs/leg2_KERBIN_to_EVE/eval_00005/output.csv
245	data/mga_smoke/nbody_triage_kj/rank15_KERBIN-KERBIN-EVE-KERBIN-JOOL/legs/leg2_KERBIN_to_EVE/eval_00004/output.csv
245	data/mga_smoke/nbody_triage_kj/rank15_KERBIN-KERBIN-EVE-KERBIN-JOOL/legs/leg2_KERBIN_to_EVE/eval_00003/output.csv
245	data/mga_smoke/nbody_triage_kj/rank15_KERBIN-KERBIN-EVE-KERBIN-JOOL/legs/leg2_KERBIN_to_EVE/eval_00002/output.csv
245	data/mga_smoke/nbody_triage_kj/rank15_KERBIN-KERBIN-EVE-KERBIN-JOOL/legs/leg2_KERBIN_to_EVE/eval_00001/output.csv
245	data/mga_smoke/nbody_triage_kj/rank12_KERBIN-EVE-KERBIN-JOOL/legs/leg1_KERBIN_to_EVE/eval_00023/output.csv
245	data/mga_smoke/nbody_triage_kj/rank12_KERBIN-EVE-KERBIN-JOOL/legs/leg1_KERBIN_to_EVE/eval_00012/output.csv
245	data/mga_smoke/nbody_triage_kj/rank12_KERBIN-EVE-KERBIN-JOOL/legs/leg1_KERBIN_to_EVE/eval_00010/output.csv
245	data/mga_smoke/nbody_triage_kj/rank12_KERBIN-EVE-KERBIN-JOOL/legs/leg1_KERBIN_to_EVE/eval_00004/output.csv
245	data/mga_smoke/native_target_audit/seed43_leg1/pZ_pX_pY/particle_output.csv
245	data/mga_smoke/native_target_audit/seed43_leg1/pZ_pX_mY/particle_output.csv
245	data/mga_smoke/native_target_audit/rank1_leg1/pZ_pY_pX/particle_output.csv
245	data/mga_smoke/native_target_audit/rank1_leg1/pZ_mX_mY/particle_output.csv
245	data/mga_smoke/native_target_audit/rank1_leg1/pY_pZ_pX/particle_output.csv
245	data/mga_smoke/native_target_audit/rank1_leg1/pY_pZ_mX/particle_output.csv
245	data/mga_smoke/native_target_audit/rank1_leg1/pX_pZ_pY/particle_output.csv
245	data/mga_smoke/native_target_audit/rank1_leg1/pX_pY_pZ/particle_output.csv
245	data/mga_smoke/native_target_audit/rank1_leg1/pX_mZ_mY/particle_output.csv
245	data/mga_smoke/native_target_audit/rank1_leg1/mZ_mY_pX/particle_output.csv
245	data/mga_smoke/native_target_audit/rank1_leg1/mY_pZ_mX/particle_output.csv
245	data/mga_smoke/native_target_audit/rank1_leg1/mY_pX_mZ/particle_output.csv
245	data/mga_smoke/native_target_audit/rank1_leg1/mY_mZ_pX/particle_output.csv
245	data/mga_smoke/native_target_audit/rank1_leg1/mY_mX_pZ/particle_output.csv
245	data/mga_smoke/native_target_audit/rank1_leg1/mX_pZ_mY/particle_output.csv
245	data/mga_smoke/native_target_audit/rank1_leg1/mX_mY_pZ/particle_output.csv
245	data/mga_smoke/native_leg_opt/rank1/leg1_KERBIN_to_EVE/eval_00009/output.csv
245	data/mga_smoke/native_leg_opt/rank1_all_legs/leg2_EVE_to_KERBIN/eval_00028/output.csv
245	data/mga_smoke/native_leg_opt/rank1_all_legs/leg1_KERBIN_to_EVE/eval_00009/output.csv
244	data/mga_smoke/nbody_triage_kj/rank7_KERBIN-DUNA-KERBIN-KERBIN-JOOL/legs/leg1_KERBIN_to_DUNA/eval_00014/output.csv
244	data/mga_smoke/nbody_triage_kj/rank4_KERBIN-EVE-KERBIN-JOOL/legs/leg1_KERBIN_to_EVE/eval_00032/output.csv
244	data/mga_smoke/nbody_triage_kj/rank4_KERBIN-EVE-KERBIN-JOOL/legs/leg1_KERBIN_to_EVE/eval_00031/output.csv
244	data/mga_smoke/nbody_triage_kj/rank4_KERBIN-EVE-KERBIN-JOOL/legs/leg1_KERBIN_to_EVE/eval_00004/output.csv
244	data/mga_smoke/nbody_triage_kj/rank1_KERBIN-EVE-KERBIN-KERBIN-JOOL/legs/leg2_EVE_to_KERBIN/eval_00014/output.csv
244	data/mga_smoke/nbody_triage_kj/rank1_KERBIN-EVE-KERBIN-KERBIN-JOOL/legs/leg2_EVE_to_KERBIN/eval_00012/output.csv
244	data/mga_smoke/nbody_triage_kj/rank1_KERBIN-EVE-KERBIN-KERBIN-JOOL/legs/leg2_EVE_to_KERBIN/eval_00008/output.csv
244	data/mga_smoke/nbody_triage_kj/rank1_KERBIN-EVE-KERBIN-KERBIN-JOOL/legs/leg2_EVE_to_KERBIN/eval_00007/output.csv
244	data/mga_smoke/nbody_triage_kj/rank1_KERBIN-EVE-KERBIN-KERBIN-JOOL/legs/leg1_KERBIN_to_EVE/eval_00008/output.csv
244	data/mga_smoke/nbody_triage_kj/rank15_KERBIN-KERBIN-EVE-KERBIN-JOOL/legs/leg2_KERBIN_to_EVE/eval_00015/output.csv
244	data/mga_smoke/nbody_triage_kj/rank15_KERBIN-KERBIN-EVE-KERBIN-JOOL/legs/leg2_KERBIN_to_EVE/eval_00009/output.csv
244	data/mga_smoke/nbody_triage_kj/rank15_KERBIN-KERBIN-EVE-KERBIN-JOOL/legs/leg2_KERBIN_to_EVE/eval_00008/output.csv
244	data/mga_smoke/nbody_triage_kj/rank12_KERBIN-EVE-KERBIN-JOOL/legs/leg1_KERBIN_to_EVE/eval_00008/output.csv
244	data/mga_smoke/native_target_audit/seed43_leg1/pX_pY_pZ/particle_output.csv
244	data/mga_smoke/native_target_audit/rank1_leg1/pZ_mY_mX/particle_output.csv
244	data/mga_smoke/native_target_audit/rank1_leg1/pY_pX_pZ/particle_output.csv
244	data/mga_smoke/native_target_audit/rank1_leg1/pX_mY_mZ/particle_output.csv
244	data/mga_smoke/native_target_audit/rank1_leg1/mZ_pX_mY/particle_output.csv
244	data/mga_smoke/native_leg_opt/rank1/leg1_KERBIN_to_EVE/eval_00005/output.csv
244	data/mga_smoke/native_leg_opt/rank1_all_legs/leg1_KERBIN_to_EVE/eval_00005/output.csv
243	data/mga_smoke/nbody_triage_kj/rank4_KERBIN-EVE-KERBIN-JOOL/legs/leg1_KERBIN_to_EVE/eval_00024/output.csv
243	data/mga_smoke/nbody_triage_kj/rank4_KERBIN-EVE-KERBIN-JOOL/legs/leg1_KERBIN_to_EVE/eval_00011/output.csv
243	data/mga_smoke/nbody_triage_kj/rank4_KERBIN-EVE-KERBIN-JOOL/legs/leg1_KERBIN_to_EVE/eval_00009/output.csv
243	data/mga_smoke/nbody_triage_kj/rank1_KERBIN-EVE-KERBIN-KERBIN-JOOL/legs/leg2_EVE_to_KERBIN/eval_00006/output.csv
243	data/mga_smoke/nbody_triage_kj/rank18_KERBIN-EVE-DUNA-KERBIN-JOOL/legs/leg2_EVE_to_DUNA/eval_00004/output.csv
243	data/mga_smoke/nbody_triage_kj/rank15_KERBIN-KERBIN-EVE-KERBIN-JOOL/legs/leg2_KERBIN_to_EVE/eval_00021/output.csv
243	data/mga_smoke/native_target_audit/seed43_leg1/ mY_pX_pZ/particle_output.csv
243	data/mga_smoke/native_target_audit/rank1_leg1/pZ_pX_pY/particle_output.csv
243	data/mga_smoke/native_target_audit/rank1_leg1/pZ_pX_mY/particle_output.csv
243	data/mga_smoke/native_target_audit/rank1_leg1/pX_pZ_mY/particle_output.csv
243	data/mga_smoke/native_target_audit/rank1_leg1/pX_mY_pZ/particle_output.csv
243	data/mga_smoke/native_target_audit/rank1_leg1/mY_pX_pZ/particle_output.csv
242	data/mga_smoke/nbody_triage_kj/rank4_KERBIN-EVE-KERBIN-JOOL/legs/leg1_KERBIN_to_EVE/eval_00016/output.csv
242	data/mga_smoke/nbody_triage_kj/rank18_KERBIN-EVE-DUNA-KERBIN-JOOL/legs/leg1_KERBIN_to_EVE/eval_00007/output.csv
241	data/mga_smoke/nbody_triage_kj/rank18_KERBIN-EVE-DUNA-KERBIN-JOOL/legs/leg2_EVE_to_DUNA/eval_00003/output.csv
241	data/mga_smoke/nbody_triage_kj/rank18_KERBIN-EVE-DUNA-KERBIN-JOOL/legs/leg2_EVE_to_DUNA/eval_00002/output.csv
241	data/mga_smoke/nbody_triage_kj/rank18_KERBIN-EVE-DUNA-KERBIN-JOOL/legs/leg2_EVE_to_DUNA/eval_00001/output.csv
241	data/mga_smoke/native_target_audit/rank1_leg1/pZ_mY_pX/particle_output.csv
240	data/mga_smoke/native_target_audit/rank1_leg1/mY_pZ_pX/particle_output.csv
233	data/mga_smoke/nbody_triage_kj/rank7_KERBIN-DUNA-KERBIN-KERBIN-JOOL/audit_work/leg3_KERBIN_to_KERBIN/corrected_input.csv
233	data/mga_smoke/nbody_triage_kj/rank1_KERBIN-EVE-KERBIN-KERBIN-JOOL/audit_work/leg3_KERBIN_to_KERBIN/corrected_input.csv
232	data/mga_smoke/nbody_triage_kj/rank7_KERBIN-DUNA-KERBIN-KERBIN-JOOL/audit_work/leg4_KERBIN_to_JOOL/corrected_input.csv
232	data/mga_smoke/nbody_triage_kj/rank15_KERBIN-KERBIN-EVE-KERBIN-JOOL/audit_work/leg2_KERBIN_to_EVE/corrected_input.csv
232	data/mga_smoke/nbody_triage_kj/rank15_KERBIN-KERBIN-EVE-KERBIN-JOOL/audit_work/leg1_KERBIN_to_KERBIN/corrected_input.csv
231	data/mga_smoke/nbody_triage_kj/rank4_KERBIN-EVE-KERBIN-JOOL/audit_work/leg3_KERBIN_to_JOOL/corrected_input.csv
231	data/mga_smoke/nbody_triage_kj/rank4_KERBIN-EVE-KERBIN-JOOL/audit_work/leg1_KERBIN_to_EVE/corrected_input.csv
231	data/mga_smoke/nbody_triage_kj/rank12_KERBIN-EVE-KERBIN-JOOL/audit_work/leg2_EVE_to_KERBIN/corrected_input.csv
230	data/mga_smoke/nbody_triage_kj/rank1_KERBIN-EVE-KERBIN-KERBIN-JOOL/audit_work/leg1_KERBIN_to_EVE/corrected_input.csv
230	data/mga_smoke/nbody_triage_kj/rank18_KERBIN-EVE-DUNA-KERBIN-JOOL/audit_work/leg4_KERBIN_to_JOOL/corrected_input.csv
230	data/mga_smoke/nbody_triage_kj/rank18_KERBIN-EVE-DUNA-KERBIN-JOOL/audit_work/leg3_DUNA_to_KERBIN/corrected_input.csv
230	data/mga_smoke/nbody_triage_kj/rank15_KERBIN-KERBIN-EVE-KERBIN-JOOL/legs/leg1_KERBIN_to_KERBIN/eval_00027/input.csv
230	data/mga_smoke/nbody_triage_kj/rank15_KERBIN-KERBIN-EVE-KERBIN-JOOL/legs/leg1_KERBIN_to_KERBIN/eval_00025/input.csv
230	data/mga_smoke/nbody_triage_kj/rank15_KERBIN-KERBIN-EVE-KERBIN-JOOL/legs/leg1_KERBIN_to_KERBIN/eval_00024/input.csv
230	data/mga_smoke/nbody_triage_kj/rank15_KERBIN-KERBIN-EVE-KERBIN-JOOL/legs/leg1_KERBIN_to_KERBIN/eval_00021/input.csv
230	data/mga_smoke/nbody_triage_kj/rank15_KERBIN-KERBIN-EVE-KERBIN-JOOL/legs/leg1_KERBIN_to_KERBIN/eval_00020/input.csv
230	data/mga_smoke/nbody_triage_kj/rank15_KERBIN-KERBIN-EVE-KERBIN-JOOL/legs/leg1_KERBIN_to_KERBIN/eval_00019/input.csv
230	data/mga_smoke/nbody_triage_kj/rank15_KERBIN-KERBIN-EVE-KERBIN-JOOL/legs/leg1_KERBIN_to_KERBIN/eval_00018/input.csv
230	data/mga_smoke/nbody_triage_kj/rank15_KERBIN-KERBIN-EVE-KERBIN-JOOL/legs/leg1_KERBIN_to_KERBIN/eval_00017/input.csv
230	data/mga_smoke/nbody_triage_kj/rank15_KERBIN-KERBIN-EVE-KERBIN-JOOL/legs/leg1_KERBIN_to_KERBIN/eval_00016/input.csv
230	data/mga_smoke/nbody_triage_kj/rank15_KERBIN-KERBIN-EVE-KERBIN-JOOL/legs/leg1_KERBIN_to_KERBIN/eval_00015/input.csv
230	data/mga_smoke/nbody_triage_kj/rank15_KERBIN-KERBIN-EVE-KERBIN-JOOL/legs/leg1_KERBIN_to_KERBIN/eval_00014/input.csv
230	data/mga_smoke/nbody_triage_kj/rank15_KERBIN-KERBIN-EVE-KERBIN-JOOL/legs/leg1_KERBIN_to_KERBIN/eval_00013/input.csv
230	data/mga_smoke/nbody_triage_kj/rank15_KERBIN-KERBIN-EVE-KERBIN-JOOL/legs/leg1_KERBIN_to_KERBIN/eval_00010/input.csv
230	data/mga_smoke/native_flyby_audit/rank1/leg3_KERBIN_to_JOOL/corrected_input.csv
229	data/mga_v0_1/mission_jool_galileo_like/diagnostics/beam_routes.jool_clean_candidates_rp300.csv
229	data/mga_v0_1/mission_jool_galileo_like/diagnostics/beam_routes.exact_kekj.csv
229	data/mga_v0_1/mission_jool_galileo_like/diagnostics/beam_routes.eve_to_jool_candidates.csv
229	data/mga_smoke/nbody_triage_kj/rank7_KERBIN-DUNA-KERBIN-KERBIN-JOOL/audit_work/leg2_DUNA_to_KERBIN/corrected_input.csv
229	data/mga_smoke/nbody_triage_kj/rank7_KERBIN-DUNA-KERBIN-KERBIN-JOOL/audit_work/leg1_KERBIN_to_DUNA/corrected_input.csv
229	data/mga_smoke/nbody_triage_kj/rank4_KERBIN-EVE-KERBIN-JOOL/legs/leg1_KERBIN_to_EVE/eval_00030/input.csv
229	data/mga_smoke/nbody_triage_kj/rank4_KERBIN-EVE-KERBIN-JOOL/legs/leg1_KERBIN_to_EVE/eval_00029/input.csv
229	data/mga_smoke/nbody_triage_kj/rank4_KERBIN-EVE-KERBIN-JOOL/legs/leg1_KERBIN_to_EVE/eval_00027/input.csv
229	data/mga_smoke/nbody_triage_kj/rank4_KERBIN-EVE-KERBIN-JOOL/legs/leg1_KERBIN_to_EVE/eval_00026/input.csv
229	data/mga_smoke/nbody_triage_kj/rank4_KERBIN-EVE-KERBIN-JOOL/legs/leg1_KERBIN_to_EVE/eval_00025/input.csv
229	data/mga_smoke/nbody_triage_kj/rank4_KERBIN-EVE-KERBIN-JOOL/legs/leg1_KERBIN_to_EVE/eval_00024/input.csv
229	data/mga_smoke/nbody_triage_kj/rank4_KERBIN-EVE-KERBIN-JOOL/legs/leg1_KERBIN_to_EVE/eval_00023/input.csv
229	data/mga_smoke/nbody_triage_kj/rank4_KERBIN-EVE-KERBIN-JOOL/legs/leg1_KERBIN_to_EVE/eval_00022/input.csv
229	data/mga_smoke/nbody_triage_kj/rank4_KERBIN-EVE-KERBIN-JOOL/legs/leg1_KERBIN_to_EVE/eval_00019/input.csv
229	data/mga_smoke/nbody_triage_kj/rank4_KERBIN-EVE-KERBIN-JOOL/legs/leg1_KERBIN_to_EVE/eval_00018/input.csv
229	data/mga_smoke/nbody_triage_kj/rank4_KERBIN-EVE-KERBIN-JOOL/legs/leg1_KERBIN_to_EVE/eval_00017/input.csv
229	data/mga_smoke/nbody_triage_kj/rank4_KERBIN-EVE-KERBIN-JOOL/legs/leg1_KERBIN_to_EVE/eval_00016/input.csv
229	data/mga_smoke/nbody_triage_kj/rank4_KERBIN-EVE-KERBIN-JOOL/legs/leg1_KERBIN_to_EVE/eval_00015/input.csv
229	data/mga_smoke/nbody_triage_kj/rank4_KERBIN-EVE-KERBIN-JOOL/legs/leg1_KERBIN_to_EVE/eval_00011/input.csv
229	data/mga_smoke/nbody_triage_kj/rank4_KERBIN-EVE-KERBIN-JOOL/legs/leg1_KERBIN_to_EVE/eval_00010/input.csv
229	data/mga_smoke/nbody_triage_kj/rank4_KERBIN-EVE-KERBIN-JOOL/audit_work/leg2_EVE_to_KERBIN/corrected_input.csv
229	data/mga_smoke/nbody_triage_kj/rank1_KERBIN-EVE-KERBIN-KERBIN-JOOL/audit_work/leg2_EVE_to_KERBIN/corrected_input.csv
229	data/mga_smoke/nbody_triage_kj/rank18_KERBIN-EVE-DUNA-KERBIN-JOOL/audit_work/leg1_KERBIN_to_EVE/corrected_input.csv
229	data/mga_smoke/nbody_triage_kj/rank15_KERBIN-KERBIN-EVE-KERBIN-JOOL/legs/leg2_KERBIN_to_EVE/eval_00039/input.csv
229	data/mga_smoke/nbody_triage_kj/rank15_KERBIN-KERBIN-EVE-KERBIN-JOOL/legs/leg2_KERBIN_to_EVE/eval_00038/input.csv
229	data/mga_smoke/nbody_triage_kj/rank15_KERBIN-KERBIN-EVE-KERBIN-JOOL/legs/leg2_KERBIN_to_EVE/eval_00035/input.csv
229	data/mga_smoke/nbody_triage_kj/rank15_KERBIN-KERBIN-EVE-KERBIN-JOOL/legs/leg2_KERBIN_to_EVE/eval_00034/input.csv
229	data/mga_smoke/nbody_triage_kj/rank15_KERBIN-KERBIN-EVE-KERBIN-JOOL/legs/leg2_KERBIN_to_EVE/eval_00033/input.csv
229	data/mga_smoke/nbody_triage_kj/rank15_KERBIN-KERBIN-EVE-KERBIN-JOOL/legs/leg2_KERBIN_to_EVE/eval_00032/input.csv
229	data/mga_smoke/nbody_triage_kj/rank15_KERBIN-KERBIN-EVE-KERBIN-JOOL/legs/leg2_KERBIN_to_EVE/eval_00030/input.csv
229	data/mga_smoke/nbody_triage_kj/rank15_KERBIN-KERBIN-EVE-KERBIN-JOOL/legs/leg2_KERBIN_to_EVE/eval_00028/input.csv
229	data/mga_smoke/nbody_triage_kj/rank15_KERBIN-KERBIN-EVE-KERBIN-JOOL/legs/leg2_KERBIN_to_EVE/eval_00027/input.csv
229	data/mga_smoke/nbody_triage_kj/rank15_KERBIN-KERBIN-EVE-KERBIN-JOOL/legs/leg2_KERBIN_to_EVE/eval_00026/input.csv
229	data/mga_smoke/nbody_triage_kj/rank15_KERBIN-KERBIN-EVE-KERBIN-JOOL/legs/leg2_KERBIN_to_EVE/eval_00024/input.csv
229	data/mga_smoke/nbody_triage_kj/rank15_KERBIN-KERBIN-EVE-KERBIN-JOOL/legs/leg2_KERBIN_to_EVE/eval_00023/input.csv
229	data/mga_smoke/nbody_triage_kj/rank15_KERBIN-KERBIN-EVE-KERBIN-JOOL/legs/leg2_KERBIN_to_EVE/eval_00022/input.csv
229	data/mga_smoke/nbody_triage_kj/rank15_KERBIN-KERBIN-EVE-KERBIN-JOOL/legs/leg2_KERBIN_to_EVE/eval_00021/input.csv
229	data/mga_smoke/nbody_triage_kj/rank15_KERBIN-KERBIN-EVE-KERBIN-JOOL/legs/leg2_KERBIN_to_EVE/eval_00020/input.csv
229	data/mga_smoke/nbody_triage_kj/rank15_KERBIN-KERBIN-EVE-KERBIN-JOOL/legs/leg2_KERBIN_to_EVE/eval_00019/input.csv
229	data/mga_smoke/nbody_triage_kj/rank15_KERBIN-KERBIN-EVE-KERBIN-JOOL/legs/leg2_KERBIN_to_EVE/eval_00018/input.csv
229	data/mga_smoke/nbody_triage_kj/rank15_KERBIN-KERBIN-EVE-KERBIN-JOOL/legs/leg2_KERBIN_to_EVE/eval_00017/input.csv
229	data/mga_smoke/nbody_triage_kj/rank15_KERBIN-KERBIN-EVE-KERBIN-JOOL/legs/leg2_KERBIN_to_EVE/eval_00016/input.csv
229	data/mga_smoke/nbody_triage_kj/rank15_KERBIN-KERBIN-EVE-KERBIN-JOOL/legs/leg2_KERBIN_to_EVE/eval_00015/input.csv
229	data/mga_smoke/nbody_triage_kj/rank15_KERBIN-KERBIN-EVE-KERBIN-JOOL/legs/leg2_KERBIN_to_EVE/eval_00014/input.csv
229	data/mga_smoke/nbody_triage_kj/rank15_KERBIN-KERBIN-EVE-KERBIN-JOOL/legs/leg2_KERBIN_to_EVE/eval_00013/input.csv
229	data/mga_smoke/nbody_triage_kj/rank15_KERBIN-KERBIN-EVE-KERBIN-JOOL/legs/leg2_KERBIN_to_EVE/eval_00010/input.csv
229	data/mga_smoke/nbody_triage_kj/rank15_KERBIN-KERBIN-EVE-KERBIN-JOOL/legs/leg1_KERBIN_to_KERBIN/eval_00086/input.csv
229	data/mga_smoke/nbody_triage_kj/rank15_KERBIN-KERBIN-EVE-KERBIN-JOOL/legs/leg1_KERBIN_to_KERBIN/eval_00085/input.csv
229	data/mga_smoke/nbody_triage_kj/rank15_KERBIN-KERBIN-EVE-KERBIN-JOOL/legs/leg1_KERBIN_to_KERBIN/eval_00084/input.csv
229	data/mga_smoke/nbody_triage_kj/rank15_KERBIN-KERBIN-EVE-KERBIN-JOOL/legs/leg1_KERBIN_to_KERBIN/eval_00083/input.csv
229	data/mga_smoke/nbody_triage_kj/rank15_KERBIN-KERBIN-EVE-KERBIN-JOOL/legs/leg1_KERBIN_to_KERBIN/eval_00082/input.csv
229	data/mga_smoke/nbody_triage_kj/rank15_KERBIN-KERBIN-EVE-KERBIN-JOOL/legs/leg1_KERBIN_to_KERBIN/eval_00081/input.csv
229	data/mga_smoke/nbody_triage_kj/rank15_KERBIN-KERBIN-EVE-KERBIN-JOOL/legs/leg1_KERBIN_to_KERBIN/eval_00080/input.csv
229	data/mga_smoke/nbody_triage_kj/rank15_KERBIN-KERBIN-EVE-KERBIN-JOOL/legs/leg1_KERBIN_to_KERBIN/eval_00079/input.csv
229	data/mga_smoke/nbody_triage_kj/rank15_KERBIN-KERBIN-EVE-KERBIN-JOOL/legs/leg1_KERBIN_to_KERBIN/eval_00078/input.csv
229	data/mga_smoke/nbody_triage_kj/rank15_KERBIN-KERBIN-EVE-KERBIN-JOOL/legs/leg1_KERBIN_to_KERBIN/eval_00077/input.csv
229	data/mga_smoke/nbody_triage_kj/rank15_KERBIN-KERBIN-EVE-KERBIN-JOOL/legs/leg1_KERBIN_to_KERBIN/eval_00076/input.csv
229	data/mga_smoke/nbody_triage_kj/rank15_KERBIN-KERBIN-EVE-KERBIN-JOOL/legs/leg1_KERBIN_to_KERBIN/eval_00075/input.csv
229	data/mga_smoke/nbody_triage_kj/rank15_KERBIN-KERBIN-EVE-KERBIN-JOOL/legs/leg1_KERBIN_to_KERBIN/eval_00074/input.csv
229	data/mga_smoke/nbody_triage_kj/rank15_KERBIN-KERBIN-EVE-KERBIN-JOOL/legs/leg1_KERBIN_to_KERBIN/eval_00071/input.csv
229	data/mga_smoke/nbody_triage_kj/rank15_KERBIN-KERBIN-EVE-KERBIN-JOOL/legs/leg1_KERBIN_to_KERBIN/eval_00070/input.csv
229	data/mga_smoke/nbody_triage_kj/rank15_KERBIN-KERBIN-EVE-KERBIN-JOOL/legs/leg1_KERBIN_to_KERBIN/eval_00068/input.csv
229	data/mga_smoke/nbody_triage_kj/rank15_KERBIN-KERBIN-EVE-KERBIN-JOOL/legs/leg1_KERBIN_to_KERBIN/eval_00067/input.csv
229	data/mga_smoke/nbody_triage_kj/rank15_KERBIN-KERBIN-EVE-KERBIN-JOOL/legs/leg1_KERBIN_to_KERBIN/eval_00066/input.csv
229	data/mga_smoke/nbody_triage_kj/rank15_KERBIN-KERBIN-EVE-KERBIN-JOOL/legs/leg1_KERBIN_to_KERBIN/eval_00065/input.csv
229	data/mga_smoke/nbody_triage_kj/rank15_KERBIN-KERBIN-EVE-KERBIN-JOOL/legs/leg1_KERBIN_to_KERBIN/eval_00063/input.csv
229	data/mga_smoke/nbody_triage_kj/rank15_KERBIN-KERBIN-EVE-KERBIN-JOOL/legs/leg1_KERBIN_to_KERBIN/eval_00062/input.csv
229	data/mga_smoke/nbody_triage_kj/rank15_KERBIN-KERBIN-EVE-KERBIN-JOOL/legs/leg1_KERBIN_to_KERBIN/eval_00061/input.csv
229	data/mga_smoke/nbody_triage_kj/rank15_KERBIN-KERBIN-EVE-KERBIN-JOOL/legs/leg1_KERBIN_to_KERBIN/eval_00060/input.csv
229	data/mga_smoke/nbody_triage_kj/rank15_KERBIN-KERBIN-EVE-KERBIN-JOOL/legs/leg1_KERBIN_to_KERBIN/eval_00059/input.csv
229	data/mga_smoke/nbody_triage_kj/rank15_KERBIN-KERBIN-EVE-KERBIN-JOOL/legs/leg1_KERBIN_to_KERBIN/eval_00058/input.csv
229	data/mga_smoke/nbody_triage_kj/rank15_KERBIN-KERBIN-EVE-KERBIN-JOOL/legs/leg1_KERBIN_to_KERBIN/eval_00055/input.csv
229	data/mga_smoke/nbody_triage_kj/rank15_KERBIN-KERBIN-EVE-KERBIN-JOOL/legs/leg1_KERBIN_to_KERBIN/eval_00054/input.csv
229	data/mga_smoke/nbody_triage_kj/rank15_KERBIN-KERBIN-EVE-KERBIN-JOOL/legs/leg1_KERBIN_to_KERBIN/eval_00052/input.csv
229	data/mga_smoke/nbody_triage_kj/rank15_KERBIN-KERBIN-EVE-KERBIN-JOOL/legs/leg1_KERBIN_to_KERBIN/eval_00051/input.csv
229	data/mga_smoke/nbody_triage_kj/rank15_KERBIN-KERBIN-EVE-KERBIN-JOOL/legs/leg1_KERBIN_to_KERBIN/eval_00050/input.csv
229	data/mga_smoke/nbody_triage_kj/rank15_KERBIN-KERBIN-EVE-KERBIN-JOOL/legs/leg1_KERBIN_to_KERBIN/eval_00049/input.csv
229	data/mga_smoke/nbody_triage_kj/rank15_KERBIN-KERBIN-EVE-KERBIN-JOOL/legs/leg1_KERBIN_to_KERBIN/eval_00048/input.csv
229	data/mga_smoke/nbody_triage_kj/rank15_KERBIN-KERBIN-EVE-KERBIN-JOOL/legs/leg1_KERBIN_to_KERBIN/eval_00045/input.csv
229	data/mga_smoke/nbody_triage_kj/rank15_KERBIN-KERBIN-EVE-KERBIN-JOOL/legs/leg1_KERBIN_to_KERBIN/eval_00043/input.csv
229	data/mga_smoke/nbody_triage_kj/rank15_KERBIN-KERBIN-EVE-KERBIN-JOOL/legs/leg1_KERBIN_to_KERBIN/eval_00042/input.csv
229	data/mga_smoke/nbody_triage_kj/rank15_KERBIN-KERBIN-EVE-KERBIN-JOOL/legs/leg1_KERBIN_to_KERBIN/eval_00040/input.csv
229	data/mga_smoke/nbody_triage_kj/rank15_KERBIN-KERBIN-EVE-KERBIN-JOOL/legs/leg1_KERBIN_to_KERBIN/eval_00034/input.csv
229	data/mga_smoke/nbody_triage_kj/rank15_KERBIN-KERBIN-EVE-KERBIN-JOOL/legs/leg1_KERBIN_to_KERBIN/eval_00033/input.csv
229	data/mga_smoke/nbody_triage_kj/rank15_KERBIN-KERBIN-EVE-KERBIN-JOOL/legs/leg1_KERBIN_to_KERBIN/eval_00031/input.csv
229	data/mga_smoke/nbody_triage_kj/rank15_KERBIN-KERBIN-EVE-KERBIN-JOOL/legs/leg1_KERBIN_to_KERBIN/eval_00030/input.csv
229	data/mga_smoke/nbody_triage_kj/rank15_KERBIN-KERBIN-EVE-KERBIN-JOOL/legs/leg1_KERBIN_to_KERBIN/eval_00029/input.csv
229	data/mga_smoke/nbody_triage_kj/rank15_KERBIN-KERBIN-EVE-KERBIN-JOOL/legs/leg1_KERBIN_to_KERBIN/eval_00028/input.csv
229	data/mga_smoke/nbody_triage_kj/rank15_KERBIN-KERBIN-EVE-KERBIN-JOOL/legs/leg1_KERBIN_to_KERBIN/eval_00026/input.csv
229	data/mga_smoke/nbody_triage_kj/rank15_KERBIN-KERBIN-EVE-KERBIN-JOOL/legs/leg1_KERBIN_to_KERBIN/eval_00023/input.csv
229	data/mga_smoke/nbody_triage_kj/rank15_KERBIN-KERBIN-EVE-KERBIN-JOOL/legs/leg1_KERBIN_to_KERBIN/eval_00012/input.csv
229	data/mga_smoke/nbody_triage_kj/rank15_KERBIN-KERBIN-EVE-KERBIN-JOOL/legs/leg1_KERBIN_to_KERBIN/eval_00009/input.csv
229	data/mga_smoke/nbody_triage_kj/rank15_KERBIN-KERBIN-EVE-KERBIN-JOOL/legs/leg1_KERBIN_to_KERBIN/eval_00008/input.csv
229	data/mga_smoke/nbody_triage_kj/rank15_KERBIN-KERBIN-EVE-KERBIN-JOOL/legs/leg1_KERBIN_to_KERBIN/eval_00007/input.csv
229	data/mga_smoke/nbody_triage_kj/rank15_KERBIN-KERBIN-EVE-KERBIN-JOOL/legs/leg1_KERBIN_to_KERBIN/eval_00004/input.csv
228	data/mga_smoke/nbody_triage_kj/rank4_KERBIN-EVE-KERBIN-JOOL/legs/leg1_KERBIN_to_EVE/eval_00032/input.csv
228	data/mga_smoke/nbody_triage_kj/rank4_KERBIN-EVE-KERBIN-JOOL/legs/leg1_KERBIN_to_EVE/eval_00031/input.csv
228	data/mga_smoke/nbody_triage_kj/rank4_KERBIN-EVE-KERBIN-JOOL/legs/leg1_KERBIN_to_EVE/eval_00021/input.csv
228	data/mga_smoke/nbody_triage_kj/rank4_KERBIN-EVE-KERBIN-JOOL/legs/leg1_KERBIN_to_EVE/eval_00020/input.csv
228	data/mga_smoke/nbody_triage_kj/rank4_KERBIN-EVE-KERBIN-JOOL/legs/leg1_KERBIN_to_EVE/eval_00013/input.csv
228	data/mga_smoke/nbody_triage_kj/rank4_KERBIN-EVE-KERBIN-JOOL/legs/leg1_KERBIN_to_EVE/eval_00009/input.csv
228	data/mga_smoke/nbody_triage_kj/rank4_KERBIN-EVE-KERBIN-JOOL/legs/leg1_KERBIN_to_EVE/eval_00008/input.csv
228	data/mga_smoke/nbody_triage_kj/rank4_KERBIN-EVE-KERBIN-JOOL/legs/leg1_KERBIN_to_EVE/eval_00007/input.csv
228	data/mga_smoke/nbody_triage_kj/rank4_KERBIN-EVE-KERBIN-JOOL/legs/leg1_KERBIN_to_EVE/eval_00004/input.csv
228	data/mga_smoke/nbody_triage_kj/rank4_KERBIN-EVE-KERBIN-JOOL/legs/leg1_KERBIN_to_EVE/eval_00003/input.csv
228	data/mga_smoke/nbody_triage_kj/rank4_KERBIN-EVE-KERBIN-JOOL/legs/leg1_KERBIN_to_EVE/eval_00002/input.csv
228	data/mga_smoke/nbody_triage_kj/rank4_KERBIN-EVE-KERBIN-JOOL/legs/leg1_KERBIN_to_EVE/eval_00001/input.csv
228	data/mga_smoke/nbody_triage_kj/rank1_KERBIN-EVE-KERBIN-KERBIN-JOOL/legs/leg1_KERBIN_to_EVE/eval_00014/input.csv
228	data/mga_smoke/nbody_triage_kj/rank1_KERBIN-EVE-KERBIN-KERBIN-JOOL/legs/leg1_KERBIN_to_EVE/eval_00013/input.csv
228	data/mga_smoke/nbody_triage_kj/rank1_KERBIN-EVE-KERBIN-KERBIN-JOOL/legs/leg1_KERBIN_to_EVE/eval_00012/input.csv
228	data/mga_smoke/nbody_triage_kj/rank1_KERBIN-EVE-KERBIN-KERBIN-JOOL/legs/leg1_KERBIN_to_EVE/eval_00011/input.csv
228	data/mga_smoke/nbody_triage_kj/rank1_KERBIN-EVE-KERBIN-KERBIN-JOOL/legs/leg1_KERBIN_to_EVE/eval_00010/input.csv
228	data/mga_smoke/nbody_triage_kj/rank15_KERBIN-KERBIN-EVE-KERBIN-JOOL/legs/leg2_KERBIN_to_EVE/eval_00037/input.csv
228	data/mga_smoke/nbody_triage_kj/rank15_KERBIN-KERBIN-EVE-KERBIN-JOOL/legs/leg2_KERBIN_to_EVE/eval_00036/input.csv
228	data/mga_smoke/nbody_triage_kj/rank15_KERBIN-KERBIN-EVE-KERBIN-JOOL/legs/leg2_KERBIN_to_EVE/eval_00031/input.csv
228	data/mga_smoke/nbody_triage_kj/rank15_KERBIN-KERBIN-EVE-KERBIN-JOOL/legs/leg2_KERBIN_to_EVE/eval_00025/input.csv
228	data/mga_smoke/nbody_triage_kj/rank15_KERBIN-KERBIN-EVE-KERBIN-JOOL/legs/leg2_KERBIN_to_EVE/eval_00012/input.csv
228	data/mga_smoke/nbody_triage_kj/rank15_KERBIN-KERBIN-EVE-KERBIN-JOOL/legs/leg2_KERBIN_to_EVE/eval_00011/input.csv
228	data/mga_smoke/nbody_triage_kj/rank15_KERBIN-KERBIN-EVE-KERBIN-JOOL/legs/leg2_KERBIN_to_EVE/eval_00009/input.csv
228	data/mga_smoke/nbody_triage_kj/rank15_KERBIN-KERBIN-EVE-KERBIN-JOOL/legs/leg2_KERBIN_to_EVE/eval_00007/input.csv
228	data/mga_smoke/nbody_triage_kj/rank15_KERBIN-KERBIN-EVE-KERBIN-JOOL/legs/leg2_KERBIN_to_EVE/eval_00006/input.csv
228	data/mga_smoke/nbody_triage_kj/rank15_KERBIN-KERBIN-EVE-KERBIN-JOOL/legs/leg2_KERBIN_to_EVE/eval_00005/input.csv
228	data/mga_smoke/nbody_triage_kj/rank15_KERBIN-KERBIN-EVE-KERBIN-JOOL/legs/leg2_KERBIN_to_EVE/eval_00004/input.csv
228	data/mga_smoke/nbody_triage_kj/rank15_KERBIN-KERBIN-EVE-KERBIN-JOOL/legs/leg2_KERBIN_to_EVE/eval_00003/input.csv
228	data/mga_smoke/nbody_triage_kj/rank15_KERBIN-KERBIN-EVE-KERBIN-JOOL/legs/leg2_KERBIN_to_EVE/eval_00002/input.csv
228	data/mga_smoke/nbody_triage_kj/rank15_KERBIN-KERBIN-EVE-KERBIN-JOOL/legs/leg2_KERBIN_to_EVE/eval_00001/input.csv
228	data/mga_smoke/nbody_triage_kj/rank15_KERBIN-KERBIN-EVE-KERBIN-JOOL/legs/leg1_KERBIN_to_KERBIN/eval_00073/input.csv
228	data/mga_smoke/nbody_triage_kj/rank15_KERBIN-KERBIN-EVE-KERBIN-JOOL/legs/leg1_KERBIN_to_KERBIN/eval_00069/input.csv
228	data/mga_smoke/nbody_triage_kj/rank15_KERBIN-KERBIN-EVE-KERBIN-JOOL/legs/leg1_KERBIN_to_KERBIN/eval_00064/input.csv
228	data/mga_smoke/nbody_triage_kj/rank15_KERBIN-KERBIN-EVE-KERBIN-JOOL/legs/leg1_KERBIN_to_KERBIN/eval_00057/input.csv
228	data/mga_smoke/nbody_triage_kj/rank15_KERBIN-KERBIN-EVE-KERBIN-JOOL/legs/leg1_KERBIN_to_KERBIN/eval_00056/input.csv
228	data/mga_smoke/nbody_triage_kj/rank15_KERBIN-KERBIN-EVE-KERBIN-JOOL/legs/leg1_KERBIN_to_KERBIN/eval_00053/input.csv
228	data/mga_smoke/nbody_triage_kj/rank15_KERBIN-KERBIN-EVE-KERBIN-JOOL/legs/leg1_KERBIN_to_KERBIN/eval_00047/input.csv
228	data/mga_smoke/nbody_triage_kj/rank15_KERBIN-KERBIN-EVE-KERBIN-JOOL/legs/leg1_KERBIN_to_KERBIN/eval_00046/input.csv
228	data/mga_smoke/nbody_triage_kj/rank15_KERBIN-KERBIN-EVE-KERBIN-JOOL/legs/leg1_KERBIN_to_KERBIN/eval_00041/input.csv
228	data/mga_smoke/nbody_triage_kj/rank15_KERBIN-KERBIN-EVE-KERBIN-JOOL/legs/leg1_KERBIN_to_KERBIN/eval_00039/input.csv
228	data/mga_smoke/nbody_triage_kj/rank15_KERBIN-KERBIN-EVE-KERBIN-JOOL/legs/leg1_KERBIN_to_KERBIN/eval_00038/input.csv
228	data/mga_smoke/nbody_triage_kj/rank15_KERBIN-KERBIN-EVE-KERBIN-JOOL/legs/leg1_KERBIN_to_KERBIN/eval_00037/input.csv
228	data/mga_smoke/nbody_triage_kj/rank15_KERBIN-KERBIN-EVE-KERBIN-JOOL/legs/leg1_KERBIN_to_KERBIN/eval_00036/input.csv
228	data/mga_smoke/nbody_triage_kj/rank15_KERBIN-KERBIN-EVE-KERBIN-JOOL/legs/leg1_KERBIN_to_KERBIN/eval_00035/input.csv
228	data/mga_smoke/nbody_triage_kj/rank15_KERBIN-KERBIN-EVE-KERBIN-JOOL/legs/leg1_KERBIN_to_KERBIN/eval_00032/input.csv
228	data/mga_smoke/nbody_triage_kj/rank15_KERBIN-KERBIN-EVE-KERBIN-JOOL/legs/leg1_KERBIN_to_KERBIN/eval_00022/input.csv
228	data/mga_smoke/nbody_triage_kj/rank15_KERBIN-KERBIN-EVE-KERBIN-JOOL/legs/leg1_KERBIN_to_KERBIN/eval_00006/input.csv
228	data/mga_smoke/nbody_triage_kj/rank15_KERBIN-KERBIN-EVE-KERBIN-JOOL/legs/leg1_KERBIN_to_KERBIN/eval_00005/input.csv
228	data/mga_smoke/nbody_triage_kj/rank15_KERBIN-KERBIN-EVE-KERBIN-JOOL/legs/leg1_KERBIN_to_KERBIN/eval_00003/input.csv
228	data/mga_smoke/nbody_triage_kj/rank15_KERBIN-KERBIN-EVE-KERBIN-JOOL/legs/leg1_KERBIN_to_KERBIN/eval_00002/input.csv
228	data/mga_smoke/nbody_triage_kj/rank15_KERBIN-KERBIN-EVE-KERBIN-JOOL/legs/leg1_KERBIN_to_KERBIN/eval_00001/input.csv
228	data/mga_smoke/nbody_triage_kj/rank15_KERBIN-KERBIN-EVE-KERBIN-JOOL/audit_work/leg3_EVE_to_KERBIN/corrected_input.csv
228	data/mga_smoke/nbody_triage_kj/rank12_KERBIN-EVE-KERBIN-JOOL/audit_work/leg3_KERBIN_to_JOOL/corrected_input.csv
228	data/mga_smoke/nbody_triage_kj/rank12_KERBIN-EVE-KERBIN-JOOL/audit_work/leg1_KERBIN_to_EVE/corrected_input.csv
228	data/mga_smoke/native_target_audit/rank1_leg1/pY_mZ_mX/kepler_expected.csv
228	data/mga_smoke/native_target_audit/rank1_leg1/pY_mX_mZ/kepler_expected.csv
228	data/mga_smoke/native_target_audit/rank1_leg1/mZ_pY_mX/kepler_expected.csv
228	data/mga_smoke/native_target_audit/rank1_leg1/mZ_mX_pY/kepler_expected.csv
228	data/mga_smoke/native_target_audit/rank1_leg1/mX_pY_mZ/kepler_expected.csv
228	data/mga_smoke/native_target_audit/rank1_leg1/mX_mZ_pY/kepler_expected.csv
228	data/mga_smoke/native_flyby_audit/rank1/leg2_EVE_to_KERBIN/corrected_input.csv
227	data/mga_smoke/nbody_triage_kj/rank4_KERBIN-EVE-KERBIN-JOOL/legs/leg1_KERBIN_to_EVE/eval_00028/input.csv
227	data/mga_smoke/nbody_triage_kj/rank4_KERBIN-EVE-KERBIN-JOOL/legs/leg1_KERBIN_to_EVE/eval_00014/input.csv
227	data/mga_smoke/nbody_triage_kj/rank4_KERBIN-EVE-KERBIN-JOOL/legs/leg1_KERBIN_to_EVE/eval_00012/input.csv
227	data/mga_smoke/nbody_triage_kj/rank4_KERBIN-EVE-KERBIN-JOOL/legs/leg1_KERBIN_to_EVE/eval_00006/input.csv
227	data/mga_smoke/nbody_triage_kj/rank4_KERBIN-EVE-KERBIN-JOOL/legs/leg1_KERBIN_to_EVE/eval_00005/input.csv
227	data/mga_smoke/nbody_triage_kj/rank1_KERBIN-EVE-KERBIN-KERBIN-JOOL/legs/leg1_KERBIN_to_EVE/eval_00017/input.csv
227	data/mga_smoke/nbody_triage_kj/rank1_KERBIN-EVE-KERBIN-KERBIN-JOOL/legs/leg1_KERBIN_to_EVE/eval_00016/input.csv
227	data/mga_smoke/nbody_triage_kj/rank1_KERBIN-EVE-KERBIN-KERBIN-JOOL/legs/leg1_KERBIN_to_EVE/eval_00015/input.csv
227	data/mga_smoke/nbody_triage_kj/rank1_KERBIN-EVE-KERBIN-KERBIN-JOOL/legs/leg1_KERBIN_to_EVE/eval_00009/input.csv
227	data/mga_smoke/nbody_triage_kj/rank1_KERBIN-EVE-KERBIN-KERBIN-JOOL/legs/leg1_KERBIN_to_EVE/eval_00007/input.csv
227	data/mga_smoke/nbody_triage_kj/rank1_KERBIN-EVE-KERBIN-KERBIN-JOOL/legs/leg1_KERBIN_to_EVE/eval_00006/input.csv
227	data/mga_smoke/nbody_triage_kj/rank1_KERBIN-EVE-KERBIN-KERBIN-JOOL/legs/leg1_KERBIN_to_EVE/eval_00004/input.csv
227	data/mga_smoke/nbody_triage_kj/rank1_KERBIN-EVE-KERBIN-KERBIN-JOOL/legs/leg1_KERBIN_to_EVE/eval_00003/input.csv
227	data/mga_smoke/nbody_triage_kj/rank1_KERBIN-EVE-KERBIN-KERBIN-JOOL/legs/leg1_KERBIN_to_EVE/eval_00002/input.csv
227	data/mga_smoke/nbody_triage_kj/rank1_KERBIN-EVE-KERBIN-KERBIN-JOOL/legs/leg1_KERBIN_to_EVE/eval_00001/input.csv
227	data/mga_smoke/nbody_triage_kj/rank18_KERBIN-EVE-DUNA-KERBIN-JOOL/audit_work/leg2_EVE_to_DUNA/corrected_input.csv
227	data/mga_smoke/nbody_triage_kj/rank15_KERBIN-KERBIN-EVE-KERBIN-JOOL/legs/leg2_KERBIN_to_EVE/eval_00029/input.csv
227	data/mga_smoke/nbody_triage_kj/rank15_KERBIN-KERBIN-EVE-KERBIN-JOOL/legs/leg2_KERBIN_to_EVE/eval_00008/input.csv
227	data/mga_smoke/nbody_triage_kj/rank15_KERBIN-KERBIN-EVE-KERBIN-JOOL/legs/leg1_KERBIN_to_KERBIN/eval_00072/input.csv
227	data/mga_smoke/nbody_triage_kj/rank15_KERBIN-KERBIN-EVE-KERBIN-JOOL/legs/leg1_KERBIN_to_KERBIN/eval_00011/input.csv
227	data/mga_smoke/native_leg_opt/rank1_all_legs/leg3_KERBIN_to_JOOL/eval_00033/input.csv
227	data/mga_smoke/native_leg_opt/rank1_all_legs/leg3_KERBIN_to_JOOL/eval_00032/input.csv
227	data/mga_smoke/native_leg_opt/rank1_all_legs/leg3_KERBIN_to_JOOL/eval_00031/input.csv
227	data/mga_smoke/native_leg_opt/rank1_all_legs/leg3_KERBIN_to_JOOL/eval_00030/input.csv
227	data/mga_smoke/native_leg_opt/rank1_all_legs/leg3_KERBIN_to_JOOL/eval_00029/input.csv
227	data/mga_smoke/native_leg_opt/rank1_all_legs/leg3_KERBIN_to_JOOL/eval_00027/input.csv
227	data/mga_smoke/native_leg_opt/rank1_all_legs/leg3_KERBIN_to_JOOL/eval_00026/input.csv
227	data/mga_smoke/native_leg_opt/rank1_all_legs/leg3_KERBIN_to_JOOL/eval_00025/input.csv
227	data/mga_smoke/native_leg_opt/rank1_all_legs/leg3_KERBIN_to_JOOL/eval_00024/input.csv
227	data/mga_smoke/native_leg_opt/rank1_all_legs/leg3_KERBIN_to_JOOL/eval_00023/input.csv
227	data/mga_smoke/native_leg_opt/rank1_all_legs/leg3_KERBIN_to_JOOL/eval_00022/input.csv
227	data/mga_smoke/native_leg_opt/rank1_all_legs/leg3_KERBIN_to_JOOL/eval_00021/input.csv
227	data/mga_smoke/native_leg_opt/rank1_all_legs/leg3_KERBIN_to_JOOL/eval_00020/input.csv
227	data/mga_smoke/native_leg_opt/rank1_all_legs/leg3_KERBIN_to_JOOL/eval_00018/input.csv
227	data/mga_smoke/native_leg_opt/rank1_all_legs/leg3_KERBIN_to_JOOL/eval_00017/input.csv
227	data/mga_smoke/native_leg_opt/rank1_all_legs/leg3_KERBIN_to_JOOL/eval_00016/input.csv
227	data/mga_smoke/native_leg_opt/rank1_all_legs/leg3_KERBIN_to_JOOL/eval_00015/input.csv
227	data/mga_smoke/native_leg_opt/rank1_all_legs/leg3_KERBIN_to_JOOL/eval_00014/input.csv
227	data/mga_smoke/native_leg_opt/rank1_all_legs/leg3_KERBIN_to_JOOL/eval_00013/input.csv
227	data/mga_smoke/native_leg_opt/rank1_all_legs/leg3_KERBIN_to_JOOL/eval_00012/input.csv
227	data/mga_smoke/native_leg_opt/rank1_all_legs/leg3_KERBIN_to_JOOL/eval_00011/input.csv
226	data/mga_smoke/validator_inputs/rank1_leg1_expected.csv
226	data/mga_smoke/nbody_triage_kj/rank7_KERBIN-DUNA-KERBIN-KERBIN-JOOL/legs/leg1_KERBIN_to_DUNA/eval_00021/input.csv
226	data/mga_smoke/nbody_triage_kj/rank7_KERBIN-DUNA-KERBIN-KERBIN-JOOL/legs/leg1_KERBIN_to_DUNA/eval_00020/input.csv
226	data/mga_smoke/nbody_triage_kj/rank7_KERBIN-DUNA-KERBIN-KERBIN-JOOL/legs/leg1_KERBIN_to_DUNA/eval_00019/input.csv
226	data/mga_smoke/nbody_triage_kj/rank7_KERBIN-DUNA-KERBIN-KERBIN-JOOL/legs/leg1_KERBIN_to_DUNA/eval_00018/input.csv
226	data/mga_smoke/nbody_triage_kj/rank7_KERBIN-DUNA-KERBIN-KERBIN-JOOL/legs/leg1_KERBIN_to_DUNA/eval_00017/input.csv
226	data/mga_smoke/nbody_triage_kj/rank7_KERBIN-DUNA-KERBIN-KERBIN-JOOL/legs/leg1_KERBIN_to_DUNA/eval_00016/input.csv
226	data/mga_smoke/nbody_triage_kj/rank7_KERBIN-DUNA-KERBIN-KERBIN-JOOL/legs/leg1_KERBIN_to_DUNA/eval_00015/input.csv
226	data/mga_smoke/nbody_triage_kj/rank7_KERBIN-DUNA-KERBIN-KERBIN-JOOL/legs/leg1_KERBIN_to_DUNA/eval_00014/input.csv
226	data/mga_smoke/nbody_triage_kj/rank7_KERBIN-DUNA-KERBIN-KERBIN-JOOL/legs/leg1_KERBIN_to_DUNA/eval_00012/input.csv
226	data/mga_smoke/nbody_triage_kj/rank7_KERBIN-DUNA-KERBIN-KERBIN-JOOL/legs/leg1_KERBIN_to_DUNA/eval_00011/input.csv
226	data/mga_smoke/nbody_triage_kj/rank7_KERBIN-DUNA-KERBIN-KERBIN-JOOL/legs/leg1_KERBIN_to_DUNA/eval_00010/input.csv
226	data/mga_smoke/nbody_triage_kj/rank4_KERBIN-EVE-KERBIN-JOOL/legs/leg2_EVE_to_KERBIN/eval_00014/input.csv
226	data/mga_smoke/nbody_triage_kj/rank4_KERBIN-EVE-KERBIN-JOOL/legs/leg2_EVE_to_KERBIN/eval_00012/input.csv
226	data/mga_smoke/nbody_triage_kj/rank4_KERBIN-EVE-KERBIN-JOOL/legs/leg2_EVE_to_KERBIN/eval_00011/input.csv
226	data/mga_smoke/nbody_triage_kj/rank4_KERBIN-EVE-KERBIN-JOOL/legs/leg2_EVE_to_KERBIN/eval_00010/input.csv
226	data/mga_smoke/nbody_triage_kj/rank1_KERBIN-EVE-KERBIN-KERBIN-JOOL/legs/leg2_EVE_to_KERBIN/eval_00021/input.csv
226	data/mga_smoke/nbody_triage_kj/rank1_KERBIN-EVE-KERBIN-KERBIN-JOOL/legs/leg2_EVE_to_KERBIN/eval_00020/input.csv
226	data/mga_smoke/nbody_triage_kj/rank1_KERBIN-EVE-KERBIN-KERBIN-JOOL/legs/leg2_EVE_to_KERBIN/eval_00018/input.csv
226	data/mga_smoke/nbody_triage_kj/rank1_KERBIN-EVE-KERBIN-KERBIN-JOOL/legs/leg2_EVE_to_KERBIN/eval_00017/input.csv
226	data/mga_smoke/nbody_triage_kj/rank1_KERBIN-EVE-KERBIN-KERBIN-JOOL/legs/leg2_EVE_to_KERBIN/eval_00013/input.csv
226	data/mga_smoke/nbody_triage_kj/rank1_KERBIN-EVE-KERBIN-KERBIN-JOOL/legs/leg2_EVE_to_KERBIN/eval_00012/input.csv
226	data/mga_smoke/nbody_triage_kj/rank1_KERBIN-EVE-KERBIN-KERBIN-JOOL/legs/leg2_EVE_to_KERBIN/eval_00011/input.csv
226	data/mga_smoke/nbody_triage_kj/rank1_KERBIN-EVE-KERBIN-KERBIN-JOOL/legs/leg1_KERBIN_to_EVE/eval_00008/input.csv
226	data/mga_smoke/nbody_triage_kj/rank1_KERBIN-EVE-KERBIN-KERBIN-JOOL/legs/leg1_KERBIN_to_EVE/eval_00005/input.csv
226	data/mga_smoke/nbody_triage_kj/rank1_KERBIN-EVE-KERBIN-KERBIN-JOOL/audit_work/leg4_KERBIN_to_JOOL/corrected_input.csv
226	data/mga_smoke/nbody_triage_kj/rank18_KERBIN-EVE-DUNA-KERBIN-JOOL/legs/leg1_KERBIN_to_EVE/eval_00041/input.csv
226	data/mga_smoke/nbody_triage_kj/rank18_KERBIN-EVE-DUNA-KERBIN-JOOL/legs/leg1_KERBIN_to_EVE/eval_00040/input.csv
226	data/mga_smoke/nbody_triage_kj/rank18_KERBIN-EVE-DUNA-KERBIN-JOOL/legs/leg1_KERBIN_to_EVE/eval_00039/input.csv
226	data/mga_smoke/nbody_triage_kj/rank18_KERBIN-EVE-DUNA-KERBIN-JOOL/legs/leg1_KERBIN_to_EVE/eval_00037/input.csv
226	data/mga_smoke/nbody_triage_kj/rank18_KERBIN-EVE-DUNA-KERBIN-JOOL/legs/leg1_KERBIN_to_EVE/eval_00036/input.csv
226	data/mga_smoke/nbody_triage_kj/rank18_KERBIN-EVE-DUNA-KERBIN-JOOL/legs/leg1_KERBIN_to_EVE/eval_00035/input.csv
226	data/mga_smoke/nbody_triage_kj/rank18_KERBIN-EVE-DUNA-KERBIN-JOOL/legs/leg1_KERBIN_to_EVE/eval_00034/input.csv
226	data/mga_smoke/nbody_triage_kj/rank18_KERBIN-EVE-DUNA-KERBIN-JOOL/legs/leg1_KERBIN_to_EVE/eval_00033/input.csv
226	data/mga_smoke/nbody_triage_kj/rank18_KERBIN-EVE-DUNA-KERBIN-JOOL/legs/leg1_KERBIN_to_EVE/eval_00032/input.csv
226	data/mga_smoke/nbody_triage_kj/rank18_KERBIN-EVE-DUNA-KERBIN-JOOL/legs/leg1_KERBIN_to_EVE/eval_00031/input.csv
226	data/mga_smoke/nbody_triage_kj/rank18_KERBIN-EVE-DUNA-KERBIN-JOOL/legs/leg1_KERBIN_to_EVE/eval_00030/input.csv
226	data/mga_smoke/nbody_triage_kj/rank18_KERBIN-EVE-DUNA-KERBIN-JOOL/legs/leg1_KERBIN_to_EVE/eval_00029/input.csv
226	data/mga_smoke/nbody_triage_kj/rank18_KERBIN-EVE-DUNA-KERBIN-JOOL/legs/leg1_KERBIN_to_EVE/eval_00028/input.csv
226	data/mga_smoke/nbody_triage_kj/rank18_KERBIN-EVE-DUNA-KERBIN-JOOL/legs/leg1_KERBIN_to_EVE/eval_00026/input.csv
226	data/mga_smoke/nbody_triage_kj/rank18_KERBIN-EVE-DUNA-KERBIN-JOOL/legs/leg1_KERBIN_to_EVE/eval_00025/input.csv
226	data/mga_smoke/nbody_triage_kj/rank18_KERBIN-EVE-DUNA-KERBIN-JOOL/legs/leg1_KERBIN_to_EVE/eval_00024/input.csv
226	data/mga_smoke/nbody_triage_kj/rank18_KERBIN-EVE-DUNA-KERBIN-JOOL/legs/leg1_KERBIN_to_EVE/eval_00023/input.csv
226	data/mga_smoke/nbody_triage_kj/rank18_KERBIN-EVE-DUNA-KERBIN-JOOL/legs/leg1_KERBIN_to_EVE/eval_00022/input.csv
226	data/mga_smoke/nbody_triage_kj/rank18_KERBIN-EVE-DUNA-KERBIN-JOOL/legs/leg1_KERBIN_to_EVE/eval_00021/input.csv
226	data/mga_smoke/nbody_triage_kj/rank18_KERBIN-EVE-DUNA-KERBIN-JOOL/legs/leg1_KERBIN_to_EVE/eval_00020/input.csv
226	data/mga_smoke/nbody_triage_kj/rank18_KERBIN-EVE-DUNA-KERBIN-JOOL/legs/leg1_KERBIN_to_EVE/eval_00017/input.csv
226	data/mga_smoke/nbody_triage_kj/rank18_KERBIN-EVE-DUNA-KERBIN-JOOL/legs/leg1_KERBIN_to_EVE/eval_00016/input.csv
226	data/mga_smoke/nbody_triage_kj/rank18_KERBIN-EVE-DUNA-KERBIN-JOOL/legs/leg1_KERBIN_to_EVE/eval_00015/input.csv
226	data/mga_smoke/nbody_triage_kj/rank18_KERBIN-EVE-DUNA-KERBIN-JOOL/legs/leg1_KERBIN_to_EVE/eval_00014/input.csv
226	data/mga_smoke/nbody_triage_kj/rank18_KERBIN-EVE-DUNA-KERBIN-JOOL/legs/leg1_KERBIN_to_EVE/eval_00013/input.csv
226	data/mga_smoke/nbody_triage_kj/rank18_KERBIN-EVE-DUNA-KERBIN-JOOL/legs/leg1_KERBIN_to_EVE/eval_00010/input.csv
226	data/mga_smoke/nbody_triage_kj/rank18_KERBIN-EVE-DUNA-KERBIN-JOOL/legs/leg1_KERBIN_to_EVE/eval_00009/input.csv
226	data/mga_smoke/nbody_triage_kj/rank18_KERBIN-EVE-DUNA-KERBIN-JOOL/legs/leg1_KERBIN_to_EVE/eval_00008/input.csv
226	data/mga_smoke/nbody_triage_kj/rank18_KERBIN-EVE-DUNA-KERBIN-JOOL/legs/leg1_KERBIN_to_EVE/eval_00007/input.csv
226	data/mga_smoke/nbody_triage_kj/rank18_KERBIN-EVE-DUNA-KERBIN-JOOL/legs/leg1_KERBIN_to_EVE/eval_00006/input.csv
226	data/mga_smoke/nbody_triage_kj/rank15_KERBIN-KERBIN-EVE-KERBIN-JOOL/legs/leg3_EVE_to_KERBIN/eval_00015/input.csv
226	data/mga_smoke/nbody_triage_kj/rank15_KERBIN-KERBIN-EVE-KERBIN-JOOL/legs/leg3_EVE_to_KERBIN/eval_00014/input.csv
226	data/mga_smoke/nbody_triage_kj/rank15_KERBIN-KERBIN-EVE-KERBIN-JOOL/legs/leg3_EVE_to_KERBIN/eval_00012/input.csv
226	data/mga_smoke/nbody_triage_kj/rank15_KERBIN-KERBIN-EVE-KERBIN-JOOL/legs/leg3_EVE_to_KERBIN/eval_00010/input.csv
226	data/mga_smoke/nbody_triage_kj/rank15_KERBIN-KERBIN-EVE-KERBIN-JOOL/legs/leg1_KERBIN_to_KERBIN/eval_00044/input.csv
226	data/mga_smoke/nbody_triage_kj/rank15_KERBIN-KERBIN-EVE-KERBIN-JOOL/audit_work/leg4_KERBIN_to_JOOL/corrected_input.csv
226	data/mga_smoke/nbody_triage_kj/rank12_KERBIN-EVE-KERBIN-JOOL/legs/leg1_KERBIN_to_EVE/eval_00023/input.csv
226	data/mga_smoke/nbody_triage_kj/rank12_KERBIN-EVE-KERBIN-JOOL/legs/leg1_KERBIN_to_EVE/eval_00021/input.csv
226	data/mga_smoke/nbody_triage_kj/rank12_KERBIN-EVE-KERBIN-JOOL/legs/leg1_KERBIN_to_EVE/eval_00020/input.csv
226	data/mga_smoke/nbody_triage_kj/rank12_KERBIN-EVE-KERBIN-JOOL/legs/leg1_KERBIN_to_EVE/eval_00019/input.csv
226	data/mga_smoke/nbody_triage_kj/rank12_KERBIN-EVE-KERBIN-JOOL/legs/leg1_KERBIN_to_EVE/eval_00018/input.csv
226	data/mga_smoke/nbody_triage_kj/rank12_KERBIN-EVE-KERBIN-JOOL/legs/leg1_KERBIN_to_EVE/eval_00017/input.csv
226	data/mga_smoke/nbody_triage_kj/rank12_KERBIN-EVE-KERBIN-JOOL/legs/leg1_KERBIN_to_EVE/eval_00014/input.csv
226	data/mga_smoke/nbody_triage_kj/rank12_KERBIN-EVE-KERBIN-JOOL/legs/leg1_KERBIN_to_EVE/eval_00013/input.csv
226	data/mga_smoke/nbody_triage_kj/rank12_KERBIN-EVE-KERBIN-JOOL/legs/leg1_KERBIN_to_EVE/eval_00012/input.csv
226	data/mga_smoke/nbody_triage_kj/rank12_KERBIN-EVE-KERBIN-JOOL/legs/leg1_KERBIN_to_EVE/eval_00011/input.csv
226	data/mga_smoke/nbody_triage_kj/rank12_KERBIN-EVE-KERBIN-JOOL/legs/leg1_KERBIN_to_EVE/eval_00010/input.csv
226	data/mga_smoke/native_target_audit/rank1_leg1/pZ_pY_mX/kepler_expected.csv
226	data/mga_smoke/native_target_audit/rank1_leg1/pZ_mX_pY/kepler_expected.csv
226	data/mga_smoke/native_target_audit/rank1_leg1/pY_pZ_mX/kepler_expected.csv
226	data/mga_smoke/native_target_audit/rank1_leg1/pY_pX_mZ/kepler_expected.csv
226	data/mga_smoke/native_target_audit/rank1_leg1/pY_mZ_pX/kepler_expected.csv
226	data/mga_smoke/native_target_audit/rank1_leg1/pY_mX_pZ/kepler_expected.csv
226	data/mga_smoke/native_target_audit/rank1_leg1/pX_pY_mZ/kepler_expected.csv
226	data/mga_smoke/native_target_audit/rank1_leg1/pX_mZ_pY/kepler_expected.csv
226	data/mga_smoke/native_target_audit/rank1_leg1/mZ_pY_pX/kepler_expected.csv
226	data/mga_smoke/native_target_audit/rank1_leg1/mZ_pX_pY/kepler_expected.csv
226	data/mga_smoke/native_target_audit/rank1_leg1/mZ_mY_mX/kepler_expected.csv
226	data/mga_smoke/native_target_audit/rank1_leg1/mZ_mX_mY/kepler_expected.csv
226	data/mga_smoke/native_target_audit/rank1_leg1/mY_mZ_mX/kepler_expected.csv
226	data/mga_smoke/native_target_audit/rank1_leg1/mY_mX_mZ/kepler_expected.csv
226	data/mga_smoke/native_target_audit/rank1_leg1/mX_pZ_pY/kepler_expected.csv
226	data/mga_smoke/native_target_audit/rank1_leg1/mX_pY_pZ/kepler_expected.csv
226	data/mga_smoke/native_target_audit/rank1_leg1/mX_mZ_mY/kepler_expected.csv
226	data/mga_smoke/native_target_audit/rank1_leg1/mX_mY_mZ/kepler_expected.csv
226	data/mga_smoke/native_target_audit/rank1_leg1_inverse_transform/pZ_mX_pY/kepler_expected.csv
226	data/mga_smoke/native_leg_opt/rank1_all_legs/leg3_KERBIN_to_JOOL/eval_00019/input.csv
226	data/mga_smoke/native_leg_opt/rank1_all_legs/leg3_KERBIN_to_JOOL/eval_00008/input.csv
226	data/mga_smoke/native_leg_opt/rank1_all_legs/leg3_KERBIN_to_JOOL/eval_00007/input.csv
226	data/mga_smoke/native_leg_opt/rank1_all_legs/leg3_KERBIN_to_JOOL/eval_00006/input.csv
226	data/mga_smoke/native_leg_opt/rank1_all_legs/leg3_KERBIN_to_JOOL/eval_00005/input.csv
226	data/mga_smoke/native_leg_opt/rank1_all_legs/leg3_KERBIN_to_JOOL/eval_00003/input.csv
226	data/mga_smoke/native_leg_opt/rank1_all_legs/leg3_KERBIN_to_JOOL/eval_00002/input.csv
226	data/mga_smoke/native_leg_opt/rank1_all_legs/leg3_KERBIN_to_JOOL/eval_00001/input.csv
226	data/mga_smoke/native_leg_opt/rank1_all_legs/leg2_EVE_to_KERBIN/eval_00035/input.csv
226	data/mga_smoke/native_leg_opt/rank1_all_legs/leg2_EVE_to_KERBIN/eval_00034/input.csv
226	data/mga_smoke/native_leg_opt/rank1_all_legs/leg2_EVE_to_KERBIN/eval_00033/input.csv
226	data/mga_smoke/native_leg_opt/rank1_all_legs/leg2_EVE_to_KERBIN/eval_00032/input.csv
226	data/mga_smoke/native_leg_opt/rank1_all_legs/leg2_EVE_to_KERBIN/eval_00031/input.csv
226	data/mga_smoke/native_leg_opt/rank1_all_legs/leg2_EVE_to_KERBIN/eval_00028/input.csv
226	data/mga_smoke/native_leg_opt/rank1_all_legs/leg2_EVE_to_KERBIN/eval_00027/input.csv
226	data/mga_smoke/native_leg_opt/rank1_all_legs/leg2_EVE_to_KERBIN/eval_00026/input.csv
226	data/mga_smoke/native_leg_opt/rank1_all_legs/leg2_EVE_to_KERBIN/eval_00025/input.csv
226	data/mga_smoke/native_leg_opt/rank1_all_legs/leg2_EVE_to_KERBIN/eval_00023/input.csv
226	data/mga_smoke/native_leg_opt/rank1_all_legs/leg2_EVE_to_KERBIN/eval_00021/input.csv
226	data/mga_smoke/native_leg_opt/rank1_all_legs/leg2_EVE_to_KERBIN/eval_00020/input.csv
226	data/mga_smoke/native_leg_opt/rank1_all_legs/leg2_EVE_to_KERBIN/eval_00019/input.csv
226	data/mga_smoke/native_leg_opt/rank1_all_legs/leg2_EVE_to_KERBIN/eval_00017/input.csv
226	data/mga_smoke/native_leg_opt/rank1_all_legs/leg2_EVE_to_KERBIN/eval_00016/input.csv
226	data/mga_smoke/native_leg_opt/rank1_all_legs/leg2_EVE_to_KERBIN/eval_00015/input.csv
226	data/mga_smoke/native_leg_opt/rank1_all_legs/leg2_EVE_to_KERBIN/eval_00014/input.csv
226	data/mga_smoke/native_leg_opt/rank1_all_legs/leg2_EVE_to_KERBIN/eval_00012/input.csv
226	data/mga_smoke/native_leg_opt/rank1_all_legs/leg2_EVE_to_KERBIN/eval_00011/input.csv
226	data/mga_smoke/native_leg_opt/rank1_all_legs/leg2_EVE_to_KERBIN/eval_00010/input.csv
226	data/mga_smoke/native_flyby_audit/rank1/leg1_KERBIN_to_EVE/corrected_input.csv
225	data/mga_smoke/particle_test_output.csv
225	data/mga_smoke/nbody_triage_kj/rank7_KERBIN-DUNA-KERBIN-KERBIN-JOOL/legs/leg1_KERBIN_to_DUNA/eval_00013/input.csv
225	data/mga_smoke/nbody_triage_kj/rank7_KERBIN-DUNA-KERBIN-KERBIN-JOOL/legs/leg1_KERBIN_to_DUNA/eval_00009/input.csv
225	data/mga_smoke/nbody_triage_kj/rank7_KERBIN-DUNA-KERBIN-KERBIN-JOOL/legs/leg1_KERBIN_to_DUNA/eval_00007/input.csv
225	data/mga_smoke/nbody_triage_kj/rank7_KERBIN-DUNA-KERBIN-KERBIN-JOOL/legs/leg1_KERBIN_to_DUNA/eval_00006/input.csv
225	data/mga_smoke/nbody_triage_kj/rank7_KERBIN-DUNA-KERBIN-KERBIN-JOOL/legs/leg1_KERBIN_to_DUNA/eval_00005/input.csv
225	data/mga_smoke/nbody_triage_kj/rank7_KERBIN-DUNA-KERBIN-KERBIN-JOOL/legs/leg1_KERBIN_to_DUNA/eval_00003/input.csv
225	data/mga_smoke/nbody_triage_kj/rank7_KERBIN-DUNA-KERBIN-KERBIN-JOOL/legs/leg1_KERBIN_to_DUNA/eval_00002/input.csv
225	data/mga_smoke/nbody_triage_kj/rank7_KERBIN-DUNA-KERBIN-KERBIN-JOOL/legs/leg1_KERBIN_to_DUNA/eval_00001/input.csv
225	data/mga_smoke/nbody_triage_kj/rank4_KERBIN-EVE-KERBIN-JOOL/legs/leg2_EVE_to_KERBIN/eval_00013/input.csv
225	data/mga_smoke/nbody_triage_kj/rank4_KERBIN-EVE-KERBIN-JOOL/legs/leg2_EVE_to_KERBIN/eval_00009/input.csv
225	data/mga_smoke/nbody_triage_kj/rank4_KERBIN-EVE-KERBIN-JOOL/legs/leg2_EVE_to_KERBIN/eval_00008/input.csv
225	data/mga_smoke/nbody_triage_kj/rank4_KERBIN-EVE-KERBIN-JOOL/legs/leg2_EVE_to_KERBIN/eval_00007/input.csv
225	data/mga_smoke/nbody_triage_kj/rank4_KERBIN-EVE-KERBIN-JOOL/legs/leg2_EVE_to_KERBIN/eval_00006/input.csv
225	data/mga_smoke/nbody_triage_kj/rank4_KERBIN-EVE-KERBIN-JOOL/legs/leg2_EVE_to_KERBIN/eval_00005/input.csv
225	data/mga_smoke/nbody_triage_kj/rank4_KERBIN-EVE-KERBIN-JOOL/legs/leg2_EVE_to_KERBIN/eval_00004/input.csv
225	data/mga_smoke/nbody_triage_kj/rank4_KERBIN-EVE-KERBIN-JOOL/legs/leg2_EVE_to_KERBIN/eval_00003/input.csv
225	data/mga_smoke/nbody_triage_kj/rank4_KERBIN-EVE-KERBIN-JOOL/legs/leg2_EVE_to_KERBIN/eval_00002/input.csv
225	data/mga_smoke/nbody_triage_kj/rank4_KERBIN-EVE-KERBIN-JOOL/legs/leg2_EVE_to_KERBIN/eval_00001/input.csv
225	data/mga_smoke/nbody_triage_kj/rank1_KERBIN-EVE-KERBIN-KERBIN-JOOL/legs/leg2_EVE_to_KERBIN/eval_00023/input.csv
225	data/mga_smoke/nbody_triage_kj/rank1_KERBIN-EVE-KERBIN-KERBIN-JOOL/legs/leg2_EVE_to_KERBIN/eval_00019/input.csv
225	data/mga_smoke/nbody_triage_kj/rank1_KERBIN-EVE-KERBIN-KERBIN-JOOL/legs/leg2_EVE_to_KERBIN/eval_00016/input.csv
225	data/mga_smoke/nbody_triage_kj/rank1_KERBIN-EVE-KERBIN-KERBIN-JOOL/legs/leg2_EVE_to_KERBIN/eval_00015/input.csv
225	data/mga_smoke/nbody_triage_kj/rank1_KERBIN-EVE-KERBIN-KERBIN-JOOL/legs/leg2_EVE_to_KERBIN/eval_00014/input.csv
225	data/mga_smoke/nbody_triage_kj/rank1_KERBIN-EVE-KERBIN-KERBIN-JOOL/legs/leg2_EVE_to_KERBIN/eval_00010/input.csv
225	data/mga_smoke/nbody_triage_kj/rank1_KERBIN-EVE-KERBIN-KERBIN-JOOL/legs/leg2_EVE_to_KERBIN/eval_00007/input.csv
225	data/mga_smoke/nbody_triage_kj/rank1_KERBIN-EVE-KERBIN-KERBIN-JOOL/legs/leg2_EVE_to_KERBIN/eval_00006/input.csv
225	data/mga_smoke/nbody_triage_kj/rank1_KERBIN-EVE-KERBIN-KERBIN-JOOL/legs/leg2_EVE_to_KERBIN/eval_00005/input.csv
225	data/mga_smoke/nbody_triage_kj/rank1_KERBIN-EVE-KERBIN-KERBIN-JOOL/legs/leg2_EVE_to_KERBIN/eval_00004/input.csv
225	data/mga_smoke/nbody_triage_kj/rank1_KERBIN-EVE-KERBIN-KERBIN-JOOL/legs/leg2_EVE_to_KERBIN/eval_00003/input.csv
225	data/mga_smoke/nbody_triage_kj/rank1_KERBIN-EVE-KERBIN-KERBIN-JOOL/legs/leg2_EVE_to_KERBIN/eval_00002/input.csv
225	data/mga_smoke/nbody_triage_kj/rank1_KERBIN-EVE-KERBIN-KERBIN-JOOL/legs/leg2_EVE_to_KERBIN/eval_00001/input.csv
225	data/mga_smoke/nbody_triage_kj/rank18_KERBIN-EVE-DUNA-KERBIN-JOOL/legs/leg1_KERBIN_to_EVE/eval_00038/input.csv
225	data/mga_smoke/nbody_triage_kj/rank18_KERBIN-EVE-DUNA-KERBIN-JOOL/legs/leg1_KERBIN_to_EVE/eval_00019/input.csv
225	data/mga_smoke/nbody_triage_kj/rank18_KERBIN-EVE-DUNA-KERBIN-JOOL/legs/leg1_KERBIN_to_EVE/eval_00018/input.csv
225	data/mga_smoke/nbody_triage_kj/rank18_KERBIN-EVE-DUNA-KERBIN-JOOL/legs/leg1_KERBIN_to_EVE/eval_00012/input.csv
225	data/mga_smoke/nbody_triage_kj/rank18_KERBIN-EVE-DUNA-KERBIN-JOOL/legs/leg1_KERBIN_to_EVE/eval_00005/input.csv
225	data/mga_smoke/nbody_triage_kj/rank18_KERBIN-EVE-DUNA-KERBIN-JOOL/legs/leg1_KERBIN_to_EVE/eval_00004/input.csv
225	data/mga_smoke/nbody_triage_kj/rank18_KERBIN-EVE-DUNA-KERBIN-JOOL/legs/leg1_KERBIN_to_EVE/eval_00003/input.csv
225	data/mga_smoke/nbody_triage_kj/rank18_KERBIN-EVE-DUNA-KERBIN-JOOL/legs/leg1_KERBIN_to_EVE/eval_00002/input.csv
225	data/mga_smoke/nbody_triage_kj/rank18_KERBIN-EVE-DUNA-KERBIN-JOOL/legs/leg1_KERBIN_to_EVE/eval_00001/input.csv
225	data/mga_smoke/nbody_triage_kj/rank15_KERBIN-KERBIN-EVE-KERBIN-JOOL/legs/leg3_EVE_to_KERBIN/eval_00017/input.csv
225	data/mga_smoke/nbody_triage_kj/rank15_KERBIN-KERBIN-EVE-KERBIN-JOOL/legs/leg3_EVE_to_KERBIN/eval_00016/input.csv
225	data/mga_smoke/nbody_triage_kj/rank15_KERBIN-KERBIN-EVE-KERBIN-JOOL/legs/leg3_EVE_to_KERBIN/eval_00011/input.csv
225	data/mga_smoke/nbody_triage_kj/rank15_KERBIN-KERBIN-EVE-KERBIN-JOOL/legs/leg3_EVE_to_KERBIN/eval_00009/input.csv
225	data/mga_smoke/nbody_triage_kj/rank15_KERBIN-KERBIN-EVE-KERBIN-JOOL/legs/leg3_EVE_to_KERBIN/eval_00008/input.csv
225	data/mga_smoke/nbody_triage_kj/rank15_KERBIN-KERBIN-EVE-KERBIN-JOOL/legs/leg3_EVE_to_KERBIN/eval_00007/input.csv
225	data/mga_smoke/nbody_triage_kj/rank15_KERBIN-KERBIN-EVE-KERBIN-JOOL/legs/leg3_EVE_to_KERBIN/eval_00006/input.csv
225	data/mga_smoke/nbody_triage_kj/rank15_KERBIN-KERBIN-EVE-KERBIN-JOOL/legs/leg3_EVE_to_KERBIN/eval_00005/input.csv
225	data/mga_smoke/nbody_triage_kj/rank15_KERBIN-KERBIN-EVE-KERBIN-JOOL/legs/leg3_EVE_to_KERBIN/eval_00004/input.csv
225	data/mga_smoke/nbody_triage_kj/rank15_KERBIN-KERBIN-EVE-KERBIN-JOOL/legs/leg3_EVE_to_KERBIN/eval_00003/input.csv
225	data/mga_smoke/nbody_triage_kj/rank15_KERBIN-KERBIN-EVE-KERBIN-JOOL/legs/leg3_EVE_to_KERBIN/eval_00002/input.csv
225	data/mga_smoke/nbody_triage_kj/rank15_KERBIN-KERBIN-EVE-KERBIN-JOOL/legs/leg3_EVE_to_KERBIN/eval_00001/input.csv
225	data/mga_smoke/nbody_triage_kj/rank12_KERBIN-EVE-KERBIN-JOOL/legs/leg1_KERBIN_to_EVE/eval_00025/input.csv
225	data/mga_smoke/nbody_triage_kj/rank12_KERBIN-EVE-KERBIN-JOOL/legs/leg1_KERBIN_to_EVE/eval_00024/input.csv
225	data/mga_smoke/nbody_triage_kj/rank12_KERBIN-EVE-KERBIN-JOOL/legs/leg1_KERBIN_to_EVE/eval_00016/input.csv
225	data/mga_smoke/nbody_triage_kj/rank12_KERBIN-EVE-KERBIN-JOOL/legs/leg1_KERBIN_to_EVE/eval_00015/input.csv
225	data/mga_smoke/nbody_triage_kj/rank12_KERBIN-EVE-KERBIN-JOOL/legs/leg1_KERBIN_to_EVE/eval_00009/input.csv
225	data/mga_smoke/nbody_triage_kj/rank12_KERBIN-EVE-KERBIN-JOOL/legs/leg1_KERBIN_to_EVE/eval_00008/input.csv
225	data/mga_smoke/nbody_triage_kj/rank12_KERBIN-EVE-KERBIN-JOOL/legs/leg1_KERBIN_to_EVE/eval_00007/input.csv
225	data/mga_smoke/nbody_triage_kj/rank12_KERBIN-EVE-KERBIN-JOOL/legs/leg1_KERBIN_to_EVE/eval_00006/input.csv
225	data/mga_smoke/nbody_triage_kj/rank12_KERBIN-EVE-KERBIN-JOOL/legs/leg1_KERBIN_to_EVE/eval_00005/input.csv
225	data/mga_smoke/nbody_triage_kj/rank12_KERBIN-EVE-KERBIN-JOOL/legs/leg1_KERBIN_to_EVE/eval_00003/input.csv
225	data/mga_smoke/nbody_triage_kj/rank12_KERBIN-EVE-KERBIN-JOOL/legs/leg1_KERBIN_to_EVE/eval_00002/input.csv
225	data/mga_smoke/nbody_triage_kj/rank12_KERBIN-EVE-KERBIN-JOOL/legs/leg1_KERBIN_to_EVE/eval_00001/input.csv
225	data/mga_smoke/native_target_audit/seed43_leg1/pZ_pX_pY/particle_input.csv
225	data/mga_smoke/native_target_audit/seed43_leg1/pZ_pX_mY/particle_input.csv
225	data/mga_smoke/native_target_audit/seed43_leg1/pX_pY_pZ/particle_input.csv
225	data/mga_smoke/native_target_audit/seed43_leg1/ mY_pX_pZ/particle_input.csv
225	data/mga_smoke/native_target_audit/seed43_leg1_inverse_transform/pZ_mX_pY/particle_input.csv
225	data/mga_smoke/native_target_audit/seed43_leg1_inverse_transform/pZ_mX_pY/kepler_expected.csv
225	data/mga_smoke/native_target_audit/rank1_leg1/pZ_pY_pX/particle_input.csv
225	data/mga_smoke/native_target_audit/rank1_leg1/pZ_pX_pY/particle_input.csv
225	data/mga_smoke/native_target_audit/rank1_leg1/pZ_pX_mY/particle_input.csv
225	data/mga_smoke/native_target_audit/rank1_leg1/pZ_mY_pX/particle_input.csv
225	data/mga_smoke/native_target_audit/rank1_leg1/pY_pZ_pX/particle_input.csv
225	data/mga_smoke/native_target_audit/rank1_leg1/pY_pX_pZ/particle_input.csv
225	data/mga_smoke/native_target_audit/rank1_leg1/pY_pX_mZ/particle_input.csv
225	data/mga_smoke/native_target_audit/rank1_leg1/pY_mZ_pX/particle_input.csv
225	data/mga_smoke/native_target_audit/rank1_leg1/pX_pZ_pY/particle_input.csv
225	data/mga_smoke/native_target_audit/rank1_leg1/pX_pZ_mY/particle_input.csv
225	data/mga_smoke/native_target_audit/rank1_leg1/pX_pY_pZ/particle_input.csv
225	data/mga_smoke/native_target_audit/rank1_leg1/pX_pY_mZ/particle_input.csv
225	data/mga_smoke/native_target_audit/rank1_leg1/pX_mZ_pY/particle_input.csv
225	data/mga_smoke/native_target_audit/rank1_leg1/pX_mZ_mY/particle_input.csv
225	data/mga_smoke/native_target_audit/rank1_leg1/pX_mY_pZ/particle_input.csv
225	data/mga_smoke/native_target_audit/rank1_leg1/pX_mY_mZ/particle_input.csv
225	data/mga_smoke/native_target_audit/rank1_leg1/mZ_pY_pX/particle_input.csv
225	data/mga_smoke/native_target_audit/rank1_leg1/mZ_pX_pY/particle_input.csv
225	data/mga_smoke/native_target_audit/rank1_leg1/mZ_pX_mY/particle_input.csv
225	data/mga_smoke/native_target_audit/rank1_leg1/mZ_mY_pX/particle_input.csv
225	data/mga_smoke/native_target_audit/rank1_leg1/mY_pZ_pX/particle_input.csv
225	data/mga_smoke/native_target_audit/rank1_leg1/mY_pX_pZ/particle_input.csv
225	data/mga_smoke/native_target_audit/rank1_leg1/mY_pX_mZ/particle_input.csv
225	data/mga_smoke/native_target_audit/rank1_leg1/mY_mZ_pX/particle_input.csv
225	data/mga_smoke/native_leg_opt/rank1_all_legs/leg3_KERBIN_to_JOOL/eval_00028/input.csv
225	data/mga_smoke/native_leg_opt/rank1_all_legs/leg3_KERBIN_to_JOOL/eval_00010/input.csv
225	data/mga_smoke/native_leg_opt/rank1_all_legs/leg3_KERBIN_to_JOOL/eval_00009/input.csv
225	data/mga_smoke/native_leg_opt/rank1_all_legs/leg3_KERBIN_to_JOOL/eval_00004/input.csv
225	data/mga_smoke/native_leg_opt/rank1_all_legs/leg2_EVE_to_KERBIN/eval_00037/input.csv
225	data/mga_smoke/native_leg_opt/rank1_all_legs/leg2_EVE_to_KERBIN/eval_00036/input.csv
225	data/mga_smoke/native_leg_opt/rank1_all_legs/leg2_EVE_to_KERBIN/eval_00030/input.csv
225	data/mga_smoke/native_leg_opt/rank1_all_legs/leg2_EVE_to_KERBIN/eval_00029/input.csv
225	data/mga_smoke/native_leg_opt/rank1_all_legs/leg2_EVE_to_KERBIN/eval_00024/input.csv
225	data/mga_smoke/native_leg_opt/rank1_all_legs/leg2_EVE_to_KERBIN/eval_00022/input.csv
225	data/mga_smoke/native_leg_opt/rank1_all_legs/leg2_EVE_to_KERBIN/eval_00018/input.csv
225	data/mga_smoke/native_leg_opt/rank1_all_legs/leg2_EVE_to_KERBIN/eval_00013/input.csv
225	data/mga_smoke/native_leg_opt/rank1_all_legs/leg2_EVE_to_KERBIN/eval_00009/input.csv
225	data/mga_smoke/native_leg_opt/rank1_all_legs/leg2_EVE_to_KERBIN/eval_00008/input.csv
225	data/mga_smoke/native_leg_opt/rank1_all_legs/leg2_EVE_to_KERBIN/eval_00006/input.csv
225	data/mga_smoke/native_leg_opt/rank1_all_legs/leg2_EVE_to_KERBIN/eval_00005/input.csv
225	data/mga_smoke/native_leg_opt/rank1_all_legs/leg2_EVE_to_KERBIN/eval_00004/input.csv
225	data/mga_smoke/native_leg_opt/rank1_all_legs/leg2_EVE_to_KERBIN/eval_00003/input.csv
225	data/mga_smoke/native_leg_opt/rank1_all_legs/leg2_EVE_to_KERBIN/eval_00002/input.csv
225	data/mga_smoke/native_leg_opt/rank1_all_legs/leg2_EVE_to_KERBIN/eval_00001/input.csv
224	data/mga_smoke/nbody_triage_kj/rank7_KERBIN-DUNA-KERBIN-KERBIN-JOOL/legs/leg1_KERBIN_to_DUNA/eval_00008/input.csv
224	data/mga_smoke/nbody_triage_kj/rank7_KERBIN-DUNA-KERBIN-KERBIN-JOOL/legs/leg1_KERBIN_to_DUNA/eval_00004/input.csv
224	data/mga_smoke/nbody_triage_kj/rank1_KERBIN-EVE-KERBIN-KERBIN-JOOL/legs/leg2_EVE_to_KERBIN/eval_00022/input.csv
224	data/mga_smoke/nbody_triage_kj/rank1_KERBIN-EVE-KERBIN-KERBIN-JOOL/legs/leg2_EVE_to_KERBIN/eval_00008/input.csv
224	data/mga_smoke/nbody_triage_kj/rank18_KERBIN-EVE-DUNA-KERBIN-JOOL/legs/leg1_KERBIN_to_EVE/eval_00027/input.csv
224	data/mga_smoke/nbody_triage_kj/rank18_KERBIN-EVE-DUNA-KERBIN-JOOL/legs/leg1_KERBIN_to_EVE/eval_00011/input.csv
224	data/mga_smoke/nbody_triage_kj/rank15_KERBIN-KERBIN-EVE-KERBIN-JOOL/legs/leg4_KERBIN_to_JOOL/eval_00044/input.csv
224	data/mga_smoke/nbody_triage_kj/rank15_KERBIN-KERBIN-EVE-KERBIN-JOOL/legs/leg4_KERBIN_to_JOOL/eval_00042/input.csv
224	data/mga_smoke/nbody_triage_kj/rank15_KERBIN-KERBIN-EVE-KERBIN-JOOL/legs/leg4_KERBIN_to_JOOL/eval_00041/input.csv
224	data/mga_smoke/nbody_triage_kj/rank15_KERBIN-KERBIN-EVE-KERBIN-JOOL/legs/leg4_KERBIN_to_JOOL/eval_00039/input.csv
224	data/mga_smoke/nbody_triage_kj/rank15_KERBIN-KERBIN-EVE-KERBIN-JOOL/legs/leg4_KERBIN_to_JOOL/eval_00037/input.csv
224	data/mga_smoke/nbody_triage_kj/rank15_KERBIN-KERBIN-EVE-KERBIN-JOOL/legs/leg4_KERBIN_to_JOOL/eval_00036/input.csv
224	data/mga_smoke/nbody_triage_kj/rank15_KERBIN-KERBIN-EVE-KERBIN-JOOL/legs/leg4_KERBIN_to_JOOL/eval_00035/input.csv
224	data/mga_smoke/nbody_triage_kj/rank15_KERBIN-KERBIN-EVE-KERBIN-JOOL/legs/leg4_KERBIN_to_JOOL/eval_00034/input.csv
224	data/mga_smoke/nbody_triage_kj/rank15_KERBIN-KERBIN-EVE-KERBIN-JOOL/legs/leg4_KERBIN_to_JOOL/eval_00033/input.csv
224	data/mga_smoke/nbody_triage_kj/rank15_KERBIN-KERBIN-EVE-KERBIN-JOOL/legs/leg4_KERBIN_to_JOOL/eval_00032/input.csv
224	data/mga_smoke/nbody_triage_kj/rank15_KERBIN-KERBIN-EVE-KERBIN-JOOL/legs/leg4_KERBIN_to_JOOL/eval_00030/input.csv
224	data/mga_smoke/nbody_triage_kj/rank15_KERBIN-KERBIN-EVE-KERBIN-JOOL/legs/leg4_KERBIN_to_JOOL/eval_00029/input.csv
224	data/mga_smoke/nbody_triage_kj/rank15_KERBIN-KERBIN-EVE-KERBIN-JOOL/legs/leg4_KERBIN_to_JOOL/eval_00028/input.csv
224	data/mga_smoke/nbody_triage_kj/rank15_KERBIN-KERBIN-EVE-KERBIN-JOOL/legs/leg4_KERBIN_to_JOOL/eval_00025/input.csv
224	data/mga_smoke/nbody_triage_kj/rank15_KERBIN-KERBIN-EVE-KERBIN-JOOL/legs/leg4_KERBIN_to_JOOL/eval_00024/input.csv
224	data/mga_smoke/nbody_triage_kj/rank15_KERBIN-KERBIN-EVE-KERBIN-JOOL/legs/leg4_KERBIN_to_JOOL/eval_00023/input.csv
224	data/mga_smoke/nbody_triage_kj/rank15_KERBIN-KERBIN-EVE-KERBIN-JOOL/legs/leg4_KERBIN_to_JOOL/eval_00022/input.csv
224	data/mga_smoke/nbody_triage_kj/rank15_KERBIN-KERBIN-EVE-KERBIN-JOOL/legs/leg4_KERBIN_to_JOOL/eval_00021/input.csv
224	data/mga_smoke/nbody_triage_kj/rank15_KERBIN-KERBIN-EVE-KERBIN-JOOL/legs/leg4_KERBIN_to_JOOL/eval_00019/input.csv
224	data/mga_smoke/nbody_triage_kj/rank15_KERBIN-KERBIN-EVE-KERBIN-JOOL/legs/leg4_KERBIN_to_JOOL/eval_00017/input.csv
224	data/mga_smoke/nbody_triage_kj/rank15_KERBIN-KERBIN-EVE-KERBIN-JOOL/legs/leg4_KERBIN_to_JOOL/eval_00016/input.csv
224	data/mga_smoke/nbody_triage_kj/rank15_KERBIN-KERBIN-EVE-KERBIN-JOOL/legs/leg4_KERBIN_to_JOOL/eval_00015/input.csv
224	data/mga_smoke/nbody_triage_kj/rank15_KERBIN-KERBIN-EVE-KERBIN-JOOL/legs/leg4_KERBIN_to_JOOL/eval_00013/input.csv
224	data/mga_smoke/nbody_triage_kj/rank15_KERBIN-KERBIN-EVE-KERBIN-JOOL/legs/leg4_KERBIN_to_JOOL/eval_00012/input.csv
224	data/mga_smoke/nbody_triage_kj/rank15_KERBIN-KERBIN-EVE-KERBIN-JOOL/legs/leg4_KERBIN_to_JOOL/eval_00010/input.csv
224	data/mga_smoke/nbody_triage_kj/rank15_KERBIN-KERBIN-EVE-KERBIN-JOOL/legs/leg3_EVE_to_KERBIN/eval_00013/input.csv
224	data/mga_smoke/nbody_triage_kj/rank12_KERBIN-EVE-KERBIN-JOOL/legs/leg1_KERBIN_to_EVE/eval_00022/input.csv
224	data/mga_smoke/nbody_triage_kj/rank12_KERBIN-EVE-KERBIN-JOOL/legs/leg1_KERBIN_to_EVE/eval_00004/input.csv
224	data/mga_smoke/native_target_audit/rank1_leg1/pZ_pY_pX/kepler_expected.csv
224	data/mga_smoke/native_target_audit/rank1_leg1/pZ_pX_pY/kepler_expected.csv
224	data/mga_smoke/native_target_audit/rank1_leg1/pZ_mY_mX/kepler_expected.csv
224	data/mga_smoke/native_target_audit/rank1_leg1/pZ_mX_mY/kepler_expected.csv
224	data/mga_smoke/native_target_audit/rank1_leg1/pY_pZ_pX/kepler_expected.csv
224	data/mga_smoke/native_target_audit/rank1_leg1/pY_pX_pZ/kepler_expected.csv
224	data/mga_smoke/native_target_audit/rank1_leg1/pX_pZ_pY/kepler_expected.csv
224	data/mga_smoke/native_target_audit/rank1_leg1/pX_pY_pZ/kepler_expected.csv
224	data/mga_smoke/native_target_audit/rank1_leg1/pX_mZ_mY/kepler_expected.csv
224	data/mga_smoke/native_target_audit/rank1_leg1/pX_mY_mZ/kepler_expected.csv
224	data/mga_smoke/native_target_audit/rank1_leg1/mZ_pX_mY/kepler_expected.csv
224	data/mga_smoke/native_target_audit/rank1_leg1/mZ_mY_pX/kepler_expected.csv
224	data/mga_smoke/native_target_audit/rank1_leg1/mY_pZ_mX/kepler_expected.csv
224	data/mga_smoke/native_target_audit/rank1_leg1/mY_pX_mZ/kepler_expected.csv
224	data/mga_smoke/native_target_audit/rank1_leg1/mY_mZ_pX/kepler_expected.csv
224	data/mga_smoke/native_target_audit/rank1_leg1/mY_mX_pZ/kepler_expected.csv
224	data/mga_smoke/native_target_audit/rank1_leg1/mX_pZ_mY/kepler_expected.csv
224	data/mga_smoke/native_target_audit/rank1_leg1/mX_mY_pZ/kepler_expected.csv
224	data/mga_smoke/native_leg_opt/rank1/leg1_KERBIN_to_EVE/eval_00028/input.csv
224	data/mga_smoke/native_leg_opt/rank1/leg1_KERBIN_to_EVE/eval_00027/input.csv
224	data/mga_smoke/native_leg_opt/rank1/leg1_KERBIN_to_EVE/eval_00026/input.csv
224	data/mga_smoke/native_leg_opt/rank1/leg1_KERBIN_to_EVE/eval_00025/input.csv
224	data/mga_smoke/native_leg_opt/rank1/leg1_KERBIN_to_EVE/eval_00023/input.csv
224	data/mga_smoke/native_leg_opt/rank1/leg1_KERBIN_to_EVE/eval_00022/input.csv
224	data/mga_smoke/native_leg_opt/rank1/leg1_KERBIN_to_EVE/eval_00021/input.csv
224	data/mga_smoke/native_leg_opt/rank1/leg1_KERBIN_to_EVE/eval_00020/input.csv
224	data/mga_smoke/native_leg_opt/rank1/leg1_KERBIN_to_EVE/eval_00019/input.csv
224	data/mga_smoke/native_leg_opt/rank1/leg1_KERBIN_to_EVE/eval_00016/input.csv
224	data/mga_smoke/native_leg_opt/rank1/leg1_KERBIN_to_EVE/eval_00015/input.csv
224	data/mga_smoke/native_leg_opt/rank1/leg1_KERBIN_to_EVE/eval_00014/input.csv
224	data/mga_smoke/native_leg_opt/rank1/leg1_KERBIN_to_EVE/eval_00013/input.csv
224	data/mga_smoke/native_leg_opt/rank1/leg1_KERBIN_to_EVE/eval_00012/input.csv
224	data/mga_smoke/native_leg_opt/rank1/leg1_KERBIN_to_EVE/eval_00010/input.csv
224	data/mga_smoke/native_leg_opt/rank1_all_legs/leg2_EVE_to_KERBIN/eval_00007/input.csv
224	data/mga_smoke/native_leg_opt/rank1_all_legs/leg1_KERBIN_to_EVE/eval_00028/input.csv
224	data/mga_smoke/native_leg_opt/rank1_all_legs/leg1_KERBIN_to_EVE/eval_00027/input.csv
224	data/mga_smoke/native_leg_opt/rank1_all_legs/leg1_KERBIN_to_EVE/eval_00026/input.csv
224	data/mga_smoke/native_leg_opt/rank1_all_legs/leg1_KERBIN_to_EVE/eval_00025/input.csv
224	data/mga_smoke/native_leg_opt/rank1_all_legs/leg1_KERBIN_to_EVE/eval_00023/input.csv
224	data/mga_smoke/native_leg_opt/rank1_all_legs/leg1_KERBIN_to_EVE/eval_00022/input.csv
224	data/mga_smoke/native_leg_opt/rank1_all_legs/leg1_KERBIN_to_EVE/eval_00021/input.csv
224	data/mga_smoke/native_leg_opt/rank1_all_legs/leg1_KERBIN_to_EVE/eval_00020/input.csv
224	data/mga_smoke/native_leg_opt/rank1_all_legs/leg1_KERBIN_to_EVE/eval_00019/input.csv
224	data/mga_smoke/native_leg_opt/rank1_all_legs/leg1_KERBIN_to_EVE/eval_00016/input.csv
224	data/mga_smoke/native_leg_opt/rank1_all_legs/leg1_KERBIN_to_EVE/eval_00015/input.csv
224	data/mga_smoke/native_leg_opt/rank1_all_legs/leg1_KERBIN_to_EVE/eval_00014/input.csv
224	data/mga_smoke/native_leg_opt/rank1_all_legs/leg1_KERBIN_to_EVE/eval_00013/input.csv
224	data/mga_smoke/native_leg_opt/rank1_all_legs/leg1_KERBIN_to_EVE/eval_00012/input.csv
224	data/mga_smoke/native_leg_opt/rank1_all_legs/leg1_KERBIN_to_EVE/eval_00010/input.csv
223	data/mga_smoke/validator_inputs/rank1_leg1_input.csv
223	data/mga_smoke/nbody_triage_kj/rank1_KERBIN-EVE-KERBIN-KERBIN-JOOL/legs/leg2_EVE_to_KERBIN/eval_00024/input.csv
223	data/mga_smoke/nbody_triage_kj/rank1_KERBIN-EVE-KERBIN-KERBIN-JOOL/legs/leg2_EVE_to_KERBIN/eval_00009/input.csv
223	data/mga_smoke/nbody_triage_kj/rank18_KERBIN-EVE-DUNA-KERBIN-JOOL/legs/leg2_EVE_to_DUNA/eval_00004/input.csv
223	data/mga_smoke/nbody_triage_kj/rank15_KERBIN-KERBIN-EVE-KERBIN-JOOL/legs/leg4_KERBIN_to_JOOL/eval_00043/input.csv
223	data/mga_smoke/nbody_triage_kj/rank15_KERBIN-KERBIN-EVE-KERBIN-JOOL/legs/leg4_KERBIN_to_JOOL/eval_00040/input.csv
223	data/mga_smoke/nbody_triage_kj/rank15_KERBIN-KERBIN-EVE-KERBIN-JOOL/legs/leg4_KERBIN_to_JOOL/eval_00038/input.csv
223	data/mga_smoke/nbody_triage_kj/rank15_KERBIN-KERBIN-EVE-KERBIN-JOOL/legs/leg4_KERBIN_to_JOOL/eval_00031/input.csv
223	data/mga_smoke/nbody_triage_kj/rank15_KERBIN-KERBIN-EVE-KERBIN-JOOL/legs/leg4_KERBIN_to_JOOL/eval_00027/input.csv
223	data/mga_smoke/nbody_triage_kj/rank15_KERBIN-KERBIN-EVE-KERBIN-JOOL/legs/leg4_KERBIN_to_JOOL/eval_00026/input.csv
223	data/mga_smoke/nbody_triage_kj/rank15_KERBIN-KERBIN-EVE-KERBIN-JOOL/legs/leg4_KERBIN_to_JOOL/eval_00018/input.csv
223	data/mga_smoke/nbody_triage_kj/rank15_KERBIN-KERBIN-EVE-KERBIN-JOOL/legs/leg4_KERBIN_to_JOOL/eval_00014/input.csv
223	data/mga_smoke/nbody_triage_kj/rank15_KERBIN-KERBIN-EVE-KERBIN-JOOL/legs/leg4_KERBIN_to_JOOL/eval_00011/input.csv
223	data/mga_smoke/nbody_triage_kj/rank15_KERBIN-KERBIN-EVE-KERBIN-JOOL/legs/leg4_KERBIN_to_JOOL/eval_00007/input.csv
223	data/mga_smoke/nbody_triage_kj/rank15_KERBIN-KERBIN-EVE-KERBIN-JOOL/legs/leg4_KERBIN_to_JOOL/eval_00006/input.csv
223	data/mga_smoke/nbody_triage_kj/rank15_KERBIN-KERBIN-EVE-KERBIN-JOOL/legs/leg4_KERBIN_to_JOOL/eval_00005/input.csv
223	data/mga_smoke/nbody_triage_kj/rank15_KERBIN-KERBIN-EVE-KERBIN-JOOL/legs/leg4_KERBIN_to_JOOL/eval_00004/input.csv
223	data/mga_smoke/nbody_triage_kj/rank15_KERBIN-KERBIN-EVE-KERBIN-JOOL/legs/leg4_KERBIN_to_JOOL/eval_00003/input.csv
223	data/mga_smoke/nbody_triage_kj/rank15_KERBIN-KERBIN-EVE-KERBIN-JOOL/legs/leg4_KERBIN_to_JOOL/eval_00002/input.csv
223	data/mga_smoke/nbody_triage_kj/rank15_KERBIN-KERBIN-EVE-KERBIN-JOOL/legs/leg4_KERBIN_to_JOOL/eval_00001/input.csv
223	data/mga_smoke/native_target_audit/seed43_leg1/pZ_pX_pY/kepler_expected.csv
223	data/mga_smoke/native_target_audit/seed43_leg1/pZ_pX_mY/kepler_expected.csv
223	data/mga_smoke/native_target_audit/seed43_leg1/pX_pY_pZ/kepler_expected.csv
223	data/mga_smoke/native_target_audit/seed43_leg1/ mY_pX_pZ/kepler_expected.csv
223	data/mga_smoke/native_target_audit/rank1_leg1/pZ_pY_mX/particle_input.csv
223	data/mga_smoke/native_target_audit/rank1_leg1/pZ_mY_mX/particle_input.csv
223	data/mga_smoke/native_target_audit/rank1_leg1/pZ_mX_pY/particle_input.csv
223	data/mga_smoke/native_target_audit/rank1_leg1/pZ_mX_mY/particle_input.csv
223	data/mga_smoke/native_target_audit/rank1_leg1/pY_pZ_mX/particle_input.csv
223	data/mga_smoke/native_target_audit/rank1_leg1/pY_mZ_mX/particle_input.csv
223	data/mga_smoke/native_target_audit/rank1_leg1/pY_mX_pZ/particle_input.csv
223	data/mga_smoke/native_target_audit/rank1_leg1/pY_mX_mZ/particle_input.csv
223	data/mga_smoke/native_target_audit/rank1_leg1/mZ_pY_mX/particle_input.csv
223	data/mga_smoke/native_target_audit/rank1_leg1/mZ_mY_mX/particle_input.csv
223	data/mga_smoke/native_target_audit/rank1_leg1/mZ_mX_pY/particle_input.csv
223	data/mga_smoke/native_target_audit/rank1_leg1/mZ_mX_mY/particle_input.csv
223	data/mga_smoke/native_target_audit/rank1_leg1/mY_pZ_mX/particle_input.csv
223	data/mga_smoke/native_target_audit/rank1_leg1/mY_mZ_mX/particle_input.csv
223	data/mga_smoke/native_target_audit/rank1_leg1/mY_mX_pZ/particle_input.csv
223	data/mga_smoke/native_target_audit/rank1_leg1/mY_mX_mZ/particle_input.csv
223	data/mga_smoke/native_target_audit/rank1_leg1/mX_pZ_pY/particle_input.csv
223	data/mga_smoke/native_target_audit/rank1_leg1/mX_pZ_mY/particle_input.csv
223	data/mga_smoke/native_target_audit/rank1_leg1/mX_pY_pZ/particle_input.csv
223	data/mga_smoke/native_target_audit/rank1_leg1/mX_pY_mZ/particle_input.csv
223	data/mga_smoke/native_target_audit/rank1_leg1/mX_mZ_pY/particle_input.csv
223	data/mga_smoke/native_target_audit/rank1_leg1/mX_mZ_mY/particle_input.csv
223	data/mga_smoke/native_target_audit/rank1_leg1/mX_mY_pZ/particle_input.csv
223	data/mga_smoke/native_target_audit/rank1_leg1/mX_mY_mZ/particle_input.csv
223	data/mga_smoke/native_target_audit/rank1_leg1_inverse_transform/pZ_mX_pY/particle_input.csv
223	data/mga_smoke/native_leg_opt/rank1/leg1_KERBIN_to_EVE/eval_00030/input.csv
223	data/mga_smoke/native_leg_opt/rank1/leg1_KERBIN_to_EVE/eval_00029/input.csv
223	data/mga_smoke/native_leg_opt/rank1/leg1_KERBIN_to_EVE/eval_00024/input.csv
223	data/mga_smoke/native_leg_opt/rank1/leg1_KERBIN_to_EVE/eval_00018/input.csv
223	data/mga_smoke/native_leg_opt/rank1/leg1_KERBIN_to_EVE/eval_00017/input.csv
223	data/mga_smoke/native_leg_opt/rank1/leg1_KERBIN_to_EVE/eval_00011/input.csv
223	data/mga_smoke/native_leg_opt/rank1/leg1_KERBIN_to_EVE/eval_00009/input.csv
223	data/mga_smoke/native_leg_opt/rank1/leg1_KERBIN_to_EVE/eval_00008/input.csv
223	data/mga_smoke/native_leg_opt/rank1/leg1_KERBIN_to_EVE/eval_00007/input.csv
223	data/mga_smoke/native_leg_opt/rank1/leg1_KERBIN_to_EVE/eval_00006/input.csv
223	data/mga_smoke/native_leg_opt/rank1/leg1_KERBIN_to_EVE/eval_00005/input.csv
223	data/mga_smoke/native_leg_opt/rank1/leg1_KERBIN_to_EVE/eval_00004/input.csv
223	data/mga_smoke/native_leg_opt/rank1/leg1_KERBIN_to_EVE/eval_00003/input.csv
223	data/mga_smoke/native_leg_opt/rank1/leg1_KERBIN_to_EVE/eval_00002/input.csv
223	data/mga_smoke/native_leg_opt/rank1/leg1_KERBIN_to_EVE/eval_00001/input.csv
223	data/mga_smoke/native_leg_opt/rank1_all_legs/leg1_KERBIN_to_EVE/eval_00030/input.csv
223	data/mga_smoke/native_leg_opt/rank1_all_legs/leg1_KERBIN_to_EVE/eval_00029/input.csv
223	data/mga_smoke/native_leg_opt/rank1_all_legs/leg1_KERBIN_to_EVE/eval_00024/input.csv
223	data/mga_smoke/native_leg_opt/rank1_all_legs/leg1_KERBIN_to_EVE/eval_00018/input.csv
223	data/mga_smoke/native_leg_opt/rank1_all_legs/leg1_KERBIN_to_EVE/eval_00017/input.csv
223	data/mga_smoke/native_leg_opt/rank1_all_legs/leg1_KERBIN_to_EVE/eval_00011/input.csv
223	data/mga_smoke/native_leg_opt/rank1_all_legs/leg1_KERBIN_to_EVE/eval_00009/input.csv
223	data/mga_smoke/native_leg_opt/rank1_all_legs/leg1_KERBIN_to_EVE/eval_00008/input.csv
223	data/mga_smoke/native_leg_opt/rank1_all_legs/leg1_KERBIN_to_EVE/eval_00007/input.csv
223	data/mga_smoke/native_leg_opt/rank1_all_legs/leg1_KERBIN_to_EVE/eval_00006/input.csv
223	data/mga_smoke/native_leg_opt/rank1_all_legs/leg1_KERBIN_to_EVE/eval_00005/input.csv
223	data/mga_smoke/native_leg_opt/rank1_all_legs/leg1_KERBIN_to_EVE/eval_00004/input.csv
223	data/mga_smoke/native_leg_opt/rank1_all_legs/leg1_KERBIN_to_EVE/eval_00003/input.csv
223	data/mga_smoke/native_leg_opt/rank1_all_legs/leg1_KERBIN_to_EVE/eval_00002/input.csv
223	data/mga_smoke/native_leg_opt/rank1_all_legs/leg1_KERBIN_to_EVE/eval_00001/input.csv
222	data/mga_smoke/nbody_triage_kj/rank18_KERBIN-EVE-DUNA-KERBIN-JOOL/legs/leg2_EVE_to_DUNA/eval_00005/input.csv
222	data/mga_smoke/nbody_triage_kj/rank18_KERBIN-EVE-DUNA-KERBIN-JOOL/legs/leg2_EVE_to_DUNA/eval_00003/input.csv
222	data/mga_smoke/nbody_triage_kj/rank18_KERBIN-EVE-DUNA-KERBIN-JOOL/legs/leg2_EVE_to_DUNA/eval_00002/input.csv
222	data/mga_smoke/nbody_triage_kj/rank18_KERBIN-EVE-DUNA-KERBIN-JOOL/legs/leg2_EVE_to_DUNA/eval_00001/input.csv
222	data/mga_smoke/nbody_triage_kj/rank15_KERBIN-KERBIN-EVE-KERBIN-JOOL/legs/leg4_KERBIN_to_JOOL/eval_00020/input.csv
222	data/mga_smoke/nbody_triage_kj/rank15_KERBIN-KERBIN-EVE-KERBIN-JOOL/legs/leg4_KERBIN_to_JOOL/eval_00008/input.csv
222	data/mga_smoke/native_target_audit/rank1_leg1/pZ_pX_mY/kepler_expected.csv
222	data/mga_smoke/native_target_audit/rank1_leg1/pZ_mY_pX/kepler_expected.csv
222	data/mga_smoke/native_target_audit/rank1_leg1/pX_pZ_mY/kepler_expected.csv
222	data/mga_smoke/native_target_audit/rank1_leg1/pX_mY_pZ/kepler_expected.csv
222	data/mga_smoke/native_target_audit/rank1_leg1/mY_pZ_pX/kepler_expected.csv
222	data/mga_smoke/native_target_audit/rank1_leg1/mY_pX_pZ/kepler_expected.csv
221	data/mga_smoke/nbody_triage_kj/rank15_KERBIN-KERBIN-EVE-KERBIN-JOOL/legs/leg4_KERBIN_to_JOOL/eval_00009/input.csv
214	data/teste_rapido/level_a_whfast_dt120/energy.csv
214	data/jnsq_gate0/level_a_5d_slow_drop_first/energy.csv
214	data/final_clean_120d/butterfly_jool/runs/0015_Tylo_pos_tangential_1/energy.csv
213	data/jnsq_gate0/level_a_5d_slow/energy.csv
210	data/jnsq_gate0/level_a_5d_fast/energy.csv
189	data/mga_smoke/impulse_smoke_input.csv
161	data/jnsq_gate0/level_a_dt60/energy.csv
161	data/jnsq_gate0/level_a_dt56/energy.csv
161	data/jnsq_gate0/level_a_dt55/energy.csv
161	data/jnsq_gate0/level_a_dt54/energy.csv
161	data/jnsq_gate0/level_a_dt45/energy.csv
161	data/jnsq_gate0/level_a_5d_v3/energy.csv
161	data/jnsq_gate0/level_a_5d_principia_current_p55/energy.csv
161	data/jnsq_gate0/level_a_5d_principia_current_m55/energy.csv
161	data/jnsq_gate0/level_a_5d_principia_current/energy.csv
160	data/jnsq_gate0/level_a_dt58/energy.csv
160	data/jnsq_gate0/level_a_dt52/energy.csv
160	data/jnsq_gate0/level_a_dt50/energy.csv
160	data/jnsq_gate0/level_a_5d_v3_snapshot_dt20/energy.csv
159	data/jnsq_gate0/level_a_5d_v3_snapshot_dt45/energy.csv
159	data/jnsq_gate0/level_a_5d_v3_snapshot_dt30/energy.csv
159	data/jnsq_gate0/level_a_5d_v3_snapshot_dt240/energy.csv
159	data/jnsq_gate0/level_a_5d_v3_snapshot_dt120/energy.csv
159	data/jnsq_gate0/level_a_5d_v3_snapshot_dt10/energy.csv
159	data/jnsq_gate0/level_a_5d_principia_native/energy.csv
158	data/jnsq_gate0/level_a_5d_v3_snapshot_dt90/energy.csv
158	data/jnsq_gate0/level_a_5d_v3_snapshot_dt60/energy.csv
158	data/jnsq_gate0/level_a_5d_v3_snapshot_dt5/energy.csv
158	data/jnsq_gate0/level_a_5d_v3_snapshot_dt180/energy.csv
158	data/jnsq_gate0/level_a_5d_v3_snapshot_dt15/energy.csv
158	data/jnsq_gate0/level_a_5d_v3_raw/energy.csv
158	data/jnsq_gate0/level_a_5d_composite_best/energy.csv
158	data/jnsq_gate0/level_a_5d_absolute_zero/energy.csv
134	data/grid_search_results/ias15_1e-15_zIn_flip-z-input_zKsp_none_COM_no-move-to-com/result.csv
134	data/grid_search_results/ias15_1e-15_zIn_flip-z-input_zKsp_flip-z-ksp-csv_COM_no-move-to-com/result.csv
134	data/grid_search_results/ias15_1e-11_zIn_none_zKsp_flip-z-ksp-csv_COM_no-move-to-com/result.csv
134	data/grid_search_results/ias15_1e-11_zIn_flip-z-input_zKsp_none_COM_no-move-to-com/result.csv
133	data/grid_search_results/ias15_1e-15_zIn_none_zKsp_flip-z-ksp-csv_COM_no-move-to-com/result.csv
133	data/grid_search_results/ias15_1e-14_zIn_none_zKsp_flip-z-ksp-csv_COM_no-move-to-com/result.csv
133	data/grid_search_results/ias15_1e-13_zIn_flip-z-input_zKsp_flip-z-ksp-csv_COM_no-move-to-com/result.csv
132	data/grid_search_results/whfast_60_zIn_flip-z-input_zKsp_none_COM_no-move-to-com/result.csv
132	data/grid_search_results/whfast_60_zIn_flip-z-input_zKsp_flip-z-ksp-csv_COM_no-move-to-com/result.csv
132	data/grid_search_results/whfast_30_zIn_flip-z-input_zKsp_flip-z-ksp-csv_COM_no-move-to-com/result.csv
132	data/grid_search_results/whfast_120_zIn_flip-z-input_zKsp_flip-z-ksp-csv_COM_no-move-to-com/result.csv
132	data/grid_search_results/whfast_10_zIn_flip-z-input_zKsp_flip-z-ksp-csv_COM_no-move-to-com/result.csv
132	data/grid_search_results/ias15_1e-15_zIn_none_zKsp_none_COM_no-move-to-com/result.csv
132	data/grid_search_results/ias15_1e-14_zIn_flip-z-input_zKsp_none_COM_no-move-to-com/result.csv
132	data/grid_search_results/ias15_1e-13_zIn_flip-z-input_zKsp_none_COM_no-move-to-com/result.csv
132	data/grid_search_results/ias15_1e-11_zIn_flip-z-input_zKsp_flip-z-ksp-csv_COM_no-move-to-com/result.csv
131	data/grid_search_results/whfast_60_zIn_none_zKsp_flip-z-ksp-csv_COM_no-move-to-com/result.csv
131	data/grid_search_results/ias15_1e-13_zIn_none_zKsp_none_COM_no-move-to-com/result.csv
131	data/grid_search_results/ias15_1e-13_zIn_none_zKsp_flip-z-ksp-csv_COM_none/result.csv
131	data/grid_search_results/ias15_1e-13_zIn_none_zKsp_flip-z-ksp-csv_COM_no-move-to-com/result.csv
131	data/grid_search_results/ias15_1e-13_zIn_flip-z-input_zKsp_none_COM_none/result.csv
131	data/grid_search_results/ias15_1e-11_zIn_none_zKsp_none_COM_no-move-to-com/result.csv
130	data/grid_search_results/whfast_60_zIn_none_zKsp_none_COM_no-move-to-com/result.csv
130	data/grid_search_results/whfast_30_zIn_none_zKsp_none_COM_no-move-to-com/result.csv
130	data/grid_search_results/whfast_120_zIn_flip-z-input_zKsp_none_COM_no-move-to-com/result.csv
130	data/grid_search_results/whfast_10_zIn_none_zKsp_none_COM_no-move-to-com/result.csv
130	data/grid_search_results/whfast_10_zIn_none_zKsp_flip-z-ksp-csv_COM_no-move-to-com/result.csv
130	data/grid_search_results/whfast_10_zIn_flip-z-input_zKsp_none_COM_no-move-to-com/result.csv
130	data/grid_search_results/ias15_1e-14_zIn_none_zKsp_flip-z-ksp-csv_COM_none/result.csv
130	data/grid_search_results/ias15_1e-14_zIn_flip-z-input_zKsp_flip-z-ksp-csv_COM_no-move-to-com/result.csv
130	data/grid_search_results/ias15_1e-11_zIn_none_zKsp_flip-z-ksp-csv_COM_none/result.csv
130	data/grid_search_results/ias15_1e-11_zIn_flip-z-input_zKsp_none_COM_none/result.csv
130	data/grid_search_results/ias15_1e-11_zIn_flip-z-input_zKsp_flip-z-ksp-csv_COM_none/result.csv
129	data/grid_search_results/whfast_60_zIn_flip-z-input_zKsp_flip-z-ksp-csv_COM_none/result.csv
129	data/grid_search_results/whfast_30_zIn_none_zKsp_flip-z-ksp-csv_COM_no-move-to-com/result.csv
129	data/grid_search_results/whfast_30_zIn_flip-z-input_zKsp_none_COM_no-move-to-com/result.csv
129	data/grid_search_results/whfast_30_zIn_flip-z-input_zKsp_flip-z-ksp-csv_COM_none/result.csv
129	data/grid_search_results/whfast_120_zIn_none_zKsp_none_COM_no-move-to-com/result.csv
129	data/grid_search_results/whfast_120_zIn_none_zKsp_flip-z-ksp-csv_COM_no-move-to-com/result.csv
129	data/grid_search_results/whfast_120_zIn_flip-z-input_zKsp_flip-z-ksp-csv_COM_none/result.csv
129	data/grid_search_results/ias15_1e-15_zIn_flip-z-input_zKsp_flip-z-ksp-csv_COM_none/result.csv
129	data/grid_search_results/ias15_1e-14_zIn_flip-z-input_zKsp_none_COM_none/result.csv
129	data/grid_search_results/ias15_1e-14_zIn_flip-z-input_zKsp_flip-z-ksp-csv_COM_none/result.csv
129	data/grid_search_results/ias15_1e-13_zIn_flip-z-input_zKsp_flip-z-ksp-csv_COM_none/result.csv
129	data/grid_search_results/ias15_1e-11_zIn_none_zKsp_none_COM_none/result.csv
128	data/grid_search_results/whfast_60_zIn_none_zKsp_flip-z-ksp-csv_COM_none/result.csv
128	data/grid_search_results/whfast_60_zIn_flip-z-input_zKsp_none_COM_none/result.csv
128	data/grid_search_results/whfast_120_zIn_none_zKsp_flip-z-ksp-csv_COM_none/result.csv
128	data/grid_search_results/whfast_120_zIn_flip-z-input_zKsp_none_COM_none/result.csv
128	data/grid_search_results/ias15_1e-15_zIn_flip-z-input_zKsp_none_COM_none/result.csv
128	data/grid_search_results/ias15_1e-14_zIn_none_zKsp_none_COM_no-move-to-com/result.csv
127	data/grid_search_results/whfast_60_zIn_none_zKsp_none_COM_none/result.csv
127	data/grid_search_results/whfast_30_zIn_none_zKsp_none_COM_none/result.csv
127	data/grid_search_results/whfast_30_zIn_none_zKsp_flip-z-ksp-csv_COM_none/result.csv
127	data/grid_search_results/whfast_30_zIn_flip-z-input_zKsp_none_COM_none/result.csv
127	data/grid_search_results/whfast_120_zIn_none_zKsp_none_COM_none/result.csv
127	data/grid_search_results/whfast_10_zIn_flip-z-input_zKsp_flip-z-ksp-csv_COM_none/result.csv
127	data/grid_search_results/ias15_1e-14_zIn_none_zKsp_none_COM_none/result.csv
127	data/grid_search_results/ias15_1e-13_zIn_none_zKsp_none_COM_none/result.csv
126	data/grid_search_results/ias15_1e-15_zIn_none_zKsp_flip-z-ksp-csv_COM_none/result.csv
125	data/grid_search_results/whfast_10_zIn_none_zKsp_none_COM_none/result.csv
125	data/grid_search_results/whfast_10_zIn_none_zKsp_flip-z-ksp-csv_COM_none/result.csv
125	data/grid_search_results/whfast_10_zIn_flip-z-input_zKsp_none_COM_none/result.csv
125	data/grid_search_results/ias15_1e-15_zIn_none_zKsp_none_COM_none/result.csv
117	data/mga_smoke/particle_test_input.csv
107	data/jnsq_gate0/ksp_static_check/relative_monitor.csv
107	data/jnsq_gate0/ksp_5d_slow/relative_monitor.csv
107	data/jnsq_gate0/ksp_5d_fast/relative_monitor.csv
107	data/jnsq_gate0/ksp_120d/relative_monitor.csv
98	data/jnsq_gate0/saida_teste/energy.csv
97	data/jnsq_gate0/saida_teste_math_vs_math/energy.csv
97	data/jnsq_gate0/saida_teste_futuro/energy.csv
77	data/jnsq_gate0/ksp_instant_sample/relative_monitor.csv
77	data/jnsq_gate0/ksp_future_paused/relative_monitor.csv
77	data/jnsq_gate0/ksp_5d_v3/relative_monitor.csv
77	data/jnsq_gate0/ksp_5d_from_same_anchor/relative_monitor.csv
77	data/jnsq_gate0/ksp_5d_canonical/relative_monitor.csv
34	data/jnsq_gate0/principia_decode_trials/trial_summary.csv
3	data/mga_v0_1/mission_jool_galileo_like/sixd/selected_b6d_kekj_rp800_best_v0_1.json
0	data/jnsq_gate0/audit_truth_1000y_500y_30d_step30min.csv
