sequence,sequence_bodies,cost,raw_sum_km_s,departure_vinf_km_s,arrival_vinf_km_s,powered_flyby_dv_km_s,turn_excess_deg,min_turn_margin_deg,tof_total_days,epochs_et_s,tofs_days,leg_paths,event0_KERBIN_et_s,event1_EVE_et_s,event2_KERBIN_et_s,event3_KERBIN_et_s,event4_JOOL_et_s,leg1_path,leg1_tof_days,leg1_vdep_x_km_s,leg1_vdep_y_km_s,leg1_vdep_z_km_s,leg1_varr_x_km_s,leg1_varr_y_km_s,leg1_varr_z_km_s,leg2_path,leg2_tof_days,leg2_vdep_x_km_s,leg2_vdep_y_km_s,leg2_vdep_z_km_s,leg2_varr_x_km_s,leg2_varr_y_km_s,leg2_varr_z_km_s,leg3_path,leg3_tof_days,leg3_vdep_x_km_s,leg3_vdep_y_km_s,leg3_vdep_z_km_s,leg3_varr_x_km_s,leg3_varr_y_km_s,leg3_varr_z_km_s,leg4_path,leg4_tof_days,leg4_vdep_x_km_s,leg4_vdep_y_km_s,leg4_vdep_z_km_s,leg4_varr_x_km_s,leg4_varr_y_km_s,leg4_varr_z_km_s,flyby1_EVE_vinf_in_km_s,flyby1_EVE_vinf_out_km_s,flyby1_EVE_vinf_mismatch_km_s,flyby1_EVE_turn_required_deg,flyby1_EVE_turn_max_deg,flyby1_EVE_turn_margin_deg,flyby1_EVE_turn_excess_deg,flyby2_KERBIN_vinf_in_km_s,flyby2_KERBIN_vinf_out_km_s,flyby2_KERBIN_vinf_mismatch_km_s,flyby2_KERBIN_turn_required_deg,flyby2_KERBIN_turn_max_deg,flyby2_KERBIN_turn_margin_deg,flyby2_KERBIN_turn_excess_deg,flyby3_KERBIN_vinf_in_km_s,flyby3_KERBIN_vinf_out_km_s,flyby3_KERBIN_vinf_mismatch_km_s,flyby3_KERBIN_turn_required_deg,flyby3_KERBIN_turn_max_deg,flyby3_KERBIN_turn_margin_deg,flyby3_KERBIN_turn_excess_deg,sequence_len,event3_JOOL_et_s,event1_DUNA_et_s,flyby1_DUNA_vinf_in_km_s,flyby1_DUNA_vinf_out_km_s,flyby1_DUNA_vinf_mismatch_km_s,flyby1_DUNA_turn_required_deg,flyby1_DUNA_turn_max_deg,flyby1_DUNA_turn_margin_deg,flyby1_DUNA_turn_excess_deg,event1_KERBIN_et_s,event2_EVE_et_s,flyby1_KERBIN_vinf_in_km_s,flyby1_KERBIN_vinf_out_km_s,flyby1_KERBIN_vinf_mismatch_km_s,flyby1_KERBIN_turn_required_deg,flyby1_KERBIN_turn_max_deg,flyby1_KERBIN_turn_margin_deg,flyby1_KERBIN_turn_excess_deg,flyby2_EVE_vinf_in_km_s,flyby2_EVE_vinf_out_km_s,flyby2_EVE_vinf_mismatch_km_s,flyby2_EVE_turn_required_deg,flyby2_EVE_turn_max_deg,flyby2_EVE_turn_margin_deg,flyby2_EVE_turn_excess_deg,event3_DUNA_et_s,flyby3_DUNA_vinf_in_km_s,flyby3_DUNA_vinf_out_km_s,flyby3_DUNA_vinf_mismatch_km_s,flyby3_DUNA_turn_required_deg,flyby3_DUNA_turn_max_deg,flyby3_DUNA_turn_margin_deg,flyby3_DUNA_turn_excess_deg,event2_DUNA_et_s,flyby2_DUNA_vinf_in_km_s,flyby2_DUNA_vinf_out_km_s,flyby2_DUNA_vinf_mismatch_km_s,flyby2_DUNA_turn_required_deg,flyby2_DUNA_turn_max_deg,flyby2_DUNA_turn_margin_deg,flyby2_DUNA_turn_excess_deg,event3_EVE_et_s,flyby3_EVE_vinf_in_km_s,flyby3_EVE_vinf_out_km_s,flyby3_EVE_vinf_mismatch_km_s,flyby3_EVE_turn_required_deg,flyby3_EVE_turn_max_deg,flyby3_EVE_turn_margin_deg,flyby3_EVE_turn_excess_deg
KERBIN-EVE-KERBIN-KERBIN-JOOL,KERBIN EVE KERBIN KERBIN JOOL,46.08254235862286,4.811420826038792,1.5410751415821846,2.9946371526490103,0.2757085318075969,0.0,2.135729690576518,1704.0,"416448081.851686,436320081.851686,470016081.851686,520473681.851686,563673681.851686","230,390,584,500","left_cw0,left_cw0,right_cw1,0rev_cw1",416448081.8516864,436320081.8516864,470016081.8516864,520473681.8516864,563673681.8516865,left_cw0,230.0,11.095164471759928,-0.1450093530385134,-7.148337603278998,-17.612883210225654,0.12754052755530387,-6.9481618291887335,left_cw0,390.0,-18.084207411255846,-0.03321923471382632,-9.719409079474076,-9.816507263964898,0.14496196539704337,12.30603887116774,right_cw1,584.0,-9.974789229760475,-0.0015626770775269598,15.633599874153235,-18.442774338018875,-0.0007588167031036039,3.137237268099158,0rev_cw1,500.0,-19.402981601721255,2.322846228398036,0.6121285714189397,3.767238386732335,-0.4513659327788428,-0.06147594325993472,3.1248565876238152,2.967407452245331,0.15744913537848415,54.98037180210413,95.94961483582783,40.96924303372371,0.0,5.065182428784024,5.08807523197911,0.022892803195085243,38.345105177763706,43.06395211446491,4.718846936701206,0.0,5.071309076992539,4.975942483758511,0.09536659323402752,41.53124532761596,43.66697501819248,2.135729690576518,0.0,5,,,,,,,,,,,,,,,,,,,,,,,,,,,,,,,,,,,,,,,,,,,,,,,,,
KERBIN-EVE-KERBIN-KERBIN-JOOL,KERBIN EVE KERBIN KERBIN JOOL,73.14206957650289,4.92401213593307,1.4724837855559654,2.9946371526490103,0.4568911977280945,0.0,2.135729690576518,1344.0,"447552081.851686,455328081.851686,470016081.851686,520473681.851686,563673681.851686","90,170,584,500","0rev_cw0,0rev_cw0,right_cw1,0rev_cw1",447552081.8516864,455328081.8516864,470016081.8516864,520473681.8516864,563673681.8516865,0rev_cw0,90.0,9.745950165509987,-0.009232371093136573,-9.092009669715702,-18.759022369760935,0.0091493676015256,-2.864626448965704,0rev_cw0,170.0,-19.28045185289365,8.02575524201034e-05,-6.423351063459885,-9.44563333284228,0.008200257377661644,12.288968267385052,right_cw1,584.0,-9.974789229760475,-0.0015626770775269598,15.633599874153235,-18.442774338018875,-0.0007588167031036039,3.137237268099158,0rev_cw1,500.0,-19.402981601721255,2.322846228398036,0.6121285714189397,3.767238386732335,-0.4513659327788428,-0.06147594325993472,2.79766111060304,2.797747044601878,8.593399883816133e-05,80.00199067974883,101.42725181820288,21.425261138454054,0.0,4.726636561483881,5.08807523197911,0.3614386704952288,40.15357659798974,45.028646484387075,4.875069886397335,0.0,5.071309076992539,4.975942483758511,0.09536659323402752,41.53124532761596,43.66697501819248,2.135729690576518,0.0,5,,,,,,,,,,,,,,,,,,,,,,,,,,,,,,,,,,,,,,,,,,,,,,,,,
KERBIN-EVE-KERBIN-KERBIN-JOOL,KERBIN EVE KERBIN KERBIN JOOL,56.12188749300298,5.15825946210319,1.8808323100499962,2.936946468616765,0.3404806834364287,0.0,4.087575066671211,2292.0,"921024081.851686,940896081.851686,967680081.851686,992908881.851686,1119052881.85169","230,310,292,1460","left_cw0,right_cw0,0rev_cw1,left_cw1",921024081.8516864,940896081.8516864,967680081.8516864,992908881.8516864,1119052881.8516865,left_cw0,230.0,10.687473956542242,-0.2740129279104877,-7.408222292686418,-14.842039419735865,0.1449020526533827,-11.568278582190878,right_cw0,310.0,-13.951988299617117,-0.03418208409693503,-16.20765644996358,5.809561348339111,-0.314726745291925,-15.488911635746184,0rev_cw1,292.0,6.2912969653704325,0.0028951641926677945,-15.93883493187894,-17.272586280839604,-0.0004853819181407813,-3.2177542460535182,left_cw1,1460.0,-19.485677664376027,-0.27240779710944335,-1.691006865884007,3.170680041087094,0.04039237514713332,1.5760595828367796,3.8848335889029095,3.680514764600233,0.20431882430267656,77.29337137265958,81.38094643933078,4.087575066671211,0.0,6.571403753762039,6.606000692202519,0.03459693844048051,6.359072760041377,29.675292265423657,23.316219505382282,0.0,6.600463204618311,6.4988982839250395,0.10156492069327161,23.794408310814198,29.94444434746779,6.150036036653591,0.0,5,,,,,,,,,,,,,,,,,,,,,,,,,,,,,,,,,,,,,,,,,,,,,,,,,
KERBIN-EVE-KERBIN-JOOL,KERBIN EVE KERBIN JOOL,35.26514310262482,5.300399353580485,2.0175303418404242,3.083484125525027,0.19938488621503403,0.0,2.2383941790133206,2200.0,"368064081.851686,387936081.851686,438912081.851686,558144081.851686","230,590,1380","left_cw0,left_cw0,left_cw1",368064081.8516864,387936081.8516864,438912081.8516864,,,left_cw0,230.0,6.549802048265805,-0.1495416746094857,-11.24407441586222,-17.519725142271916,0.053847391501284425,-6.654075272049376,left_cw0,590.0,-18.923815999138217,-0.00011811210441847741,-10.428485713977633,-13.785564556816968,0.18035437738411714,10.21450215200758,left_cw1,1380.0,-14.226041009158543,-0.5653862938353057,13.147620880134497,3.4056119503876565,0.08522085725740006,-1.2897001380569426,,,,,,,,,4.21172570984681,4.237929182261696,0.02620347241488563,56.93184290527377,73.77969596768239,16.847853062408614,0.0,6.920160378387899,6.7469789645877505,0.1731814138001484,25.82124268973658,28.0596368687499,2.2383941790133206,0.0,,,,,,,,4,558144081.8516865,,,,,,,,,,,,,,,,,,,,,,,,,,,,,,,,,,,,,,,,,,,,,,,,
KERBIN-EVE-KERBIN-KERBIN-JOOL,KERBIN EVE KERBIN KERBIN JOOL,51.84318935768871,5.347333010300093,1.6694605975238135,3.3682362155169976,0.30963619725928204,0.0,2.421219084226101,2984.0,"340416081.851686,360288081.851686,393984081.851686,444441681.851686,598233681.851686","230,390,584,1780","left_cw1,left_cw0,right_cw1,left_cw0",340416081.8516864,360288081.8516864,393984081.8516864,444441681.8516864,598233681.8516865,left_cw1,230.0,11.548636515597721,-0.5536917697289665,6.4475242681273555,-3.4096029837823214,0.5234487867057296,-18.648448630938283,left_cw0,390.0,-0.9235506686642223,-0.03139207274298773,-20.491984878996988,-15.406795198393489,0.525217857593723,-3.920437983468049,right_cw1,584.0,-18.545880603529454,-0.00031235494102526545,-2.4515318093280127,-10.54544758803216,0.0006997955979063537,-15.265049459784715,left_cw0,1780.0,-9.819195399458227,-0.3612210239864174,-16.913156799836035,0.22871384111046322,0.07247628115285398,4.061876169603192,2.7502321278911297,2.7805084126841204,0.030276284792990715,69.29199683632119,102.16144858667275,32.86945175035156,0.0,5.303853349794324,5.07218982887545,0.23166352091887443,39.41030854131148,41.831527625537575,2.421219084226101,0.0,5.086658793492198,5.134355185039615,0.047696391547416894,20.701341637104704,42.684180508580916,21.98283887147621,0.0,5,,,,,,,,,,,,,,,,,,,,,,,,,,,,,,,,,,,,,,,,,,,,,,,,,
KERBIN-EVE-KERBIN-KERBIN-JOOL,KERBIN EVE KERBIN KERBIN JOOL,80.59495473129881,5.352484551267705,1.8808323100499962,2.968189558783256,0.5034626824344528,0.0,4.087575066671211,2252.0,"921024081.851686,940896081.851686,967680081.851686,992908881.851686,1115596881.85169","230,310,292,1420","left_cw0,right_cw0,0rev_cw1,left_cw1",921024081.8516864,940896081.8516864,967680081.8516864,992908881.8516864,1115596881.8516865,left_cw0,230.0,10.687473956542242,-0.2740129279104877,-7.408222292686418,-14.842039419735865,0.1449020526533827,-11.568278582190878,right_cw0,310.0,-13.951988299617117,-0.03418208409693503,-16.20765644996358,5.809561348339111,-0.314726745291925,-15.488911635746184,0rev_cw1,292.0,6.2912969653704325,0.0028951641926677945,-15.93883493187894,-17.272586280839604,-0.0004853819181407813,-3.2177542460535182,left_cw1,1420.0,-19.51559700603892,-0.40176763927297593,-1.4198823975128065,3.61274456930349,0.07304186561316228,0.5681045426685096,3.8848335889029095,3.680514764600233,0.20431882430267656,77.29337137265958,81.38094643933078,4.087575066671211,0.0,6.571403753762039,6.606000692202519,0.03459693844048051,6.359072760041377,29.675292265423657,23.316219505382282,0.0,6.600463204618311,6.335916284927015,0.26454691969129573,25.826977210870915,30.517374114928415,4.6903969040575015,0.0,5,,,,,,,,,,,,,,,,,,,,,,,,,,,,,,,,,,,,,,,,,,,,,,,,,
KERBIN-DUNA-KERBIN-KERBIN-JOOL,KERBIN DUNA KERBIN KERBIN JOOL,76.39705310158172,5.359705460782035,1.661691243069862,3.222821489819504,0.4751927278926691,0.0,3.212349042398955,2176.0,"879552081.851686,910656081.851686,945216081.851686,1020902481.85169,1067558481.85169","360,400,876,540","right_cw1,left_cw1,left_cw1,0rev_cw1",879552081.8516864,,945216081.8516864,1020902481.8516864,1067558481.8516864,right_cw1,360.0,-2.6728501595455043,-0.026505539984041194,16.43624652589636,-7.8166305720919596,0.01094031954395775,-8.27624966679224,left_cw1,400.0,-7.064919659360101,-0.002905883552376705,-7.708605883284548,-12.948050749902528,-0.017032106604640187,9.81895548167811,left_cw1,876.0,-15.532061799904564,-0.002274363645333106,9.612132798829716,-2.7170474692758346,-0.0028587021215722374,17.810754108723664,0rev_cw1,540.0,0.34497788725835465,-1.233934116180539,19.217944574950902,1.8391698725399601,0.2285928538517392,-3.696063437611013,,,,,,,,4.742843114723754,4.510771758551965,0.23207135617178842,32.41346544616859,48.546687454650026,16.13322200848144,0.0,4.542575511419734,4.499696517836902,0.04287899358283198,46.750077004100156,49.96242604649911,3.212349042398955,0.0,5,,910656081.8516864,3.008704596321408,3.2089469744594568,0.20024237813804868,17.036984831378053,23.79908189157236,6.762097060194309,0.0,,,,,,,,,,,,,,,,,,,,,,,,,,,,,,,,,,,,,,,,
KERBIN-EVE-KERBIN-KERBIN-JOOL,KERBIN EVE KERBIN KERBIN JOOL,67.31805891576445,5.365086017129288,2.054145893728294,2.895960427944272,0.4149796954567222,0.0,5.982940430267486,1758.0,"292032081.851686,311904081.851686,362880081.851686,400723281.851686,443923281.851686","230,590,438,500","left_cw1,left_cw1,right_cw1,0rev_cw0",292032081.8516864,311904081.8516864,362880081.8516864,400723281.8516864,443923281.8516864,left_cw1,230.0,12.907197008038146,-0.4610123424872538,0.6790770017659623,-3.740404890642413,0.21446614686782448,-18.401803763810918,left_cw1,590.0,-0.5182090682684701,0.08790639916838985,-21.58641863873889,-15.083692479312798,0.5625415149046463,-8.413781402097957,right_cw1,438.0,-15.753397373114067,0.00038101429064456955,-8.573227173007849,10.072026369017738,0.0008655669770538205,-14.266396836794783,0rev_cw0,500.0,12.529110582374784,-0.4673129380375019,-14.491271012441839,-1.181115846737017,0.06876198282130784,3.286425282574331,3.926796513026883,3.9047065684413726,0.0220899445855105,70.71864211263345,79.0063752176213,8.287733104987858,0.0,7.105700567394484,7.263492586413454,0.1577920190189701,6.980089518477924,25.947523899497984,18.96743438102006,0.0,7.274502482398661,7.039404750546419,0.2350977318522416,20.122790977962115,26.1057314082296,5.982940430267486,0.0,5,,,,,,,,,,,,,,,,,,,,,,,,,,,,,,,,,,,,,,,,,,,,,,,,,
KERBIN-EVE-KERBIN-KERBIN-JOOL,KERBIN EVE KERBIN KERBIN JOOL,78.86478014087312,5.382827545164644,1.8808323100499962,3.0104216062873843,0.49157362882726385,0.0,4.087575066671211,2332.0,"921024081.851686,940896081.851686,967680081.851686,992908881.851686,1122508881.85169","230,310,292,1500","left_cw0,right_cw0,0rev_cw1,left_cw1",921024081.8516864,940896081.8516864,967680081.8516864,992908881.8516864,1122508881.8516865,left_cw0,230.0,10.687473956542242,-0.2740129279104877,-7.408222292686418,-14.842039419735865,0.1449020526533827,-11.568278582190878,right_cw0,310.0,-13.951988299617117,-0.03418208409693503,-16.20765644996358,5.809561348339111,-0.314726745291925,-15.488911635746184,0rev_cw1,292.0,6.2912969653704325,0.0028951641926677945,-15.93883493187894,-17.272586280839604,-0.0004853819181407813,-3.2177542460535182,left_cw1,1500.0,-19.438890842415052,-0.17578968015923796,-2.21899447488255,2.6829676529388404,0.020297743159059554,2.2689100220827165,3.8848335889029095,3.680514764600233,0.20431882430267656,77.29337137265958,81.38094643933078,4.087575066671211,0.0,6.571403753762039,6.606000692202519,0.03459693844048051,6.359072760041377,29.675292265423657,23.316219505382282,0.0,6.600463204618311,6.853121070702418,0.2526578660841068,20.369722261303462,28.7489530875985,8.37923082629504,0.0,5,,,,,,,,,,,,,,,,,,,,,,,,,,,,,,,,,,,,,,,,,,,,,,,,,
KERBIN-EVE-KERBIN-KERBIN-JOOL,KERBIN EVE KERBIN KERBIN JOOL,88.68918664222183,5.390861817763421,2.136794323212138,2.696280789994995,0.5577867045562868,0.0,1.9841669958847554,1664.0,"817344081.851686,835488081.851686,867456081.851686,917913681.851686,961113681.851686","210,370,584,500","left_cw0,left_cw1,right_cw1,0rev_cw0",817344081.8516864,835488081.8516864,867456081.8516864,917913681.8516864,961113681.8516864,left_cw0,210.0,-6.007464040517463,1.2586505768944611,12.235552743707792,3.4763851219469624,-1.658859002735117,-18.561614836841546,left_cw1,370.0,2.4137180130529035,-0.020195640166221294,-20.193455048620567,-14.372869890215078,0.5387554733897065,-6.27567515065694,right_cw1,584.0,-17.83736684967271,-0.00012487218066476705,-5.634424844730747,-7.761640828669597,0.0018930403134009748,-16.806385730834855,0rev_cw0,500.0,-5.186867447835289,-0.590920902330183,-18.727317721544303,1.4495689239882943,0.10839350728233638,3.3377188035224314,2.691957804393432,2.6538645922545845,0.03809321213884731,56.854763110838704,104.28792110056861,47.4331579897299,0.0,5.066195194579909,5.070394550286882,0.004199355706973051,41.17388144011583,43.158048436000584,1.9841669958847554,0.0,5.08666284642335,4.571168709712883,0.5154941367104664,39.08123547020594,45.97837616302532,6.897140692819379,0.0,5,,,,,,,,,,,,,,,,,,,,,,,,,,,,,,,,,,,,,,,,,,,,,,,,,
KERBIN-EVE-KERBIN-JOOL,KERBIN EVE KERBIN JOOL,39.56337818085861,5.399655852408436,2.0175303418404242,3.15429218967552,0.22783332089249164,0.0,4.5040886344938755,2240.0,"368064081.851686,387936081.851686,438912081.851686,561600081.851686","230,590,1420","left_cw0,left_cw0,left_cw1",368064081.8516864,387936081.8516864,438912081.8516864,,,left_cw0,230.0,6.549802048265805,-0.1495416746094857,-11.24407441586222,-17.519725142271916,0.053847391501284425,-6.654075272049376,left_cw0,590.0,-18.923815999138217,-0.00011811210441847741,-10.428485713977633,-13.785564556816968,0.18035437738411714,10.21450215200758,left_cw1,1420.0,-14.59941273645338,-0.4731522774451108,12.742014779662243,3.5720685177784843,0.05295246034289484,-0.36276352329534484,,,,,,,,,4.21172570984681,4.237929182261696,0.02620347241488563,56.93184290527377,73.77969596768239,16.847853062408614,0.0,6.920160378387899,7.121790226865505,0.201629848477606,22.399617452488656,26.90370608698253,4.5040886344938755,0.0,,,,,,,,4,561600081.8516865,,,,,,,,,,,,,,,,,,,,,,,,,,,,,,,,,,,,,,,,,,,,,,,,
KERBIN-EVE-KERBIN-JOOL,KERBIN EVE KERBIN JOOL,17.416230512996034,5.432568918185067,2.3469062354789982,3.0071467231036753,0.07851595960239344,0.0,2.5986016381452632,2460.0,"749952081.851686,768096081.851686,836352081.851686,962496081.851686","210,790,1460","left_cw1,left_cw1,left_cw1",749952081.8516864,768096081.8516864,836352081.8516864,,,left_cw1,210.0,11.542524660344592,-0.4493656416090705,4.476910769110485,2.0028352372384584,0.1745870399718091,-18.24033317577031,left_cw1,790.0,5.846682886378122,0.0032569504971566576,-21.390770424130924,-13.369006645134446,0.590022873104094,-12.099827466976448,left_cw1,1460.0,-15.245529105030482,0.15727189604331077,-12.261392311686237,1.3630507891598578,-0.01877066503089962,3.0330393191061287,,,,,,,,,5.190044757854669,5.158617654731176,0.03142710312349273,57.439854031666314,60.038455669811576,2.5986016381452632,0.0,8.28553518403862,8.332624040517521,0.04708885647890071,13.35224520057739,20.498624219100794,7.146379018523403,0.0,,,,,,,,4,962496081.8516864,,,,,,,,,,,,,,,,,,,,,,,,,,,,,,,,,,,,,,,,,,,,,,,,
KERBIN-EVE-KERBIN-KERBIN-JOOL,KERBIN EVE KERBIN KERBIN JOOL,54.58173708388631,5.438397404923924,1.6694605975238135,3.4415690153086174,0.32736779209149347,0.0,2.421219084226101,3024.0,"340416081.851686,360288081.851686,393984081.851686,444441681.851686,601689681.851686","230,390,584,1820","left_cw1,left_cw0,right_cw1,left_cw0",340416081.8516864,360288081.8516864,393984081.8516864,444441681.8516864,601689681.8516865,left_cw1,230.0,11.548636515597721,-0.5536917697289665,6.4475242681273555,-3.4096029837823214,0.5234487867057296,-18.648448630938283,left_cw0,390.0,-0.9235506686642223,-0.03139207274298773,-20.491984878996988,-15.406795198393489,0.525217857593723,-3.920437983468049,right_cw1,584.0,-18.545880603529454,-0.00031235494102526545,-2.4515318093280127,-10.54544758803216,0.0006997955979063537,-15.265049459784715,left_cw0,1820.0,-9.128552181341194,-1.9471366273394841,-17.210113365196964,-0.32067995082020717,0.3748868486015611,4.106367312059835,2.7502321278911297,2.7805084126841204,0.030276284792990715,69.29199683632119,102.16144858667275,32.86945175035156,0.0,5.303853349794324,5.07218982887545,0.23166352091887443,39.41030854131148,41.831527625537575,2.421219084226101,0.0,5.086658793492198,5.152086779871826,0.06542798637962832,35.19339739234305,42.58551624014388,7.392118847800833,0.0,5,,,,,,,,,,,,,,,,,,,,,,,,,,,,,,,,,,,,,,,,,,,,,,,,,
KERBIN-EVE-KERBIN-JOOL,KERBIN EVE KERBIN JOOL,35.756320064632206,5.440205243174413,2.0175303418404242,3.220983887977701,0.20169101335628703,0.0,1.5767026819619974,2160.0,"368064081.851686,387936081.851686,438912081.851686,554688081.851686","230,590,1340","left_cw0,left_cw0,left_cw1",368064081.8516864,387936081.8516864,438912081.8516864,,,left_cw0,230.0,6.549802048265805,-0.1495416746094857,-11.24407441586222,-17.519725142271916,0.053847391501284425,-6.654075272049376,left_cw0,590.0,-18.923815999138217,-0.00011811210441847741,-10.428485713977633,-13.785564556816968,0.18035437738411714,10.21450215200758,left_cw1,1340.0,-14.212435186645978,-0.6819666292177176,13.198729110514437,2.8318505644424095,0.13561151754336953,-2.6215106419133276,,,,,,,,,4.21172570984681,4.237929182261696,0.02620347241488563,56.93184290527377,73.77969596768239,16.847853062408614,0.0,6.920160378387899,6.7446728374464975,0.1754875409414014,26.490256084871348,28.066958766833345,1.5767026819619974,0.0,,,,,,,,4,554688081.8516865,,,,,,,,,,,,,,,,,,,,,,,,,,,,,,,,,,,,,,,,,,,,,,,,
KERBIN-KERBIN-EVE-KERBIN-JOOL,KERBIN KERBIN EVE KERBIN JOOL,56.42972675774672,5.442653212328388,2.1970950269076552,2.9054457397368267,0.3401124456839053,0.0,2.861866482801871,2685.0,"8640081.8516864,40176081.8516864,60048081.8516864,111024081.851686,240624081.851686","365,230,590,1500","left_cw1,left_cw1,left_cw1,left_cw1",8640081.851686401,,,111024081.8516864,240624081.85168642,left_cw1,365.0,14.512445396940848,-0.12420269023972708,2.133392788066264,14.514033535024724,-0.12420267944721226,2.128059579493704,left_cw1,230.0,12.637529386675435,-0.47640873996202077,2.8994269500750556,-1.419789713456555,0.24689625050575753,-18.733975455017756,left_cw1,590.0,2.4278234305063453,0.12320846689267298,-21.442938666009347,-13.34421097891784,0.5789205497921422,-10.944823173660687,left_cw1,1500.0,-16.184166648293417,0.09722840526813788,-11.015857357348558,1.5458271082909063,-0.012118670520054706,3.0664835129779613,,,,,,,,,,,,,,,7.133359250259086,7.200039458948586,0.0666802086895002,23.187935691383522,26.049802174185395,2.861866482801871,0.0,5,,,,,,,,,,40176081.8516864,60048081.8516864,2.1914377879851434,2.011345969512135,0.18009181847300848,58.48847028410308,101.04974017935211,42.56126989524904,0.0,3.765052650021697,3.858393068543094,0.09334041852139663,76.25170508561101,80.85610002648731,4.604394940876306,0.0,,,,,,,,,,,,,,,,,,,,,,,,
KERBIN-EVE-KERBIN-KERBIN-JOOL,KERBIN EVE KERBIN KERBIN JOOL,64.76135879912081,5.447985329870671,2.20643445189929,2.8451624509911295,0.3963884269802511,0.0,8.33544292708501,3055.0,"896832081.851686,914976081.851686,933120081.851686,1027728081.85169,1160784081.85169","210,210,1095,1540","left_cw1,0rev_cw1,left_cw1,left_cw1",896832081.8516864,914976081.8516864,933120081.8516864,1027728081.8516864,1160784081.8516865,left_cw1,210.0,-10.589536950594262,-0.39439446850408094,8.610997221872331,17.37983621212715,0.49446575621393907,-6.869413206891766,0rev_cw1,210.0,19.96770621771235,-0.04550616218498062,-5.7486452215703165,-0.6243464122732396,0.25554846029543826,-16.299989419276766,left_cw1,1095.0,-1.9775391989215203,0.4308189197797976,-18.423916435841516,-1.9801944360016055,0.4308186003862675,-18.422739033813397,left_cw1,1540.0,-3.080595115794659,0.5495463267579688,-19.215579867449396,-1.2372564990094037,-0.07428889600040521,3.3234901353190347,3.294644599745902,3.5157506813328436,0.22110608158694145,49.743118416221556,88.53975125118484,38.79663283496328,0.0,6.310533103476095,6.472900804937497,0.16236770146140245,22.733252047216737,31.06869497430175,8.33544292708501,0.0,6.475730532707989,6.462815888776082,0.012914643931907221,12.079737163648808,30.50965907235704,18.42992190870823,0.0,5,,,,,,,,,,,,,,,,,,,,,,,,,,,,,,,,,,,,,,,,,,,,,,,,,
KERBIN-EVE-KERBIN-DUNA-JOOL,KERBIN EVE KERBIN DUNA JOOL,88.6501948579607,5.4731443604091465,2.054145893728294,2.8622679756849223,0.5567304909959301,0.0,1.6575317416223114,1880.0,"292032081.851686,311904081.851686,338688081.851686,404352081.851686,454464081.851686","230,310,760,580","left_cw1,right_cw0,0rev_cw1,0rev_cw1",292032081.8516864,311904081.8516864,338688081.8516864,,454464081.8516864,left_cw1,230.0,12.907197008038146,-0.4610123424872538,0.6790770017659623,-3.740404890642413,0.21446614686782448,-18.401803763810918,right_cw0,310.0,-0.25589902177387913,-0.08535410913621794,-21.371724309617044,14.046753816743424,-0.537903760981465,-8.591094770020424,0rev_cw1,760.0,16.94416087239315,0.02803510751037216,-8.330686633264241,-5.537720843959456,-0.005259379770689578,-13.498425234229494,0rev_cw1,580.0,-5.690150945726949,0.27560405157696793,-13.782227251154346,-2.4777373596741854,0.01048376514717349,2.6127734795949857,3.926796513026883,3.664012013995253,0.26278449903163015,74.28778166981401,81.15049098290511,6.862709313091111,0.0,6.766120734475863,6.900825784718297,0.13470505024243362,25.022640395832727,28.060248979034597,3.0376085832018713,0.0,,,,,,,,5,,,,,,,,,,,,,,,,,,,,,,,,,,404352081.8516864,7.681682778624636,7.8409237203465025,0.1592409417218663,2.928394082378825,4.585925824001136,1.6575317416223114,0.0,,,,,,,,,,,,,,,,
KERBIN-EVE-DUNA-KERBIN-JOOL,KERBIN EVE DUNA KERBIN JOOL,64.62883072926721,5.4766062931092,2.2685023308748735,2.813397181361283,0.3947067808730438,0.0,1.503234779096069,2710.0,"393984081.851686,408672081.851686,457056081.851686,495072081.851686,628128081.851686","170,560,440,1540","right_cw0,left_cw0,right_cw1,left_cw0",393984081.8516864,408672081.8516864,,495072081.8516864,628128081.8516865,right_cw0,170.0,-13.339269630012486,0.4564419019930357,0.12511173685061627,2.0436385720770245,-0.12610522617233538,-18.4904919081654,left_cw0,560.0,-1.7107096636930703,-0.5853369478424082,-21.557567222883147,-10.779146170834247,0.4195518494184176,2.6765332681398384,right_cw1,440.0,-11.193251670184502,-0.0016014686962948438,3.112228305308908,9.759159048533348,0.0029377955961884497,-14.144474229013213,left_cw0,1540.0,12.436060915460228,-0.7477448859022511,-14.602575216031754,-1.9900188204076867,0.13620462746376133,3.0439980953437638,3.9597380246047766,3.9894153063324787,0.02967728172770201,75.55345612409917,77.98086539156795,2.4274092674687693,0.0,,,,,,,,5.802327199737543,5.948555178119202,0.1462279783816589,27.711457035313444,35.16830626258175,7.456849227268312,0.0,5,,,,,,,,,,,,,,,,,,,,,,,,,,,,,,,,,,457056081.8516864,5.598470048799562,5.379668528035879,0.21880152076368287,7.319173214192753,8.822407993288822,1.503234779096069,0.0,,,,,,,,
KERBIN-EVE-KERBIN-JOOL,KERBIN EVE KERBIN JOOL,32.76409446371084,5.493244288532354,2.057261247908072,3.253626013762739,0.1823570268615442,0.0,2.1357534061238135,1040.0,"820800081.851686,840672081.851686,867456081.851686,910656081.851686","230,310,500","left_cw1,right_cw1,0rev_cw1",820800081.8516864,840672081.8516864,867456081.8516864,,,left_cw1,230.0,-12.973395296116193,0.4943066217773115,-3.7381699174959557,-1.9988309789071814,-0.16885066172916285,18.35882838096191,right_cw1,310.0,-5.948529962807941,0.152169437915083,20.3135231126485,-16.22281286904802,0.5865024270786745,5.145157411869572,0rev_cw1,500.0,-19.099264027078746,0.727946401179216,3.866821705178801,3.58949743841817,-0.13518049388337613,-1.1851966173920916,,,,,,,,,3.568234958101207,3.7127298125482335,0.14449485444702637,74.69746120793937,84.00323118101029,9.305769973070928,0.0,6.558665860234248,6.52080368781973,0.037862172414517836,27.877826510146406,30.013579916270217,2.1357534061238135,0.0,,,,,,,,4,910656081.8516864,,,,,,,,,,,,,,,,,,,,,,,,,,,,,,,,,,,,,,,,,,,,,,,,
KERBIN-EVE-KERBIN-KERBIN-JOOL,KERBIN EVE KERBIN KERBIN JOOL,80.66262972181913,5.494067993676845,2.1071450803601595,2.882892432685258,0.5040304806314282,0.0,5.9898224968887055,1372.0,"342144081.851686,362016081.851686,388800081.851686,414028881.851686,460684881.851686","230,310,292,540","left_cw1,right_cw1,0rev_cw1,0rev_cw1",342144081.8516864,362016081.8516864,388800081.8516864,414028881.8516864,460684881.8516864,left_cw1,230.0,5.447824296371748,-0.3278781799791441,11.95933653815483,14.46438489431322,0.14719000301415092,-11.732778869923608,right_cw1,310.0,18.70035247945705,-0.06283757000933685,-10.07755408774583,14.20107255112163,-0.37977024317577923,8.563147608313582,0rev_cw1,292.0,14.310797626769439,-0.0002569511773587288,9.483947683717238,7.532980946300878,0.0010856420544544754,-15.568268308005262,0rev_cw1,540.0,6.797646692574133,0.6358397300087381,-18.0824985873971,-2.939930384317068,-0.08064525586099078,2.1125829314960263,3.6117973763653612,3.6918065006531364,0.08000912428777518,77.11420741961925,83.79121772939442,6.6770103097751745,0.0,6.932048622974504,6.5826381007011605,0.34941052227334346,7.971513104707979,28.54937379588556,20.57786069117758,0.0,6.57902048641592,6.653631320486229,0.07461083407030955,23.49692942589474,29.486751922783444,5.9898224968887055,0.0,5,,,,,,,,,,,,,,,,,,,,,,,,,,,,,,,,,,,,,,,,,,,,,,,,,
KERBIN-EVE-DUNA-KERBIN-JOOL,KERBIN EVE DUNA KERBIN JOOL,61.913067744833924,5.4982912640630675,2.2685023308748735,2.8534910359189176,0.37629789726927587,0.0,1.503234779096069,2750.0,"393984081.851686,408672081.851686,457056081.851686,495072081.851686,631584081.851686","170,560,440,1580","right_cw0,left_cw0,right_cw1,left_cw0",393984081.8516864,408672081.8516864,,495072081.8516864,631584081.8516865,right_cw0,170.0,-13.339269630012486,0.4564419019930357,0.12511173685061627,2.0436385720770245,-0.12610522617233538,-18.4904919081654,left_cw0,560.0,-1.7107096636930703,-0.5853369478424082,-21.557567222883147,-10.779146170834247,0.4195518494184176,2.6765332681398384,right_cw1,440.0,-11.193251670184502,-0.0016014686962948438,3.112228305308908,9.759159048533348,0.0029377955961884497,-14.144474229013213,left_cw0,1580.0,12.868038239294055,-0.9899679633968055,-14.224033053773379,-2.600222417904183,0.19401896706083277,2.6785377364388587,3.9597380246047766,3.9894153063324787,0.02967728172770201,75.55345612409917,77.98086539156795,2.4274092674687693,0.0,,,,,,,,5.802327199737543,5.674508104959652,0.127819094777891,33.02766982886768,36.3775428583703,3.3498730295026236,0.0,5,,,,,,,,,,,,,,,,,,,,,,,,,,,,,,,,,,457056081.8516864,5.598470048799562,5.379668528035879,0.21880152076368287,7.319173214192753,8.822407993288822,1.503234779096069,0.0,,,,,,,,
KERBIN-DUNA-KERBIN-DUNA-JOOL,KERBIN DUNA KERBIN DUNA JOOL,98.73317112959958,5.518969927784631,2.2162115934290876,2.6799679471236946,0.6227903872318485,0.0,1.1180236229380196,3220.0,"717120081.851686,751680081.851686,793152081.851686,862272081.851686,995328081.851686","400,480,800,1540","right_cw1,left_cw0,right_cw1,left_cw1",717120081.8516864,,793152081.8516864,,995328081.8516864,right_cw1,400.0,16.68176841347915,0.008762214781154966,-2.4157130635187642,-1.5885417320318171,-0.002679696634301466,11.063943086420458,left_cw0,480.0,-1.5098034916652843,0.062335322404305026,10.669824848840067,8.797800352849727,-0.0975182442036151,-14.270472964232079,right_cw1,800.0,7.515601661694612,0.018697756372895682,-17.341143852485175,14.335194136030884,0.006781277740048117,-2.0203255770366093,left_cw1,1540.0,14.886724496467107,-0.29729196908572914,-1.9925225792698038,-2.9200043870684826,0.03849200403438118,2.497984358223631,,,,,,,,3.8523203444895198,4.208025368129309,0.3557050236397896,48.551250534424064,57.26319389043374,8.71194335600968,0.0,,,,,,,,5,,751680081.8516864,3.1481219151644235,3.1833368756946046,0.03521496053018103,7.346099695652269,23.111559869028643,15.765460173376372,0.0,,,,,,,,,,,,,,,,,862272081.8516864,6.521607556181396,6.753477959243274,0.2318704030618779,5.062726186734948,6.180749809672968,1.1180236229380196,0.0,,,,,,,,,,,,,,,,
KERBIN-DUNA-KERBIN-JOOL,KERBIN DUNA KERBIN JOOL,127.60268003937435,5.524535528796401,1.9243565283353048,2.7825161164252883,0.8176628840358071,0.0,1.5074070128827823,2020.0,"620352081.851686,637632081.851686,665280081.851686,794880081.851686","200,320,1500","0rev_cw1,right_cw1,left_cw1",620352081.8516864,,665280081.8516864,,,0rev_cw1,200.0,9.453327552274851,0.01333538014157296,-13.776850462066243,-10.970055072336146,-0.005006406139720499,0.36837791842526135,right_cw1,320.0,-10.131744919700937,0.0007814613944080436,0.6306454913250561,-0.9624746035254557,0.008785888565019715,-16.395593617708286,left_cw1,1500.0,-3.1878413494875972,0.8065553340880415,-19.190157488620006,0.3377526959662559,-0.1477848400132157,3.5999924287063654,,,,,,,,,,,,,,,,4.7358049594574245,5.459974196238324,0.7241692367808996,41.31770222282283,42.82510923570562,1.5074070128827823,0.0,,,,,,,,4,794880081.8516864,637632081.8516864,2.185889010327214,2.2793826575821217,0.0934936472549075,22.564572674869503,39.13894351943554,16.574370844566037,0.0,,,,,,,,,,,,,,,,,,,,,,,,,,,,,,,,,,,,,,,,
KERBIN-DUNA-KERBIN-KERBIN-JOOL,KERBIN DUNA KERBIN KERBIN JOOL,76.07373212384265,5.526739492455256,1.661691243069862,3.392706768141253,0.4723414812441411,0.0,6.762097060194309,2216.0,"879552081.851686,910656081.851686,945216081.851686,1020902481.85169,1071014481.85169","360,400,876,580","right_cw1,left_cw1,left_cw1,0rev_cw1",879552081.8516864,,945216081.8516864,1020902481.8516864,1071014481.8516864,right_cw1,360.0,-2.6728501595455043,-0.026505539984041194,16.43624652589636,-7.8166305720919596,0.01094031954395775,-8.27624966679224,left_cw1,400.0,-7.064919659360101,-0.002905883552376705,-7.708605883284548,-12.948050749902528,-0.017032106604640187,9.81895548167811,left_cw1,876.0,-15.532061799904564,-0.002274363645333106,9.612132798829716,-2.7170474692758346,-0.0028587021215722374,17.810754108723664,0rev_cw1,580.0,-0.31848794695919724,-0.9304301961745972,19.263041295858052,2.664403470358169,0.14976032783287938,-3.286225323358761,,,,,,,,4.742843114723754,4.510771758551965,0.23207135617178842,32.41346544616859,48.546687454650026,16.13322200848144,0.0,4.542575511419734,4.582603258354038,0.040027746934304,37.7649616339631,49.40089017228544,11.635928538322347,0.0,5,,910656081.8516864,3.008704596321408,3.2089469744594568,0.20024237813804868,17.036984831378053,23.79908189157236,6.762097060194309,0.0,,,,,,,,,,,,,,,,,,,,,,,,,,,,,,,,,,,,,,,,
KERBIN-KERBIN-EVE-KERBIN-JOOL,KERBIN KERBIN EVE KERBIN JOOL,69.70101008118039,5.53256547425343,2.1970950269076552,2.9070397760066435,0.4284306713391315,0.0,1.4903094600932452,2645.0,"8640081.8516864,40176081.8516864,60048081.8516864,111024081.851686,237168081.851686","365,230,590,1460","left_cw1,left_cw1,left_cw1,left_cw1",8640081.851686401,,,111024081.8516864,237168081.85168642,left_cw1,365.0,14.512445396940848,-0.12420269023972708,2.133392788066264,14.514033535024724,-0.12420267944721226,2.128059579493704,left_cw1,230.0,12.637529386675435,-0.47640873996202077,2.8994269500750556,-1.419789713456555,0.24689625050575753,-18.733975455017756,left_cw1,590.0,2.4278234305063453,0.12320846689267298,-21.442938666009347,-13.34421097891784,0.5789205497921422,-10.944823173660687,left_cw1,1460.0,-16.37253466300624,0.03737695766031642,-10.74648373743591,2.4046844555633324,-0.0060163724554750265,2.5433975914596987,,,,,,,,,,,,,,,7.133359250259086,6.9783608159143595,0.15499843434472638,25.205500692062117,26.695810152155364,1.4903094600932452,0.0,5,,,,,,,,,,40176081.8516864,60048081.8516864,2.1914377879851434,2.011345969512135,0.18009181847300848,58.48847028410308,101.04974017935211,42.56126989524904,0.0,3.765052650021697,3.858393068543094,0.09334041852139663,76.25170508561101,80.85610002648731,4.604394940876306,0.0,,,,,,,,,,,,,,,,,,,,,,,,
KERBIN-EVE-KERBIN-JOOL,KERBIN EVE KERBIN JOOL,55.08140365427152,5.541716021555284,2.1299614426777542,3.08042093028605,0.33133364859147907,0.0,6.783264778647469,2240.0,"575424081.851686,583200081.851686,646272081.851686,768960081.851686","90,730,1420","0rev_cw0,left_cw0,left_cw1",575424081.8516864,583200081.8516864,646272081.8516864,,,0rev_cw0,90.0,12.638419888176754,-0.43987192001718084,-1.1928461924281613,-5.813980298140475,0.17713247466528928,-17.699512807313397,left_cw0,730.0,-3.5402823393646905,0.05586127665794974,-21.77461844217622,-16.69316016813339,0.5576040026256575,-6.312240862022373,left_cw1,1420.0,-18.6741798587499,-0.07503962131823974,-5.873161438828939,3.01501882725334,0.011740788035282583,1.7269340002315543,,,,,,,,,4.513406624431158,4.655381661730382,0.14197503729922367,61.18807751080541,68.18332786361727,6.995250352811864,0.0,7.84063700373192,8.029995615024175,0.1893586112922554,15.332145984612595,22.115410763260062,6.783264778647469,0.0,,,,,,,,4,768960081.8516864,,,,,,,,,,,,,,,,,,,,,,,,,,,,,,,,,,,,,,,,,,,,,,,,
KERBIN-EVE-KERBIN-KERBIN-JOOL,KERBIN EVE KERBIN KERBIN JOOL,94.59045795072589,5.560969882096943,2.1071450803601595,2.856998823910953,0.59682597782583,0.0,3.996174492136473,1332.0,"342144081.851686,362016081.851686,388800081.851686,414028881.851686,457228881.851686","230,310,292,500","left_cw1,right_cw1,0rev_cw1,0rev_cw1",342144081.8516864,362016081.8516864,388800081.8516864,414028881.8516864,457228881.8516864,left_cw1,230.0,5.447824296371748,-0.3278781799791441,11.95933653815483,14.46438489431322,0.14719000301415092,-11.732778869923608,right_cw1,310.0,18.70035247945705,-0.06283757000933685,-10.07755408774583,14.20107255112163,-0.37977024317577923,8.563147608313582,0rev_cw1,292.0,14.310797626769439,-0.0002569511773587288,9.483947683717238,7.532980946300878,0.0010856420544544754,-15.568268308005262,0rev_cw1,500.0,6.4264422801177155,0.7263059196974856,-18.219554453068717,-2.2643084064609993,-0.11540115301283448,2.7867137661253674,3.6117973763653612,3.6918065006531364,0.08000912428777518,77.11420741961925,83.79121772939442,6.6770103097751745,0.0,6.932048622974504,6.5826381007011605,0.34941052227334346,7.971513104707979,28.54937379588556,20.57786069117758,0.0,6.57902048641592,6.4116141551512085,0.16740633126471138,26.328829370454,30.32500386259047,3.996174492136473,0.0,5,,,,,,,,,,,,,,,,,,,,,,,,,,,,,,,,,,,,,,,,,,,,,,,,,
KERBIN-EVE-KERBIN-KERBIN-JOOL,KERBIN EVE KERBIN KERBIN JOOL,110.94846028555135,5.566672508946887,1.9511093414928975,2.9106141068053444,0.7049490606486457,0.0,1.2889843231999445,2704.0,"165888081.851686,185760081.851686,219456081.851686,269913681.851686,399513681.851686","230,390,584,1500","left_cw1,left_cw0,right_cw1,left_cw1",165888081.8516864,185760081.8516864,219456081.8516864,269913681.85168636,399513681.85168636,left_cw1,230.0,12.949192220900253,-0.4574914393988774,0.8237001406091262,-5.046238259558987,0.2561892163075493,-18.13023638261895,left_cw0,390.0,-3.670494008515865,-0.2784047944053504,-20.22578660335658,-15.664774073147356,0.5771657784316486,2.8040792557154672,right_cw1,584.0,-17.804553886999436,-0.0005409801578501552,5.632250559253325,-16.06144016850593,3.478146344981363e-05,-9.460246855264424,left_cw1,1500.0,-16.10800446380816,0.5955264122543685,-11.012791697803648,3.184755242676074,-0.11077784507388279,1.8536494043221277,3.7202940997450353,3.4697947175820105,0.2504993821630248,41.58618624028862,84.85999791508479,43.27381167479617,0.0,5.495941359006304,5.079480980550749,0.4164603784555547,39.47840604062525,40.76739036382519,1.2889843231999445,0.0,5.077833361918559,5.115822661948625,0.037989300030066175,18.779165786421697,42.83699389279594,24.057828106374238,0.0,5,,,,,,,,,,,,,,,,,,,,,,,,,,,,,,,,,,,,,,,,,,,,,,,,,
KERBIN-EVE-KERBIN-KERBIN-JOOL,KERBIN EVE KERBIN KERBIN JOOL,115.98795613422129,5.566994268295556,1.8274613517325624,3.0004834628002377,0.7390494537627554,0.0,1.8723906243311053,2484.0,"290304081.851686,306720081.851686,338688081.851686,389145681.851686,504921681.851686","190,370,584,1340","right_cw0,left_cw0,right_cw1,left_cw1",290304081.8516864,306720081.8516864,338688081.8516864,389145681.8516864,504921681.8516864,right_cw0,190.0,11.78818022581512,-0.45184065236863546,-6.072202783646276,1.226338804057006,0.2904734181724269,18.640526514721472,left_cw0,370.0,3.0093986559343344,-0.01773942578272536,19.84079732950829,14.806373379236351,-0.46717684926504544,3.0082548085387257,right_cw1,584.0,18.1403062069044,0.0003737528425062166,1.7523165676866217,11.599108804479112,-0.00042904494715383047,14.22510614201671,left_cw1,1340.0,10.299653495276246,-0.13997218215935786,16.148269646985838,-2.9955855567955694,0.027259732069568478,-2.637639842448197,3.0986688775744913,2.959214176262518,0.13945470131197313,41.9297705598098,96.31935523071228,54.38958467090247,0.0,4.902274134681064,5.106554517008069,0.2042803823270054,42.01586139804828,43.88825202237938,1.8723906243311053,0.0,5.084688515374332,4.6893741452505555,0.3953143701237769,27.139027947105532,45.27228476906372,18.133256821958188,0.0,5,,,,,,,,,,,,,,,,,,,,,,,,,,,,,,,,,,,,,,,,,,,,,,,,,
KERBIN-EVE-KERBIN-KERBIN-JOOL,KERBIN EVE KERBIN KERBIN JOOL,55.432346615303565,5.584670881838029,2.2685023308748735,2.9830813086167347,0.33308724234642106,0.0,7.719864906122526,2718.0,"393984081.851686,408672081.851686,457920081.851686,495763281.851686,628819281.851686","170,570,438,1540","right_cw0,left_cw1,right_cw1,left_cw0",393984081.8516864,408672081.8516864,457920081.8516864,495763281.8516864,628819281.8516865,right_cw0,170.0,-13.339269630012486,0.4564419019930357,0.12511173685061627,2.0436385720770245,-0.12610522617233538,-18.4904919081654,left_cw1,570.0,-0.6651452927994725,0.23431510443665868,-21.491348919325507,-13.261118714506084,0.5767228707066391,-10.860869489083264,right_cw1,438.0,-14.009418840087793,0.0006197027546858682,-11.18794379466836,12.311976402087684,0.0010724160561997925,-12.36269709762647,left_cw0,1540.0,14.4640031930039,-0.5245631428963003,-12.543803480830732,-2.263580487049567,0.09025784715013344,2.7659998131648234,3.9597380246047766,4.004694195325785,0.04495617072100799,61.27071103002561,77.84875997625376,16.57804894622815,0.0,7.083251459459235,7.269288165506447,0.18603670604721234,7.846698138339414,25.995040070002783,18.148341931663367,0.0,7.27698892510083,7.379083290679031,0.10209436557820073,17.427680955480827,25.147545861603355,7.719864906122526,0.0,5,,,,,,,,,,,,,,,,,,,,,,,,,,,,,,,,,,,,,,,,,,,,,,,,,
KERBIN-DUNA-KERBIN-KERBIN-JOOL,KERBIN DUNA KERBIN KERBIN JOOL,150.87419631992955,5.597609608374546,1.926866040578991,2.696280789994995,0.9744627778005599,0.0,6.897140692819379,1604.0,"822528081.851686,839808081.851686,867456081.851686,917913681.851686,961113681.851686","200,320,584,500","0rev_cw0,right_cw1,right_cw1,0rev_cw0",822528081.8516864,,867456081.8516864,917913681.8516864,961113681.8516864,0rev_cw0,200.0,-8.039381537147092,-0.011659620699168404,-14.954231467079307,-5.000179177636918,0.0031701631644357148,9.554091455220206,right_cw1,320.0,-4.821555088569184,-0.0036282115832962595,8.826504181818473,-15.435844161059446,-0.00857373791346514,-6.2781211260446455,right_cw1,584.0,-17.83736684967271,-0.00012487218066476705,-5.634424844730747,-7.761640828669597,0.0018930403134009748,-16.806385730834855,0rev_cw0,500.0,-5.186867447835289,-0.590920902330183,-18.727317721544303,1.4495689239882943,0.10839350728233638,3.3377188035224314,,,,,,,,4.977827555471494,5.070394550286882,0.09256699481538799,28.632821334021923,43.661404426169554,15.028583092147633,0.0,5.08666284642335,4.571168709712883,0.5154941367104664,39.08123547020594,45.97837616302532,6.897140692819379,0.0,5,,839808081.8516864,2.7585303609541154,3.124932007228821,0.3664016462747055,12.779730556822129,25.990358986351062,13.210628429528935,0.0,,,,,,,,,,,,,,,,,,,,,,,,,,,,,,,,,,,,,,,,
KERBIN-EVE-KERBIN-KERBIN-JOOL,KERBIN EVE KERBIN KERBIN JOOL,50.186933602057884,5.601258189728651,2.4010380207889748,2.9021196037113186,0.29810056522835726,0.0,7.616090574361873,2345.0,"793152081.851686,809568081.851686,824256081.851686,855792081.851686,995760081.851686","190,170,365,1620","right_cw0,0rev_cw0,0rev_cw0,left_cw1",793152081.8516864,809568081.8516864,824256081.8516864,855792081.8516864,995760081.8516864,right_cw0,190.0,6.381168929494328,-0.15740319692062477,-12.075088739528907,14.386252547655982,0.07374150820722661,12.184382983473748,0rev_cw0,170.0,17.668122246103845,0.07755003713144096,9.781380373999275,7.747072056910779,-0.17946252905378843,-13.432340016566846,0rev_cw0,365.0,7.826663682587887,-0.06508970923179822,-15.607950985273177,7.82426263273671,-0.0650897526450031,-15.608408797370819,left_cw1,1620.0,6.626374659158227,0.8462278207014705,-18.1656100797586,-3.2215851921978547,-0.11665325658394013,2.063331254802603,2.8730906353731718,3.1061399407279606,0.23304930535478885,85.63755538513271,97.17038923995997,11.532833854827263,0.0,5.398222620892522,5.40565976900233,0.007437148109808334,23.282666820489116,39.591297814633556,16.30863099414444,0.0,5.397647447000912,5.455261558764672,0.05761411176376008,31.72866423487721,39.344754809239085,7.616090574361873,0.0,5,,,,,,,,,,,,,,,,,,,,,,,,,,,,,,,,,,,,,,,,,,,,,,,,,
KERBIN-EVE-KERBIN-KERBIN-JOOL,KERBIN EVE KERBIN KERBIN JOOL,83.42735932423149,5.6014116925111175,2.196635599634933,2.882892432685258,0.5218836601909262,0.0,5.9898224968887055,1352.0,"343872081.851686,362016081.851686,388800081.851686,414028881.851686,460684881.851686","210,310,292,540","left_cw1,right_cw1,0rev_cw1,0rev_cw1",343872081.8516864,362016081.8516864,388800081.8516864,414028881.8516864,460684881.8516864,left_cw1,210.0,-5.7709597354143565,-0.4800841362164951,12.128848010567761,14.586007908313531,0.5655762059327771,-11.645491246576908,right_cw1,310.0,18.70035247945705,-0.06283757000933685,-10.07755408774583,14.20107255112163,-0.37977024317577923,8.563147608313582,0rev_cw1,292.0,14.310797626769439,-0.0002569511773587288,9.483947683717238,7.532980946300878,0.0010856420544544754,-15.568268308005262,0rev_cw1,540.0,6.797646692574133,0.6358397300087381,-18.0824985873971,-2.939930384317068,-0.08064525586099078,2.1125829314960263,3.593944196805863,3.6918065006531364,0.09786230384727324,75.230984947876,83.95836406484338,8.727379116967388,0.0,6.932048622974504,6.5826381007011605,0.34941052227334346,7.971513104707979,28.54937379588556,20.57786069117758,0.0,6.57902048641592,6.653631320486229,0.07461083407030955,23.49692942589474,29.486751922783444,5.9898224968887055,0.0,5,,,,,,,,,,,,,,,,,,,,,,,,,,,,,,,,,,,,,,,,,,,,,,,,,
KERBIN-EVE-KERBIN-KERBIN-JOOL,KERBIN EVE KERBIN KERBIN JOOL,76.55746554534404,5.604455848640643,1.7525351031830187,3.377647452894496,0.47427329256312767,0.0,2.2769205301512927,2424.0,"473472081.851686,481248081.851686,495936081.851686,546393681.851686,682905681.851686","90,170,584,1580","0rev_cw1,0rev_cw0,right_cw1,left_cw1",473472081.8516864,481248081.8516864,495936081.8516864,546393681.8516865,682905681.8516865,0rev_cw1,90.0,-13.502419389643668,0.4822276893110615,-1.9205765293190047,6.177747655779454,-0.32576407226898485,17.450266265131006,0rev_cw0,170.0,3.5655243072112985,0.07347787658938094,19.8113690836296,15.192540748129044,-0.4767660826922415,0.5180173554838357,right_cw1,584.0,18.185904786974753,0.000705960103942301,-1.330471282615191,13.826174396623223,-0.0004958751354101746,12.020530348047487,left_cw1,1580.0,13.806509560133675,-0.3825521129904637,13.338095518119081,-1.6040905436106367,0.08445525631700322,-4.031376888758648,2.8930966119290855,2.7451335633073017,0.14796304862178378,77.8324799400127,100.94377330877985,23.111293368767146,0.0,4.96620392792767,5.102906703297707,0.13670277537003717,41.264814240645464,43.54173477079675,2.2769205301512927,0.0,5.090327949908922,5.279935418480228,0.18960746857130673,15.060767701307139,41.86291518335255,26.802147482045413,0.0,5,,,,,,,,,,,,,,,,,,,,,,,,,,,,,,,,,,,,,,,,,,,,,,,,,
KERBIN-EVE-KERBIN-KERBIN-JOOL,KERBIN EVE KERBIN KERBIN JOOL,62.93986807072362,5.621315292423629,1.8726084768401028,3.364676811266463,0.3840300043170628,0.0,4.486721446981147,1372.0,"65664081.8516864,85536081.8516864,112320081.851686,137548881.851686,184204881.851686","230,310,292,540","left_cw1,right_cw1,0rev_cw1,0rev_cw1",65664081.8516864,85536081.8516864,112320081.8516864,137548881.85168642,184204881.85168642,left_cw1,230.0,-7.252289237517301,0.3961826739438628,-11.284798828671377,-12.432837532002434,-0.18136824115516992,13.838897355372518,right_cw1,310.0,-16.957929088049458,0.07583998928151192,12.777092761038572,-15.57786571094145,0.4580156356101659,-6.61729696530911,0rev_cw1,292.0,-16.067111841097187,-7.992457968800142e-05,-6.926741679248099,-3.4152861291461285,-0.00019217054171448273,16.92397755296859,0rev_cw1,540.0,-2.21179691125507,-0.5135234769450691,19.07360414939714,3.195533817653766,0.04212190625450421,-2.1978228505624884,3.5791761644246445,3.689685133123021,0.11050896869837645,79.63009061435706,84.11681206133821,4.486721446981147,0.0,6.42514737060732,6.605785729286021,0.18063835867870104,6.298197661294309,30.183187971983777,23.884990310689467,0.0,6.605200244016389,6.698082920956375,0.09288267693998531,21.79350749896086,29.248089339559026,7.454581840598168,0.0,5,,,,,,,,,,,,,,,,,,,,,,,,,,,,,,,,,,,,,,,,,,,,,,,,,
KERBIN-EVE-DUNA-KERBIN-JOOL,KERBIN EVE DUNA KERBIN JOOL,70.40204006277284,5.6228310334715355,2.1141074097685384,3.0760340480737582,0.43268957562923926,0.0,3.12582605558795,2710.0,"421632081.851686,439776081.851686,491616081.851686,529632081.851686,655776081.851686","210,600,440,1460","left_cw1,left_cw1,right_cw1,left_cw1",421632081.8516864,439776081.8516864,,529632081.8516864,655776081.8516865,left_cw1,210.0,0.7135603219652392,-0.2769269855617776,12.85844294760809,15.212632218520085,0.185921780201652,-10.27163933736487,left_cw1,600.0,19.13610516316315,-0.6173922551346643,-10.046787804178269,-8.491906832363101,0.38673351370281056,-8.199693188338424,right_cw1,440.0,-8.708627382190274,0.03022379555212429,-8.395391901568743,17.127434130512007,-0.0391389814138922,1.7831036752551093,left_cw1,1460.0,18.76242593799237,-0.5338703581284584,3.565563198696804,-3.693392095905639,0.0942244209500355,0.007261993211842843,4.387681211219403,4.759732584380593,0.37205137316119075,51.822037362729006,68.34246802572561,16.520430662996603,0.0,,,,,,,,7.447237663278469,7.457084042522026,0.009846379243557024,19.06928758436629,24.482651912930802,5.413364328564511,0.0,5,,,,,,,,,,,,,,,,,,,,,,,,,,,,,,,,,,491616081.8516864,5.95895294861342,6.009744771837911,0.050791823224491495,4.3863479086499195,7.51217396423787,3.12582605558795,0.0,,,,,,,,
KERBIN-EVE-KERBIN-KERBIN-JOOL,KERBIN EVE KERBIN KERBIN JOOL,68.0869151133193,5.623078673867508,2.4010380207889748,2.804502242289681,0.41753841078885223,0.0,3.246203565208981,2305.0,"793152081.851686,809568081.851686,824256081.851686,855792081.851686,992304081.851686","190,170,365,1580","right_cw0,0rev_cw0,0rev_cw0,left_cw1",793152081.8516864,809568081.8516864,824256081.8516864,855792081.8516864,992304081.8516864,right_cw0,190.0,6.381168929494328,-0.15740319692062477,-12.075088739528907,14.386252547655982,0.07374150820722661,12.184382983473748,0rev_cw0,170.0,17.668122246103845,0.07755003713144096,9.781380373999275,7.747072056910779,-0.17946252905378843,-13.432340016566846,0rev_cw0,365.0,7.826663682587887,-0.06508970923179822,-15.607950985273177,7.82426263273671,-0.0650897526450031,-15.608408797370819,left_cw1,1580.0,6.106342171367473,1.031261889548744,-18.329285581019125,-2.6648427195099336,-0.16545026154951553,2.618936438711459,2.8730906353731718,3.1061399407279606,0.23304930535478885,85.63755538513271,97.17038923995997,11.532833854827263,0.0,5.398222620892522,5.40565976900233,0.007437148109808334,23.282666820489116,39.591297814633556,16.30863099414444,0.0,5.397647447000912,5.220595489676657,0.17705195732425505,37.297285759378056,40.543489324587036,3.246203565208981,0.0,5,,,,,,,,,,,,,,,,,,,,,,,,,,,,,,,,,,,,,,,,,,,,,,,,,
KERBIN-DUNA-KERBIN-JOOL,KERBIN DUNA KERBIN JOOL,146.3296601472851,5.625844345487607,1.9243565283353048,2.758596654189651,0.9428911629626504,0.0,3.4483055355999293,2060.0,"620352081.851686,637632081.851686,665280081.851686,798336081.851686","200,320,1540","0rev_cw1,right_cw1,left_cw1",620352081.8516864,,665280081.8516864,,,0rev_cw1,200.0,9.453327552274851,0.01333538014157296,-13.776850462066243,-10.970055072336146,-0.005006406139720499,0.36837791842526135,right_cw1,320.0,-10.131744919700937,0.0007814613944080436,0.6306454913250561,-0.9624746035254557,0.008785888565019715,-16.395593617708286,left_cw1,1540.0,-2.91501131854438,0.701337578679689,-19.230246726880583,-0.6655446070878196,-0.11458939481322336,3.5300127411723548,,,,,,,,,,,,,,,,4.7358049594574245,5.585202475165167,0.8493975157077429,38.683349126100396,42.131654661700324,3.4483055355999293,0.0,,,,,,,,4,798336081.8516864,637632081.8516864,2.185889010327214,2.2793826575821217,0.0934936472549075,22.564572674869503,39.13894351943554,16.574370844566037,0.0,,,,,,,,,,,,,,,,,,,,,,,,,,,,,,,,,,,,,,,,
KERBIN-EVE-KERBIN-JOOL,KERBIN EVE KERBIN JOOL,35.28018086144755,5.627294398909866,2.0175303418404242,3.412304784370819,0.19745927269862307,0.0,3.2116527283712544,2160.0,"368064081.851686,387936081.851686,438912081.851686,554688081.851686","230,590,1340","left_cw0,left_cw0,right_cw1",368064081.8516864,387936081.8516864,438912081.8516864,,,left_cw0,230.0,6.549802048265805,-0.1495416746094857,-11.24407441586222,-17.519725142271916,0.053847391501284425,-6.654075272049376,left_cw0,590.0,-18.923815999138217,-0.00011811210441847741,-10.428485713977633,-13.785564556816968,0.18035437738411714,10.21450215200758,right_cw1,1340.0,-14.557708745884485,-0.6773260358559091,12.866375302594893,2.6032054726827907,0.1458465305067671,-3.0621171712680564,,,,,,,,,4.21172570984681,4.237929182261696,0.02620347241488563,56.93184290527377,73.77969596768239,16.847853062408614,0.0,6.920160378387899,7.091416178671636,0.17125580028373744,23.783258869748728,26.99491159811998,3.2116527283712544,0.0,,,,,,,,4,554688081.8516865,,,,,,,,,,,,,,,,,,,,,,,,,,,,,,,,,,,,,,,,,,,,,,,,
KERBIN-EVE-KERBIN-KERBIN-JOOL,KERBIN EVE KERBIN KERBIN JOOL,40.90151401589535,5.629549742020765,2.226713091668652,3.1671283358135587,0.23570831453855412,0.0,7.569044471339179,2212.0,"141696081.851686,161568081.851686,188352081.851686,213580881.851686,332812881.851686","230,310,292,1380","left_cw0,right_cw0,0rev_cw1,left_cw1",141696081.8516864,161568081.8516864,188352081.8516864,213580881.8516864,332812881.85168636,left_cw0,230.0,-13.263064494379634,0.46656984807890534,2.3469493776444983,4.716348978606595,-0.10818236329571583,17.77891778248781,right_cw0,310.0,2.0875287795360413,0.19682318079561573,21.044385930311837,-12.399794495431566,0.5702610375199438,11.657817500119034,0rev_cw1,292.0,-13.07347720460183,-0.0005148871654168559,11.721391130316341,13.391096795855773,-0.00011125173188183335,10.581737330788526,left_cw1,1380.0,15.900839691465121,-0.10554436361953803,10.39091932300714,-1.3110845396190283,0.013137377025545056,-3.636098889484679,3.7273338252629236,3.822857329016025,0.09552350375310148,67.64249393640787,81.51847780603883,13.875983869630959,0.0,6.714730152421274,6.593231576734556,0.12149857568671774,7.556360073390614,29.232373994844963,21.67601392145435,0.0,6.597893432427476,6.616579667526211,0.018686235098734905,21.979563916201567,29.548608387540746,7.569044471339179,0.0,5,,,,,,,,,,,,,,,,,,,,,,,,,,,,,,,,,,,,,,,,,,,,,,,,,
KERBIN-EVE-KERBIN-JOOL,KERBIN EVE KERBIN JOOL,77.45310513568847,5.633530853286909,2.1299614426777542,3.0227146166512706,0.4808547939578842,0.0,6.995250352811864,2280.0,"575424081.851686,583200081.851686,646272081.851686,772416081.851686","90,730,1460","0rev_cw0,left_cw0,left_cw1",575424081.8516864,583200081.8516864,646272081.8516864,,,0rev_cw0,90.0,12.638419888176754,-0.43987192001718084,-1.1928461924281613,-5.813980298140475,0.17713247466528928,-17.699512807313397,left_cw0,730.0,-3.5402823393646905,0.05586127665794974,-21.77461844217622,-16.69316016813339,0.5576040026256575,-6.312240862022373,left_cw1,1460.0,-18.592207143523765,-0.013300966869572224,-6.077055106502288,2.180056738751028,0.0012484686670841349,2.5323625578716746,,,,,,,,,4.513406624431158,4.655381661730382,0.14197503729922367,61.18807751080541,68.18332786361727,6.995250352811864,0.0,7.84063700373192,8.17951676039058,0.33887975665866055,14.11541515906524,21.778034073562765,7.662618914497526,0.0,,,,,,,,4,772416081.8516864,,,,,,,,,,,,,,,,,,,,,,,,,,,,,,,,,,,,,,,,,,,,,,,,
KERBIN-EVE-KERBIN-KERBIN-JOOL,KERBIN EVE KERBIN KERBIN JOOL,133.20968993200285,5.637077388309624,1.8274613517325624,2.9554915829740835,0.8541244536029784,0.0,1.8723906243311053,2524.0,"290304081.851686,306720081.851686,338688081.851686,389145681.851686,508377681.851686","190,370,584,1380","right_cw0,left_cw0,right_cw1,left_cw0",290304081.8516864,306720081.8516864,338688081.8516864,389145681.8516864,508377681.8516864,right_cw0,190.0,11.78818022581512,-0.45184065236863546,-6.072202783646276,1.226338804057006,0.2904734181724269,18.640526514721472,left_cw0,370.0,3.0093986559343344,-0.01773942578272536,19.84079732950829,14.806373379236351,-0.46717684926504544,3.0082548085387257,right_cw1,584.0,18.1403062069044,0.0003737528425062166,1.7523165676866217,11.599108804479112,-0.00042904494715383047,14.22510614201671,left_cw0,1380.0,9.995265777347011,0.1418596818152237,16.33106946530534,-2.0991602057965593,-0.029622364545271507,-3.403821933190061,3.0986688775744913,2.959214176262518,0.13945470131197313,41.9297705598098,96.31935523071228,54.38958467090247,0.0,4.902274134681064,5.106554517008069,0.2042803823270054,42.01586139804828,43.88825202237938,1.8723906243311053,0.0,5.084688515374332,4.574299145410333,0.5103893699639999,31.292629926971323,45.971283425385906,14.678653498414585,0.0,5,,,,,,,,,,,,,,,,,,,,,,,,,,,,,,,,,,,,,,,,,,,,,,,,,
KERBIN-EVE-KERBIN-KERBIN-JOOL,KERBIN EVE KERBIN KERBIN JOOL,97.01620696707766,5.647824898784814,2.20643445189929,2.829830984330662,0.6115594625548617,0.0,8.33544292708501,3015.0,"896832081.851686,914976081.851686,933120081.851686,1027728081.85169,1157328081.85169","210,210,1095,1500","left_cw1,0rev_cw1,left_cw1,left_cw1",896832081.8516864,914976081.8516864,933120081.8516864,1027728081.8516864,1157328081.8516865,left_cw1,210.0,-10.589536950594262,-0.39439446850408094,8.610997221872331,17.37983621212715,0.49446575621393907,-6.869413206891766,0rev_cw1,210.0,19.96770621771235,-0.04550616218498062,-5.7486452215703165,-0.6243464122732396,0.25554846029543826,-16.299989419276766,left_cw1,1095.0,-1.9775391989215203,0.4308189197797976,-18.423916435841516,-1.9801944360016055,0.4308186003862675,-18.422739033813397,left_cw1,1500.0,-3.427650212697678,0.5876406982846035,-19.15940661282492,-0.30465271682107875,-0.09658108491688669,3.530172640535537,3.294644599745902,3.5157506813328436,0.22110608158694145,49.743118416221556,88.53975125118484,38.79663283496328,0.0,6.310533103476095,6.472900804937497,0.16236770146140245,22.733252047216737,31.06869497430175,8.33544292708501,0.0,6.475730532707989,6.2476448532014714,0.2280856795065178,14.593055722165028,31.288893430488947,16.69583770832392,0.0,5,,,,,,,,,,,,,,,,,,,,,,,,,,,,,,,,,,,,,,,,,,,,,,,,,
KERBIN-EVE-KERBIN-JOOL,KERBIN EVE KERBIN JOOL,44.29290719141929,5.648024884243721,2.237969511479715,3.1523892653889516,0.257666107375055,0.0,1.8789937571818334,2120.0,"720576081.851686,735264081.851686,784512081.851686,903744081.851686","170,570,1380","right_cw1,left_cw1,left_cw1",720576081.8516864,735264081.8516864,784512081.8516864,,,right_cw1,170.0,3.330014568962603,-0.3261238526860631,12.526103940146966,-17.93946628706324,0.05121199389211955,4.569231695399866,left_cw1,570.0,-19.901561056906694,-0.20887870164163003,7.78584653050353,-6.760394475094678,-0.432068135963853,15.467585753142313,left_cw1,1380.0,-5.611362701128561,-0.5708299852391737,18.38696919933945,2.838887098017237,0.07440339220090131,-2.435970459637318,,,,,,,,,4.33100555978503,4.398734712275899,0.06772915249086875,51.262463540743475,71.5398623277075,20.277398786964024,0.0,6.7895660033354455,6.599629048451259,0.18993695488418627,27.082350033470078,28.96134379065191,1.8789937571818334,0.0,,,,,,,,4,903744081.8516864,,,,,,,,,,,,,,,,,,,,,,,,,,,,,,,,,,,,,,,,,,,,,,,,
KERBIN-EVE-KERBIN-KERBIN-JOOL,KERBIN EVE KERBIN KERBIN JOOL,69.04384829813849,5.654964405034107,2.087002130975573,3.143490217817887,0.42447205624064743,0.0,2.756265679151369,1444.0,"214272081.851686,230688081.851686,245376081.851686,295833681.851686,339033681.851686","190,170,584,500","right_cw1,0rev_cw1,right_cw1,0rev_cw0",214272081.8516864,230688081.8516864,245376081.8516864,295833681.85168636,339033681.85168636,right_cw1,190.0,10.600632499468189,-0.4426805476127789,8.303831611954067,-14.692458710051586,0.2146474731114702,11.945462697589875,0rev_cw1,170.0,-12.937897439367761,0.2212525852182035,15.630427019592284,11.574131222517828,-0.5022332817895052,9.991365475080167,right_cw1,584.0,15.02038948956768,-0.00011318050229264022,10.349442049796346,3.1003405254509704,-0.0005550995920781865,18.21364173210554,0rev_cw0,500.0,2.20843454736558,0.6818170071087216,19.12035793223592,-0.14908119792068364,-0.1442312747500144,-4.034515380713368,2.7798401635556815,3.0186709653028045,0.238830801747123,89.37730119936596,99.15320592393937,9.77590472457341,0.0,5.028621423818963,5.108745016522832,0.0801235927038686,40.39739209784619,43.15365777699756,2.756265679151369,0.0,5.070736405953201,5.176254067742857,0.10551766178965583,16.15201340012955,42.5397402012036,26.387726801074045,0.0,5,,,,,,,,,,,,,,,,,,,,,,,,,,,,,,,,,,,,,,,,,,,,,,,,,
KERBIN-EVE-KERBIN-KERBIN-JOOL,KERBIN EVE KERBIN KERBIN JOOL,101.08757844206391,5.655818666294603,1.6694605975238135,3.3482562397668425,0.6381018290039462,0.0,2.421219084226101,2944.0,"340416081.851686,360288081.851686,393984081.851686,444441681.851686,594777681.851686","230,390,584,1740","left_cw1,left_cw0,right_cw1,left_cw0",340416081.8516864,360288081.8516864,393984081.8516864,444441681.8516864,594777681.8516865,left_cw1,230.0,11.548636515597721,-0.5536917697289665,6.4475242681273555,-3.4096029837823214,0.5234487867057296,-18.648448630938283,left_cw0,390.0,-0.9235506686642223,-0.03139207274298773,-20.491984878996988,-15.406795198393489,0.525217857593723,-3.920437983468049,right_cw1,584.0,-18.545880603529454,-0.00031235494102526545,-2.4515318093280127,-10.54544758803216,0.0006997955979063537,-15.265049459784715,left_cw0,1740.0,-10.468353184914612,-0.03994434815492951,-16.50059673533048,0.7500449251986112,0.008153157863267233,3.931818920377796,2.7502321278911297,2.7805084126841204,0.030276284792990715,69.29199683632119,102.16144858667275,32.86945175035156,0.0,5.303853349794324,5.07218982887545,0.23166352091887443,39.41030854131148,41.831527625537575,2.421219084226101,0.0,5.086658793492198,5.462820816784279,0.37616202329208104,12.853867477010631,40.90383011303891,28.049962636028276,0.0,5,,,,,,,,,,,,,,,,,,,,,,,,,,,,,,,,,,,,,,,,,,,,,,,,,
KERBIN-EVE-KERBIN-JOOL,KERBIN EVE KERBIN JOOL,38.23547990480166,5.661873572760662,2.491041850977645,2.9540412515729186,0.216790470210098,0.0,1.466865792406529,2200.0,"444096081.851686,458784081.851686,508032081.851686,634176081.851686","170,570,1460","right_cw1,left_cw1,left_cw1",444096081.8516864,458784081.8516864,508032081.8516864,,,right_cw1,170.0,-5.2373998470878185,0.3652384999809875,-12.164927751186552,17.253931533205005,-0.06690548334805219,-6.719403138346861,left_cw1,570.0,18.871604167745136,0.21422333994342443,-10.043142308928868,4.5404035814729315,0.4697014047520285,-16.308042297236902,left_cw1,1460.0,3.3820938994136553,0.5723915639152326,-19.073197753168955,-1.8435190732310347,-0.08286250124134624,2.9711321047088113,,,,,,,,,4.267225761624249,4.415075997601675,0.14785023597742608,50.51697708963793,71.9137394689445,21.396762379306566,0.0,7.3238353304782695,7.392775564710941,0.06894023423267193,23.51624641375284,24.983112206159365,1.466865792406529,0.0,,,,,,,,4,634176081.8516865,,,,,,,,,,,,,,,,,,,,,,,,,,,,,,,,,,,,,,,,,,,,,,,,
KERBIN-EVE-KERBIN-KERBIN-JOOL,KERBIN EVE KERBIN KERBIN JOOL,97.35518755313824,5.668313580931214,2.196635599634933,2.856998823910953,0.6146791573853281,0.0,3.996174492136473,1312.0,"343872081.851686,362016081.851686,388800081.851686,414028881.851686,457228881.851686","210,310,292,500","left_cw1,right_cw1,0rev_cw1,0rev_cw1",343872081.8516864,362016081.8516864,388800081.8516864,414028881.8516864,457228881.8516864,left_cw1,210.0,-5.7709597354143565,-0.4800841362164951,12.128848010567761,14.586007908313531,0.5655762059327771,-11.645491246576908,right_cw1,310.0,18.70035247945705,-0.06283757000933685,-10.07755408774583,14.20107255112163,-0.37977024317577923,8.563147608313582,0rev_cw1,292.0,14.310797626769439,-0.0002569511773587288,9.483947683717238,7.532980946300878,0.0010856420544544754,-15.568268308005262,0rev_cw1,500.0,6.4264422801177155,0.7263059196974856,-18.219554453068717,-2.2643084064609993,-0.11540115301283448,2.7867137661253674,3.593944196805863,3.6918065006531364,0.09786230384727324,75.230984947876,83.95836406484338,8.727379116967388,0.0,6.932048622974504,6.5826381007011605,0.34941052227334346,7.971513104707979,28.54937379588556,20.57786069117758,0.0,6.57902048641592,6.4116141551512085,0.16740633126471138,26.328829370454,30.32500386259047,3.996174492136473,0.0,5,,,,,,,,,,,,,,,,,,,,,,,,,,,,,,,,,,,,,,,,,,,,,,,,,
KERBIN-EVE-KERBIN-KERBIN-JOOL,KERBIN EVE KERBIN KERBIN JOOL,70.80635949494386,5.668555970563209,1.7525351031830187,3.4808125538365053,0.4352083135436846,0.0,2.2769205301512927,2464.0,"473472081.851686,481248081.851686,495936081.851686,546393681.851686,686361681.851686","90,170,584,1620","0rev_cw1,0rev_cw0,right_cw1,left_cw1",473472081.8516864,481248081.8516864,495936081.8516864,546393681.8516865,686361681.8516865,0rev_cw1,90.0,-13.502419389643668,0.4822276893110615,-1.9205765293190047,6.177747655779454,-0.32576407226898485,17.450266265131006,0rev_cw0,170.0,3.5655243072112985,0.07347787658938094,19.8113690836296,15.192540748129044,-0.4767660826922415,0.5180173554838357,right_cw1,584.0,18.185904786974753,0.000705960103942301,-1.330471282615191,13.826174396623223,-0.0004958751354101746,12.020530348047487,left_cw1,1620.0,13.248086180711669,-0.08530332723738966,13.923690226537481,-0.9350325058043552,0.01820939732828445,-4.359063865135732,2.8930966119290855,2.7451335633073017,0.14796304862178378,77.8324799400127,100.94377330877985,23.111293368767146,0.0,4.96620392792767,5.102906703297707,0.13670277537003717,41.264814240645464,43.54173477079675,2.2769205301512927,0.0,5.090327949908922,4.939785460357058,0.15054248955186367,22.83293700082039,43.765494168406974,20.932557167586584,0.0,5,,,,,,,,,,,,,,,,,,,,,,,,,,,,,,,,,,,,,,,,,,,,,,,,,
KERBIN-EVE-KERBIN-JOOL,KERBIN EVE KERBIN JOOL,111.44560006995914,5.677108987186411,1.9005287319504653,3.0683001675828225,0.7082800876531228,0.0,2.7727080489284077,2120.0,"241920081.851686,261792081.851686,288576081.851686,425088081.851686","230,310,1580","left_cw0,right_cw0,left_cw0",241920081.8516864,261792081.8516864,288576081.85168636,,,left_cw0,230.0,6.715143177542961,-0.11212947937617902,-11.205885080188501,-17.972703142590145,0.051153478699164825,-5.412231336300486,right_cw0,310.0,-18.93783318971345,-0.022537116765681396,-9.914846495668657,-0.9699238171274613,-0.1312866402892984,-16.622928407959247,left_cw0,1580.0,0.5067894453147419,-0.2110680232341671,-19.301589753925995,0.19922279833225853,0.03810759687760154,3.5941865197542384,,,,,,,,,3.9964801408650517,3.7287097559554727,0.26777038490957894,73.09847661030858,79.9457408677077,6.847264257399112,0.0,6.487093201698194,6.927602904441738,0.44050970274354384,26.104263028814298,28.876971077742702,2.7727080489284077,0.0,,,,,,,,4,425088081.85168636,,,,,,,,,,,,,,,,,,,,,,,,,,,,,,,,,,,,,,,,,,,,,,,,
KERBIN-EVE-KERBIN-JOOL,KERBIN EVE KERBIN JOOL,39.84258571958133,5.67715167891577,2.054145893728294,3.394666743567048,0.22833904162042806,0.0,2.9842059512998,1480.0,"292032081.851686,311904081.851686,362880081.851686,419904081.851686","230,590,660","left_cw1,left_cw1,0rev_cw1",292032081.8516864,311904081.8516864,362880081.8516864,,,left_cw1,230.0,12.907197008038146,-0.4610123424872538,0.6790770017659623,-3.740404890642413,0.21446614686782448,-18.401803763810918,left_cw1,590.0,-0.5182090682684701,0.08790639916838985,-21.58641863873889,-15.083692479312798,0.5625415149046463,-8.413781402097957,0rev_cw1,660.0,-17.889032064937606,0.08447564969725826,-8.128123219082738,0.2431611543100478,-0.0028301316658059655,3.7749987243047967,,,,,,,,,3.926796513026883,3.9047065684413726,0.0220899445855105,70.71864211263345,79.0063752176213,8.287733104987858,0.0,7.105700567394484,7.3119496644294015,0.20624909703491756,22.825741295228294,25.809947246528093,2.9842059512998,0.0,,,,,,,,4,419904081.8516864,,,,,,,,,,,,,,,,,,,,,,,,,,,,,,,,,,,,,,,,,,,,,,,,
KERBIN-EVE-KERBIN-KERBIN-JOOL,KERBIN EVE KERBIN KERBIN JOOL,111.79485394878026,5.6872150984831915,2.054145893728294,2.922096606794657,0.7109725979602404,0.0,3.6705515770967243,1798.0,"292032081.851686,311904081.851686,362880081.851686,400723281.851686,447379281.851686","230,590,438,540","left_cw1,left_cw1,right_cw1,0rev_cw0",292032081.8516864,311904081.8516864,362880081.8516864,400723281.8516864,447379281.8516864,left_cw1,230.0,12.907197008038146,-0.4610123424872538,0.6790770017659623,-3.740404890642413,0.21446614686782448,-18.401803763810918,left_cw1,590.0,-0.5182090682684701,0.08790639916838985,-21.58641863873889,-15.083692479312798,0.5625415149046463,-8.413781402097957,right_cw1,438.0,-15.753397373114067,0.00038101429064456955,-8.573227173007849,10.072026369017738,0.0008655669770538205,-14.266396836794783,0rev_cw0,540.0,12.891259247947609,-0.5752679594542804,-14.183574368345731,-1.9584379171163184,0.1008570328585147,3.0118909725618397,3.926796513026883,3.9047065684413726,0.0220899445855105,70.71864211263345,79.0063752176213,8.287733104987858,0.0,7.105700567394484,7.263492586413454,0.1577920190189701,6.980089518477924,25.947523899497984,18.96743438102006,0.0,7.274502482398661,6.743411848042901,0.5310906343557598,23.30529413166072,26.975845708757443,3.6705515770967243,0.0,5,,,,,,,,,,,,,,,,,,,,,,,,,,,,,,,,,,,,,,,,,,,,,,,,,
KERBIN-EVE-KERBIN-KERBIN-JOOL,KERBIN EVE KERBIN KERBIN JOOL,98.88151074292225,5.690411691914278,1.8726084768401028,3.1929811169699827,0.6248220981041919,0.0,4.486721446981147,1332.0,"65664081.8516864,85536081.8516864,112320081.851686,137548881.851686,180748881.851686","230,310,292,500","left_cw1,right_cw1,0rev_cw1,0rev_cw1",65664081.8516864,85536081.8516864,112320081.8516864,137548881.85168642,180748881.85168642,left_cw1,230.0,-7.252289237517301,0.3961826739438628,-11.284798828671377,-12.432837532002434,-0.18136824115516992,13.838897355372518,right_cw1,310.0,-16.957929088049458,0.07583998928151192,12.777092761038572,-15.57786571094145,0.4580156356101659,-6.61729696530911,0rev_cw1,292.0,-16.067111841097187,-7.992457968800142e-05,-6.926741679248099,-3.4152861291461285,-0.00019217054171448273,16.92397755296859,0rev_cw1,500.0,-1.5740948785869309,-0.5614036077554639,19.11616023759298,2.5167014387239126,0.0706772574489638,-2.8938330871431974,3.5791761644246445,3.689685133123021,0.11050896869837645,79.63009061435706,84.11681206133821,4.486721446981147,0.0,6.42514737060732,6.605785729286021,0.18063835867870104,6.298197661294309,30.183187971983777,23.884990310689467,0.0,6.605200244016389,6.271525473289275,0.3336747707271144,26.02274064815605,30.73081044116023,4.708069793004182,0.0,5,,,,,,,,,,,,,,,,,,,,,,,,,,,,,,,,,,,,,,,,,,,,,,,,,
KERBIN-EVE-KERBIN-KERBIN-JOOL,KERBIN EVE KERBIN KERBIN JOOL,72.81997135721792,5.700942117069907,2.0467285534764406,3.20487651929108,0.4493370443023861,0.0,2.9989773198445606,1664.0,"212544081.851686,230688081.851686,262656081.851686,313113681.851686,356313681.851686","210,370,584,500","left_cw0,left_cw1,right_cw1,0rev_cw0",212544081.8516864,230688081.8516864,262656081.8516864,313113681.85168636,356313681.85168636,left_cw0,210.0,12.891920320751383,-0.6621134379534934,-2.8687164073974047,-14.904973840900329,0.8159776696258475,11.41741702254933,left_cw1,370.0,-15.110451179239659,-0.07282705033690204,13.327884300548074,4.212997281144867,-0.4763052799595988,14.608634888289028,right_cw1,584.0,6.702949738713957,-0.000621146524586948,17.056250846837706,-7.9089262499754565,-0.0008031208322447933,16.846889458894328,0rev_cw0,500.0,-9.611924669871158,1.8505223801651813,16.747677900292523,2.288443441596767,-0.38377713632141625,-3.2520518316379032,3.207076308766955,3.1531001998897543,0.05397610887720061,38.87406428322395,93.11556148233885,54.241497199114896,0.0,4.782873964355838,5.105055554794178,0.3221815904383396,41.59507912059083,44.59405644043539,2.9989773198445606,0.0,5.0623408611241665,5.135520206111012,0.07317934498684586,28.571811836203924,42.81345948618511,14.241647649981182,0.0,5,,,,,,,,,,,,,,,,,,,,,,,,,,,,,,,,,,,,,,,,,,,,,,,,,
KERBIN-EVE-KERBIN-JOOL,KERBIN EVE KERBIN JOOL,34.88300657751735,5.702742152280367,2.2943033637882775,3.2138756719600567,0.1945631165320325,0.0,6.361531467159178,2320.0,"22464081.8516864,30240081.8516864,93312081.8516864,222912081.851686","90,730,1500","0rev_cw0,left_cw0,left_cw1",22464081.851686403,30240081.851686403,93312081.8516864,,,0rev_cw0,90.0,10.88857352869173,-0.3776415215908876,-6.258452117469858,-10.88040045430165,0.09556657965874588,-14.996122042433743,left_cw0,730.0,-10.434792793163528,-0.02983891677615133,-19.457093184453186,-17.776671131220446,0.4854270944476036,1.2561795232886626,left_cw1,1500.0,-19.344449550348667,-0.18829418046977595,2.5999599780719267,2.669908366668359,0.012296796031227554,2.1895511176984024,,,,,,,,,5.030325365346546,5.139315493283017,0.10899012793647067,52.32343851250499,61.19645845935504,8.873019946850052,0.0,7.9057885478039,7.991361536399462,0.08557298859556184,15.693513589956678,22.055045057115855,6.361531467159178,0.0,,,,,,,,4,222912081.85168642,,,,,,,,,,,,,,,,,,,,,,,,,,,,,,,,,,,,,,,,,,,,,,,,
KERBIN-EVE-KERBIN-KERBIN-JOOL,KERBIN EVE KERBIN KERBIN JOOL,49.36087742874271,5.70370288969376,2.544468602156347,2.867606942697588,0.2916273448398252,0.0,8.724608805140269,2770.0,"212544081.851686,234144081.851686,259200081.851686,322272081.851686,451872081.851686","250,290,730,1500","left_cw0,right_cw0,left_cw0,left_cw0",212544081.8516864,234144081.8516864,259200081.8516864,322272081.85168636,451872081.85168636,left_cw0,250.0,12.781754837324458,-0.4455767295743042,-3.639103467334481,-5.882940808278199,0.12219990831190498,-18.112077273889003,right_cw0,290.0,-4.168757582057266,-0.12840007325888608,-20.786164921402186,11.450733054978505,-0.5194534309379278,-11.522499250644998,left_cw0,730.0,12.607726803414243,-0.3431007225839584,-11.7931721683952,12.60695620373935,-0.3431006469346296,-11.795140988923553,left_cw0,1500.0,15.022703404182986,-0.6169245744645064,-11.856964499975694,-2.0986079654860585,0.1013069867831254,2.890952680997912,3.6038662965142714,3.7072795764236397,0.10341327990936833,51.6490529104348,83.72071343885361,32.07166052841881,0.0,6.469652106189534,6.430934782460271,0.038717323729262176,10.680247831392924,30.645193872055476,19.964946040662554,0.0,6.4368088760555775,6.586305617256772,0.14949674120119472,21.486023096654066,30.210631901794333,8.724608805140269,0.0,5,,,,,,,,,,,,,,,,,,,,,,,,,,,,,,,,,,,,,,,,,,,,,,,,,
KERBIN-EVE-KERBIN-JOOL,KERBIN EVE KERBIN JOOL,14.559273931571154,5.7188939071382885,2.4582456061536595,3.2026653875458875,0.05798291343874151,0.0,2.5478175177887277,1840.0,"896832081.851686,916704081.851686,943488081.851686,1055808081.85169","230,310,1300","left_cw0,right_cw0,left_cw0",896832081.8516864,916704081.8516864,943488081.8516864,,,left_cw0,230.0,-8.240971947849202,0.29149897412309306,10.464829554731097,14.284295247967616,-0.03656559830155496,11.502990053866341,right_cw0,310.0,14.432229418155329,0.15599421916384454,15.456258724391315,-1.606015176530268,0.3672052240836384,16.843438951547515,left_cw0,1300.0,-3.7079980075145436,0.2425594166432178,18.951543526381926,-0.8957996567762877,-0.036887024643242,-3.68547488720302,,,,,,,,,4.029954609568035,4.074891165829721,0.04493655626168547,58.505273073228125,76.6461867308953,18.140913657667173,0.0,6.968590070407662,6.955543713230606,0.013046357177056045,24.712055052349537,27.259872570138263,2.5478175177887277,0.0,,,,,,,,4,1055808081.8516864,,,,,,,,,,,,,,,,,,,,,,,,,,,,,,,,,,,,,,,,,,,,,,,,
KERBIN-EVE-KERBIN-DUNA-JOOL,KERBIN EVE KERBIN DUNA JOOL,64.12074400435031,5.724933930452758,2.1299614426777542,3.2066320818397176,0.38834040593528574,0.0,3.18809410274064,4360.0,"575424081.851686,583200081.851686,646272081.851686,812160081.851686,952128081.851686","90,730,1920,1620","0rev_cw0,left_cw0,left_cw1,left_cw1",575424081.8516864,583200081.8516864,646272081.8516864,,952128081.8516864,0rev_cw0,90.0,12.638419888176754,-0.43987192001718084,-1.1928461924281613,-5.813980298140475,0.17713247466528928,-17.699512807313397,left_cw0,730.0,-3.5402823393646905,0.05586127665794974,-21.77461844217622,-16.69316016813339,0.5576040026256575,-6.312240862022373,left_cw1,1920.0,-18.84241676065346,-0.004817282672486319,-5.304182034432241,-13.915870172923018,-0.004505647344791536,3.5349616306798577,left_cw1,1620.0,-13.941670492741839,-0.005652847088866114,3.5763828063001233,1.3487371657586098,-0.00021118821546174717,3.3008649843449236,4.513406624431158,4.655381661730382,0.14197503729922367,61.18807751080541,68.18332786361727,6.995250352811864,0.0,7.84063700373192,7.600175506471327,0.24046149726059252,18.094468471561456,23.1270084060687,5.032539934507244,0.0,,,,,,,,5,,,,,,,,,,,,,,,,,,,,,,,,,,812160081.8516864,8.931557264767093,8.925653393391624,0.005903871375469549,0.3109373893599898,3.4990314921006296,3.18809410274064,0.0,,,,,,,,,,,,,,,,
KERBIN-EVE-KERBIN-JOOL,KERBIN EVE KERBIN JOOL,60.476000137673054,5.7279333419346905,2.103976054661268,3.258051665657179,0.3659056216162435,0.0,1.7352250323298797,1920.0,"15552081.8516864,35424081.8516864,62208081.8516864,181440081.851686","230,310,1380","left_cw0,right_cw0,left_cw0",15552081.851686401,35424081.8516864,62208081.8516864,,,left_cw0,230.0,-13.334248271869253,0.4547428926398762,2.213848146719094,5.936287509427429,-0.1467747666237424,17.44018805988656,right_cw0,310.0,3.239097261453649,0.14781028352200812,20.881675750268222,-12.420586373659734,0.5413814998497265,11.615448006867386,left_cw0,1380.0,-15.59881171516492,0.7054756864940217,11.604637314445881,2.6896358135457588,-0.13123335554260784,-2.7251685101696115,,,,,,,,,3.5107511518073196,3.7411838312108134,0.23043267940349388,74.28176801812111,84.27592357142223,9.994155553301118,0.0,6.661595090286696,6.526122148073946,0.13547294221274964,27.90474835377884,29.639973386108718,1.7352250323298797,0.0,,,,,,,,4,181440081.85168642,,,,,,,,,,,,,,,,,,,,,,,,,,,,,,,,,,,,,,,,,,,,,,,,
KERBIN-EVE-KERBIN-JOOL,KERBIN EVE KERBIN JOOL,75.78667512095164,5.732488356468398,2.3028253669448384,2.9603331964899486,0.46932979303361044,0.0,1.052924462135834,1060.0,"546048081.851686,564192081.851686,590976081.851686,637632081.851686","210,310,540","left_cw1,right_cw0,0rev_cw0",546048081.8516864,564192081.8516864,590976081.8516864,,,left_cw1,210.0,8.058835431455211,-0.5748857528471402,10.179435784450538,-0.8945631675314893,0.6198732115656375,-18.70613994001123,right_cw0,310.0,2.126960715290627,-0.1808757826468936,-21.27641993608072,14.00260688721205,-0.5732308323171397,-8.719027754068946,0rev_cw0,540.0,17.14517018453521,-0.6175206445609078,-8.457416400303082,-2.9890095621504233,0.1101414574981309,2.067687874755602,,,,,,,,,4.19922160606351,3.9469253357804677,0.25229627028304247,59.478651337292774,76.29638229009682,16.817730952804048,0.0,6.891162643443021,7.108196166193589,0.21703352275056798,25.978794203775564,27.0317186659114,1.052924462135834,0.0,,,,,,,,4,637632081.8516864,,,,,,,,,,,,,,,,,,,,,,,,,,,,,,,,,,,,,,,,,,,,,,,,
KERBIN-DUNA-KERBIN-DUNA-JOOL,KERBIN DUNA KERBIN DUNA JOOL,62.86724466451802,5.737409260800949,2.3935155340567613,2.9631275735086002,0.38076615323558816,0.0,1.70820009826546,3140.0,"112320081.851686,146880081.851686,188352081.851686,333504081.851686,383616081.851686","400,480,1680,580","right_cw1,left_cw0,left_cw1,0rev_cw1",112320081.8516864,,188352081.85168642,,383616081.8516864,right_cw1,400.0,-11.779468671326866,0.007457659368977152,-12.88261856503502,9.288392811609617,-2.0908080544859015e-06,-8.426472580919448,left_cw0,480.0,8.779343520088736,-0.15227923088734546,-7.910358925032402,-16.876099493985432,0.22929365394559792,2.1074307557797654,left_cw1,1680.0,-18.664020170422567,-0.016814176823640427,5.28759398727515,-6.154766004630452,-0.009164262585658348,12.845757963818972,0rev_cw1,580.0,-6.092241175197064,-0.2471294190554223,13.104333998793116,3.8940381234970802,-0.008719353967110105,0.1231245948283336,,,,,,,,4.0631563141685785,4.360956910788474,0.29780059661989533,51.302371078210406,54.412899343609524,3.1105282653991195,0.0,,,,,,,,5,,146880081.85168642,4.02396248104194,3.9517669728344282,0.07219550820751142,10.607485501192796,15.672204166313419,5.064718665120624,0.0,,,,,,,,,,,,,,,,,333504081.8516864,8.0939951304071,8.083225081998918,0.01077004840818141,2.527365868122018,4.235565966387478,1.70820009826546,0.0,,,,,,,,,,,,,,,,
KERBIN-EVE-KERBIN-KERBIN-JOOL,KERBIN EVE KERBIN KERBIN JOOL,28.678498761659093,5.73804664980693,2.480573528857184,3.104836189598984,0.15263693135076206,0.0,6.9466260574958305,2458.0,"247104081.851686,265248081.851686,285120081.851686,322963281.851686,459475281.851686","210,230,438,1580","left_cw1,0rev_cw1,right_cw1,left_cw0",247104081.8516864,265248081.8516864,285120081.85168636,322963281.85168636,459475281.85168636,left_cw1,210.0,6.57565867721978,-0.2735498350841818,10.540611386630992,14.154004505002856,0.05856730683724253,-11.353483198835196,0rev_cw1,230.0,17.495958622413873,-0.2480883285555182,-11.738070736086662,-9.364578724445224,0.41743519915267174,-13.908452129394082,right_cw1,438.0,-10.591522428847796,0.0005504909548948193,-14.431490611822692,15.007061644614065,0.0005895607996761472,-8.869282955485302,left_cw0,1580.0,17.20373240761884,-0.6358206480704529,-8.378252841729992,-3.3584315174548816,0.12420866197984654,1.6585819162947977,5.242822911908484,5.297876132557509,0.05505322064902529,37.377857908492835,58.82558352530972,21.447725616816886,0.0,7.339532043895208,7.260450721678738,0.07908132221646991,10.96723062128316,25.30123823292721,14.334007611644049,0.0,7.262631438299695,7.281133826784962,0.018502388485266863,18.509965988719596,25.456592046215427,6.9466260574958305,0.0,5,,,,,,,,,,,,,,,,,,,,,,,,,,,,,,,,,,,,,,,,,,,,,,,,,
KERBIN-EVE-KERBIN-JOOL,KERBIN EVE KERBIN JOOL,25.639615676670758,5.738633923308928,2.490419949846922,3.1165712816519306,0.13164269181007526,0.0,1.8422859610487707,2360.0,"91584081.8516864,111456081.851686,162432081.851686,295488081.851686","230,590,1540","left_cw0,left_cw0,left_cw1",91584081.8516864,111456081.8516864,162432081.85168642,,,left_cw0,230.0,-2.9862932569976515,0.09692792669849547,12.86342820040339,17.864734617589555,-0.012536643937168725,4.284129824501202,left_cw0,590.0,19.82790929226182,0.003367196797716257,7.950648883267817,12.009714785887663,-0.11330082932999522,-11.953841710199818,left_cw1,1540.0,12.238626859744585,0.4796104357790719,-14.84466871020782,-3.773043590153489,-0.033566991832969434,-0.05882289110331329,,,,,,,,,4.114395915775093,4.243282664273245,0.12888674849815196,59.66313139480105,74.53241575071928,14.869284355918225,0.0,7.327841890717858,7.330597834029781,0.0027559433119233034,23.29880114583591,25.14108710688468,1.8422859610487707,0.0,,,,,,,,4,295488081.8516864,,,,,,,,,,,,,,,,,,,,,,,,,,,,,,,,,,,,,,,,,,,,,,,,
KERBIN-EVE-KERBIN-KERBIN-JOOL,KERBIN EVE KERBIN KERBIN JOOL,89.87213774042331,5.745338468315804,1.8054700926476037,3.377647452894496,0.5622209227737041,0.0,1.2613525371588172,2784.0,"442368081.851686,462240081.851686,495936081.851686,546393681.851686,682905681.851686","230,390,584,1580","left_cw1,left_cw0,right_cw1,left_cw1",442368081.8516864,462240081.8516864,495936081.8516864,546393681.8516865,682905681.8516865,left_cw1,230.0,-13.006566517657259,0.5126261179723081,-4.096025511668226,1.860311133194654,-0.3095254670946326,18.446242071686306,left_cw0,390.0,0.18894949928364146,0.21256853385881408,20.296215220453192,15.377163292479418,-0.550163946992972,0.8475503011397425,right_cw1,584.0,18.185904786974753,0.000705960103942301,-1.330471282615191,13.826174396623223,-0.0004958751354101746,12.020530348047487,left_cw1,1580.0,13.806509560133675,-0.3825521129904637,13.338095518119081,-1.6040905436106367,0.08445525631700322,-4.031376888758648,2.9666413920698194,3.1056819882921087,0.13904059622228937,49.53890915979553,96.1638929505141,46.624983790718574,0.0,5.336479561277815,5.102906703297707,0.23357285798010796,40.228195355657384,41.4895478928162,1.2613525371588172,0.0,5.090327949908922,5.279935418480228,0.18960746857130673,15.060767701307139,41.86291518335255,26.802147482045413,0.0,5,,,,,,,,,,,,,,,,,,,,,,,,,,,,,,,,,,,,,,,,,,,,,,,,,
KERBIN-EVE-KERBIN-KERBIN-JOOL,KERBIN EVE KERBIN KERBIN JOOL,53.33594078762304,5.747697424286628,2.544468602156347,2.885646094861045,0.31758272726923487,0.0,5.812551768582215,2810.0,"212544081.851686,234144081.851686,259200081.851686,322272081.851686,455328081.851686","250,290,730,1540","left_cw0,right_cw0,left_cw0,left_cw0",212544081.8516864,234144081.8516864,259200081.8516864,322272081.85168636,455328081.85168636,left_cw0,250.0,12.781754837324458,-0.4455767295743042,-3.639103467334481,-5.882940808278199,0.12219990831190498,-18.112077273889003,right_cw0,290.0,-4.168757582057266,-0.12840007325888608,-20.786164921402186,11.450733054978505,-0.5194534309379278,-11.522499250644998,left_cw0,730.0,12.607726803414243,-0.3431007225839584,-11.7931721683952,12.60695620373935,-0.3431006469346296,-11.795140988923553,left_cw0,1540.0,15.365625352168498,-0.7578827845207353,-11.417234992507268,-2.715870795036541,0.14066131010822686,2.467220741092232,3.6038662965142714,3.7072795764236397,0.10341327990936833,51.6490529104348,83.72071343885361,32.07166052841881,0.0,6.469652106189534,6.430934782460271,0.038717323729262176,10.680247831392924,30.645193872055476,19.964946040662554,0.0,6.4368088760555775,6.261356752424973,0.17545212363060436,25.569402860042846,31.38195462862506,5.812551768582215,0.0,5,,,,,,,,,,,,,,,,,,,,,,,,,,,,,,,,,,,,,,,,,,,,,,,,,
KERBIN-EVE-DUNA-KERBIN-JOOL,KERBIN EVE DUNA KERBIN JOOL,107.25798817787322,5.7505116875730184,2.2685023308748735,2.8030023895451244,0.6790069671530201,0.0,1.503234779096069,2670.0,"393984081.851686,408672081.851686,457056081.851686,495072081.851686,624672081.851686","170,560,440,1500","right_cw0,left_cw0,right_cw1,left_cw0",393984081.8516864,408672081.8516864,,495072081.8516864,624672081.8516865,right_cw0,170.0,-13.339269630012486,0.4564419019930357,0.12511173685061627,2.0436385720770245,-0.12610522617233538,-18.4904919081654,left_cw0,560.0,-1.7107096636930703,-0.5853369478424082,-21.557567222883147,-10.779146170834247,0.4195518494184176,2.6765332681398384,right_cw1,440.0,-11.193251670184502,-0.0016014686962948438,3.112228305308908,9.759159048533348,0.0029377955961884497,-14.144474229013213,left_cw0,1500.0,12.033256532357642,-0.5855786119573192,-14.933197227905811,-1.274862798272936,0.09421784048316528,3.3260102639348266,3.9597380246047766,3.9894153063324787,0.02967728172770201,75.55345612409917,77.98086539156795,2.4274092674687693,0.0,,,,,,,,5.802327199737543,6.232855364399178,0.43052816466163524,23.41152913542652,33.970087427043104,10.558558291616581,0.0,5,,,,,,,,,,,,,,,,,,,,,,,,,,,,,,,,,,457056081.8516864,5.598470048799562,5.379668528035879,0.21880152076368287,7.319173214192753,8.822407993288822,1.503234779096069,0.0,,,,,,,,
KERBIN-EVE-KERBIN-DUNA-JOOL,KERBIN EVE KERBIN DUNA JOOL,42.591567854081624,5.756321464203424,2.4050572997260544,3.1070552567042395,0.24420890777312998,0.0,1.413345263957923,3480.0,"827712081.851686,835488081.851686,898560081.851686,1005696081.85169,1128384081.85169","90,730,1240,1420","0rev_cw0,left_cw0,right_cw1,left_cw1",827712081.8516864,835488081.8516864,898560081.8516864,,1128384081.8516865,0rev_cw0,90.0,12.40137013472966,-0.4548045357899602,-1.3943411253103664,-3.424509588498541,0.09900348745804217,-18.15023078151439,left_cw0,730.0,-0.992552472233835,-0.03468963856928009,-22.031667104934467,-16.62298926434595,0.5889039072102377,-6.5104626412009186,right_cw1,1240.0,-18.908765229519744,-0.0007937265719907089,-5.871805608323876,2.755269332071821,0.0025137397341128045,-15.383731804011603,left_cw1,1420.0,2.6365702553309953,0.032468149358208784,-15.08901714169928,2.1501419388334253,-0.0004982818886475613,2.5595616165031645,5.108773523671463,5.122146534190517,0.013373010519053707,53.21674432057276,60.79706758977739,7.580323269204634,0.0,8.026046471900058,8.133405614263355,0.10735914236329691,17.392032935852658,21.470187210403065,4.078154274550404,0.0,,,,,,,,5,,,,,,,,,,,,,,,,,,,,,,,,,,1005696081.8516864,9.375005812551134,9.251529057660354,0.12347675489077936,1.8105040248699427,3.2238492888278656,1.413345263957923,0.0,,,,,,,,,,,,,,,,
KERBIN-EVE-KERBIN-KERBIN-JOOL,KERBIN EVE KERBIN KERBIN JOOL,45.57584523235272,5.757628573532785,2.544468602156347,2.947192298412052,0.2659676729643854,0.0,6.7837858113677685,2372.0,"212544081.851686,234144081.851686,259200081.851686,284428881.851686,417484881.851686","250,290,292,1540","left_cw0,right_cw0,0rev_cw1,left_cw1",212544081.8516864,234144081.8516864,259200081.8516864,284428881.85168636,417484881.85168636,left_cw0,250.0,12.781754837324458,-0.4455767295743042,-3.639103467334481,-5.882940808278199,0.12219990831190498,-18.112077273889003,right_cw0,290.0,-4.168757582057266,-0.12840007325888608,-20.786164921402186,11.450733054978505,-0.5194534309379278,-11.522499250644998,0rev_cw1,292.0,12.246011160373293,0.0007287015600369122,-11.900036355619097,-14.251067250050134,0.00019932832895537073,-10.272165996579773,left_cw1,1540.0,-16.843923406740892,0.05663018445208202,-10.004310024289854,1.5084121112419064,-0.006869332224451204,3.178429336183852,3.6038662965142714,3.7072795764236397,0.10341327990936833,51.6490529104348,83.72071343885361,32.07166052841881,0.0,6.469652106189534,6.593650831656352,0.12399872546681845,8.912943973100383,30.06992848888983,21.15698451578945,0.0,6.5905383194158205,6.629093987004019,0.03855566758819862,22.747249388715115,29.531035200082886,6.7837858113677685,0.0,5,,,,,,,,,,,,,,,,,,,,,,,,,,,,,,,,,,,,,,,,,,,,,,,,,
KERBIN-EVE-KERBIN-KERBIN-JOOL,KERBIN EVE KERBIN KERBIN JOOL,61.51950387643996,5.7638888294344355,2.087002130975573,3.303681384148907,0.3732053143099554,0.0,2.756265679151369,1484.0,"214272081.851686,230688081.851686,245376081.851686,295833681.851686,342489681.851686","190,170,584,540","right_cw1,0rev_cw1,right_cw1,0rev_cw0",214272081.8516864,230688081.8516864,245376081.8516864,295833681.85168636,342489681.85168636,right_cw1,190.0,10.600632499468189,-0.4426805476127789,8.303831611954067,-14.692458710051586,0.2146474731114702,11.945462697589875,0rev_cw1,170.0,-12.937897439367761,0.2212525852182035,15.630427019592284,11.574131222517828,-0.5022332817895052,9.991365475080167,right_cw1,584.0,15.02038948956768,-0.00011318050229264022,10.349442049796346,3.1003405254509704,-0.0005550995920781865,18.21364173210554,0rev_cw0,540.0,1.6021824406029364,1.7416086134599014,19.139247089403593,0.7933672146507394,-0.3734986719391969,-4.067808267206842,2.7798401635556815,3.0186709653028045,0.238830801747123,89.37730119936596,99.15320592393937,9.77590472457341,0.0,5.028621423818963,5.108745016522832,0.0801235927038686,40.39739209784619,43.15365777699756,2.756265679151369,0.0,5.070736405953201,5.124987325812165,0.0542509198589638,28.11630265229482,42.82541942771675,14.709116775421936,0.0,5,,,,,,,,,,,,,,,,,,,,,,,,,,,,,,,,,,,,,,,,,,,,,,,,,
KERBIN-EVE-KERBIN-DUNA-JOOL,KERBIN EVE KERBIN DUNA JOOL,117.58213168414727,5.7882386054868755,2.054145893728294,2.9865892334126376,0.7475034783459433,0.0,3.2993466710203885,3520.0,"292032081.851686,311904081.851686,362880081.851686,546048081.851686,596160081.851686","230,590,2120,580","left_cw1,left_cw1,left_cw1,0rev_cw0",292032081.8516864,311904081.8516864,362880081.8516864,,596160081.8516865,left_cw1,230.0,12.907197008038146,-0.4610123424872538,0.6790770017659623,-3.740404890642413,0.21446614686782448,-18.401803763810918,left_cw1,590.0,-0.5182090682684701,0.08790639916838985,-21.58641863873889,-15.083692479312798,0.5625415149046463,-8.413781402097957,left_cw1,2120.0,-17.80461430913546,8.856471395165167e-05,-8.409922699468977,-14.488556680199832,-0.00036687684534328287,1.1562623655828759,0rev_cw0,580.0,-14.328029554734439,0.017832177095665563,1.3976075535183439,1.5106242719093261,0.0015450275757144575,3.1367040844517824,3.926796513026883,3.9047065684413726,0.0220899445855105,70.71864211263345,79.0063752176213,8.287733104987858,0.0,7.105700567394484,7.544518749289688,0.43881818189520416,21.597074578125387,25.163522927500463,3.5664483493750785,0.0,,,,,,,,5,,,,,,,,,,,,,,,,,,,,,,,,,,546048081.8516865,8.934502356413697,8.647907004548468,0.28659535186522866,0.30648131814506896,3.6058279891654577,3.2993466710203885,0.0,,,,,,,,,,,,,,,,
KERBIN-EVE-KERBIN-KERBIN-JOOL,KERBIN EVE KERBIN KERBIN JOOL,23.236153953536014,5.789382599359802,2.3551317977403485,3.318762148701377,0.11548865291807608,0.0,7.476947865558426,2838.0,"594432081.851686,614304081.851686,665280081.851686,703123281.851686,839635281.851686","230,590,438,1580","left_cw1,left_cw1,right_cw1,left_cw1",594432081.8516864,614304081.8516864,665280081.8516864,703123281.8516864,839635281.8516864,left_cw1,230.0,5.6739426925392396,-0.26024551810702595,11.744088290234814,15.864206191858882,0.06795345600806409,-9.570433475643245,left_cw1,590.0,19.93967020580113,0.021903041940679387,-7.897519137078521,1.5790379301975666,0.3130178871234539,-17.038851355118965,right_cw1,438.0,1.1713580310810698,0.002050326500147384,-17.728217199625778,17.290014658466216,0.0002726815258163261,2.48684626823466,left_cw1,1580.0,18.68352905336932,-0.5834917721442592,4.183757396449303,-3.759480854409765,0.1274483864281194,-1.4294193169076532,4.039247152680776,4.058286504581382,0.019039351900605794,65.9229981958193,76.70830242587428,10.785304230054974,0.0,7.313315392755927,7.248122016358274,0.06519337639765244,6.745524994976193,25.407613878556234,18.662088883580044,0.0,7.258245636131089,7.289501560750907,0.031255924619817854,17.968596879123684,25.44554474468211,7.476947865558426,0.0,5,,,,,,,,,,,,,,,,,,,,,,,,,,,,,,,,,,,,,,,,,,,,,,,,,
KERBIN-EVE-KERBIN-JOOL,KERBIN EVE KERBIN JOOL,64.74683616986914,5.793317365083084,2.3469062354789982,3.052697978670143,0.39371315093394266,0.0,2.5986016381452632,2500.0,"749952081.851686,768096081.851686,836352081.851686,965952081.851686","210,790,1500","left_cw1,left_cw1,left_cw1",749952081.8516864,768096081.8516864,836352081.8516864,,,left_cw1,210.0,11.542524660344592,-0.4493656416090705,4.476910769110485,2.0028352372384584,0.1745870399718091,-18.24033317577031,left_cw1,790.0,5.846682886378122,0.0032569504971566576,-21.390770424130924,-13.369006645134446,0.590022873104094,-12.099827466976448,left_cw1,1500.0,-14.972364551057762,0.1925115208063447,-12.588787425333631,0.45310686113542675,-0.014416795173178794,3.266575419255661,,,,,,,,,5.190044757854669,5.158617654731176,0.03142710312349273,57.439854031666314,60.038455669811576,2.5986016381452632,0.0,8.28553518403862,8.64782123184907,0.36228604781044993,11.418977958022928,19.866571381167958,8.44759342314503,0.0,,,,,,,,4,965952081.8516864,,,,,,,,,,,,,,,,,,,,,,,,,,,,,,,,,,,,,,,,,,,,,,,,
KERBIN-EVE-KERBIN-KERBIN-JOOL,KERBIN EVE KERBIN KERBIN JOOL,102.93468326353188,5.802938997314278,2.456048136380635,2.696280789994995,0.6506100709386495,0.0,1.9841669958847554,1684.0,"815616081.851686,835488081.851686,867456081.851686,917913681.851686,961113681.851686","230,370,584,500","left_cw1,left_cw1,right_cw1,0rev_cw0",815616081.8516864,835488081.8516864,867456081.8516864,917913681.8516864,961113681.8516864,left_cw1,230.0,3.411212217707149,-1.7119793288083331,13.138435052169363,2.0040733535181134,2.2925317113754335,-18.8654616802567,left_cw1,370.0,2.4137180130529035,-0.020195640166221294,-20.193455048620567,-14.372869890215078,0.5387554733897065,-6.27567515065694,right_cw1,584.0,-17.83736684967271,-0.00012487218066476705,-5.634424844730747,-7.761640828669597,0.0018930403134009748,-16.806385730834855,0rev_cw0,500.0,-5.186867447835289,-0.590920902330183,-18.727317721544303,1.4495689239882943,0.10839350728233638,3.3377188035224314,2.5229480137333744,2.6538645922545845,0.13091657852121008,62.765716078885795,106.26642344914949,43.50070737026369,0.0,5.066195194579909,5.070394550286882,0.004199355706973051,41.17388144011583,43.158048436000584,1.9841669958847554,0.0,5.08666284642335,4.571168709712883,0.5154941367104664,39.08123547020594,45.97837616302532,6.897140692819379,0.0,5,,,,,,,,,,,,,,,,,,,,,,,,,,,,,,,,,,,,,,,,,,,,,,,,,
KERBIN-EVE-KERBIN-KERBIN-JOOL,KERBIN EVE KERBIN KERBIN JOOL,75.84419169916102,5.806643397079625,2.2979872351181245,3.039811598943631,0.4688445630178699,0.0,2.540931192887454,1684.0,"539136081.851686,559008081.851686,590976081.851686,641433681.851686,684633681.851686","230,370,584,500","left_cw1,left_cw0,right_cw1,0rev_cw1",539136081.8516864,559008081.8516864,590976081.8516864,641433681.8516864,684633681.8516864,left_cw1,230.0,-5.209334523707576,1.7973694212875926,-12.716489344674216,0.9048849503166505,-2.3534599759334913,18.669512492930192,left_cw0,370.0,0.6357171255312485,0.0638327123301218,20.090345276898198,14.846769406150955,-0.5011133850854155,2.9557659454603646,right_cw1,584.0,18.140708019899183,0.0005154146819113324,1.743832484116746,11.605468977588504,-0.0008733856849779528,14.21916415493982,0rev_cw1,500.0,11.111628856091452,-0.11952494391538111,15.605168441227415,-2.1320161986324213,0.025229047451146243,-3.4018797674187597,2.5005379835421913,2.719902820565498,0.21936483702330678,65.1514159104169,105.75250045379504,40.60108454337814,0.0,4.864320393821062,5.103598035419605,0.2392776415985427,41.584523011872434,44.12545420475989,2.540931192887454,0.0,5.080608047359683,5.070405962963663,0.010202084396020439,16.722478002175578,43.076602767945964,26.354124765770383,0.0,5,,,,,,,,,,,,,,,,,,,,,,,,,,,,,,,,,,,,,,,,,,,,,,,,,
KERBIN-EVE-KERBIN-DUNA-JOOL,KERBIN EVE KERBIN DUNA JOOL,108.71667751529418,5.808266043125033,2.2538509989076494,2.866591011535319,0.687824032682065,0.0,1.1819537880537554,3260.0,"672192081.851686,690336081.851686,741312081.851686,827712081.851686,953856081.851686","210,590,1000,1460","left_cw1,left_cw1,right_cw1,left_cw0",672192081.8516864,690336081.8516864,741312081.8516864,,953856081.8516864,left_cw1,210.0,8.149137063153297,-0.5445709767039416,10.018596317390065,0.5602590242074381,0.5449861466425309,-18.663701022340348,left_cw1,590.0,3.254976015897563,-0.04833224124789136,-21.336526293683097,-14.999674881050113,0.5851201723999252,-8.593776715207463,right_cw1,1000.0,-17.931898360410315,-1.2904502785142944e-05,-7.743898163709446,3.4700438809241865,0.0018905257418556556,-14.890610921350355,left_cw0,1460.0,3.83250670518437,-0.010560193363891425,-14.882671590248583,1.9274785063264355,0.00028016403837606617,2.9443278470260426,4.2772823297303715,4.395512919978449,0.11823059024807758,52.56202599624562,71.98893035683749,19.426904360591855,0.0,7.302122154673684,6.982390215547028,0.31973193912665643,25.00843845739269,26.190392245446446,1.1819537880537554,0.0,,,,,,,,5,,,,,,,,,,,,,,,,,,,,,,,,,,827712081.8516864,8.567140047782292,8.317278544474961,0.24986150330733103,1.7851708995090856,3.8998707595118702,2.114699860002785,0.0,,,,,,,,,,,,,,,,
KERBIN-EVE-KERBIN-DUNA-JOOL,KERBIN EVE KERBIN DUNA JOOL,89.10740936902249,5.808387915499238,2.054145893728294,3.198197880148466,0.5560441416224782,0.0,1.9446544167756155,3560.0,"292032081.851686,311904081.851686,362880081.851686,546048081.851686,599616081.851686","230,590,2120,620","left_cw1,left_cw1,left_cw1,0rev_cw0",292032081.8516864,311904081.8516864,362880081.8516864,,599616081.8516865,left_cw1,230.0,12.907197008038146,-0.4610123424872538,0.6790770017659623,-3.740404890642413,0.21446614686782448,-18.401803763810918,left_cw1,590.0,-0.5182090682684701,0.08790639916838985,-21.58641863873889,-15.083692479312798,0.5625415149046463,-8.413781402097957,left_cw1,2120.0,-17.80461430913546,8.856471395165167e-05,-8.409922699468977,-14.488556680199832,-0.00036687684534328287,1.1562623655828759,0rev_cw0,620.0,-14.376331152621457,0.0465477465670363,0.9313413745880563,0.6739024556787464,0.007707787164466529,3.432158967833587,3.926796513026883,3.9047065684413726,0.0220899445855105,70.71864211263345,79.0063752176213,8.287733104987858,0.0,7.105700567394484,7.544518749289688,0.43881818189520416,21.597074578125387,25.163522927500463,3.5664483493750785,0.0,,,,,,,,5,,,,,,,,,,,,,,,,,,,,,,,,,,546048081.8516865,8.934502356413697,9.02963837155546,0.09513601514176351,1.5140867102758306,3.458741127051446,1.9446544167756155,0.0,,,,,,,,,,,,,,,,
KERBIN-EVE-KERBIN-KERBIN-JOOL,KERBIN EVE KERBIN KERBIN JOOL,84.12103169002313,5.80943859023837,1.8054700926476037,3.4808125538365053,0.523155943754261,0.0,1.2613525371588172,2824.0,"442368081.851686,462240081.851686,495936081.851686,546393681.851686,686361681.851686","230,390,584,1620","left_cw1,left_cw0,right_cw1,left_cw1",442368081.8516864,462240081.8516864,495936081.8516864,546393681.8516865,686361681.8516865,left_cw1,230.0,-13.006566517657259,0.5126261179723081,-4.096025511668226,1.860311133194654,-0.3095254670946326,18.446242071686306,left_cw0,390.0,0.18894949928364146,0.21256853385881408,20.296215220453192,15.377163292479418,-0.550163946992972,0.8475503011397425,right_cw1,584.0,18.185904786974753,0.000705960103942301,-1.330471282615191,13.826174396623223,-0.0004958751354101746,12.020530348047487,left_cw1,1620.0,13.248086180711669,-0.08530332723738966,13.923690226537481,-0.9350325058043552,0.01820939732828445,-4.359063865135732,2.9666413920698194,3.1056819882921087,0.13904059622228937,49.53890915979553,96.1638929505141,46.624983790718574,0.0,5.336479561277815,5.102906703297707,0.23357285798010796,40.228195355657384,41.4895478928162,1.2613525371588172,0.0,5.090327949908922,4.939785460357058,0.15054248955186367,22.83293700082039,43.765494168406974,20.932557167586584,0.0,5,,,,,,,,,,,,,,,,,,,,,,,,,,,,,,,,,,,,,,,,,,,,,,,,,
KERBIN-EVE-DUNA-KERBIN-JOOL,KERBIN EVE DUNA KERBIN JOOL,117.5608540862628,5.809498464396867,2.2633190575232205,2.797479603332331,0.7486998035413155,0.0,1.6762823257807589,1670.0,"91584081.8516864,106272081.851686,154656081.851686,192672081.851686,235872081.851686","170,560,440,500","right_cw1,left_cw1,right_cw1,0rev_cw0",91584081.8516864,106272081.8516864,,192672081.85168642,235872081.85168642,right_cw1,170.0,-5.665807407932567,-0.0211145187898365,11.963550391832612,-16.868924656062788,0.0033938133267518347,-7.948441902319066,left_cw1,560.0,-20.747002335228753,-0.0015968065592572986,-5.959198084102719,-2.4635887139496626,-0.018006909993449352,11.0054209850149,right_cw1,440.0,-2.567449389832465,-0.07362366607410871,11.566064191363903,-8.65302354521986,0.1087764921446416,-15.172481202042215,0rev_cw0,500.0,-6.897152121047309,-0.013411047695321381,-18.146791849635488,2.0643400454903453,0.0022856734976639714,2.9369346538824397,4.064363716904172,4.085375720684659,0.021012003780486843,64.66057098413259,76.26603907826542,11.605468094132839,0.0,,,,,,,,6.059097894905339,5.453678060009769,0.6054198348955699,34.430642531351886,36.21581948980749,1.7851769584556048,0.0,5,,,,,,,,,,,,,,,,,,,,,,,,,,,,,,,,,,154656081.85168642,6.282221858629963,6.404489823495222,0.1222679648652587,5.0572144785943305,6.73349680437509,1.6762823257807589,0.0,,,,,,,,
KERBIN-DUNA-KERBIN-KERBIN-JOOL,KERBIN DUNA KERBIN KERBIN JOOL,57.49719621367118,5.809995030660879,2.7290706880408586,2.7346872753893474,0.3462370672306734,0.0,12.5620970983979,2176.0,"945216081.851686,983232081.851686,1014336081.85169,1090022481.85169,1133222481.85169","440,360,876,500","left_cw1,left_cw1,left_cw1,0rev_cw1",945216081.8516864,,1014336081.8516864,1090022481.8516865,1133222481.8516865,left_cw1,440.0,-16.346543747341396,-0.01803624127931305,3.467613512753501,5.57989843154745,0.0009612897902027274,9.04295462065102,left_cw1,360.0,5.459704619135118,-0.005454027526215884,8.290057545823629,3.2545166525001177,0.017666114000334812,-15.536223271910298,left_cw1,876.0,5.39629931021476,0.003294842701853409,-17.076956051513832,-9.482608892475044,0.002160684065352283,-15.535526727741031,0rev_cw1,500.0,-12.348625441052956,0.1866465424576244,-15.148060857086074,2.2167870717936227,-0.034789568902451384,2.89760776826344,,,,,,,,4.766691069327449,4.547554632500971,0.21913643682647876,32.803094153889106,48.14996960408757,15.346875450198466,0.0,4.517454327069561,4.530917116988149,0.013462789918587958,37.358742510961136,49.92083960935904,12.5620970983979,0.0,5,,983232081.8516864,2.696161987155382,2.8097998276409886,0.11363784048560666,15.74406780859104,28.816054264049068,13.071986455458028,0.0,,,,,,,,,,,,,,,,,,,,,,,,,,,,,,,,,,,,,,,,
KERBIN-DUNA-KERBIN-JOOL,KERBIN DUNA KERBIN JOOL,61.1353567356664,5.817151107801297,2.6848182741106053,2.762983479310744,0.3693493543799473,0.0,1.485050763361663,2300.0,"393984081.851686,421632081.851686,459648081.851686,592704081.851686","320,440,1540","0rev_cw1,right_cw0,left_cw1",393984081.8516864,,459648081.8516864,,,0rev_cw1,320.0,-17.854296377613398,-0.016966158272543882,1.0118820136388544,-1.4062346304262183,-0.003091471634862347,12.065619817337904,right_cw0,440.0,-1.701303412029728,0.026410343604282127,11.746062758783594,-12.954932283239364,-0.052445310286561964,-11.887364819570129,left_cw1,1540.0,-11.907921469136612,0.15934499476849695,-15.463137728525377,2.11370130406611,-0.030040331100908018,3.0020578276953187,,,,,,,,,,,,,,,,4.3392940477118795,4.46600296368561,0.12670891597373046,50.12749784753331,51.612548610894976,1.485050763361663,0.0,,,,,,,,4,592704081.8516865,421632081.8516864,5.360615881488391,5.603256319894608,0.24264043840621685,3.7870850566650525,8.843653488349746,5.056568431684694,0.0,,,,,,,,,,,,,,,,,,,,,,,,,,,,,,,,,,,,,,,,
KERBIN-DUNA-KERBIN-KERBIN-JOOL,KERBIN DUNA KERBIN KERBIN JOOL,108.22642018382331,5.821802766845197,2.278507382850836,2.8571135831193373,0.6861818008750231,0.0,5.3485285584490185,1976.0,"412992081.851686,444096081.851686,461376081.851686,537062481.851686,583718481.851686","360,200,876,540","right_cw1,0rev_cw1,left_cw1,0rev_cw0",412992081.8516864,,461376081.8516864,537062481.8516865,583718481.8516865,right_cw1,360.0,-6.934901557740804,0.008876232614154766,-15.550284587995861,10.186265712351998,0.0019401688613101921,-6.387458759211685,0rev_cw1,200.0,9.62115983047844,0.003883576771578131,-5.577785786525455,-2.6441218352419593,0.00891335457013637,-16.06991635549136,left_cw1,876.0,-2.1566491806696106,0.001502316071179208,-17.879564953995644,-15.21366979130154,0.0004981095898978249,-10.102156643400821,0rev_cw0,540.0,-17.699816157752416,-0.8174383100623044,-8.34939012589558,2.832331998498727,0.14770641273709145,2.3972342233026342,,,,,,,,4.072796017375381,4.543227605266412,0.47043158789103057,24.346922150367078,52.97995314077022,28.633030990403146,0.0,4.511659079574155,4.51277538056789,0.001116300993734498,40.857937258006345,50.084296101721804,9.22635884371546,0.0,5,,444096081.8516864,3.3123129204634822,3.097679008473224,0.21463391199025805,17.304684677778642,22.65321323622766,5.3485285584490185,0.0,,,,,,,,,,,,,,,,,,,,,,,,,,,,,,,,,,,,,,,,
KERBIN-EVE-KERBIN-KERBIN-JOOL,KERBIN EVE KERBIN KERBIN JOOL,77.27354108264983,5.824253960701648,2.226713091668652,3.1192602310997066,0.4782806379332891,0.0,5.592926279722282,2172.0,"141696081.851686,161568081.851686,188352081.851686,213580881.851686,329356881.851686","230,310,292,1340","left_cw0,right_cw0,0rev_cw1,left_cw1",141696081.8516864,161568081.8516864,188352081.8516864,213580881.8516864,329356881.85168636,left_cw0,230.0,-13.263064494379634,0.46656984807890534,2.3469493776444983,4.716348978606595,-0.10818236329571583,17.77891778248781,right_cw0,310.0,2.0875287795360413,0.19682318079561573,21.044385930311837,-12.399794495431566,0.5702610375199438,11.657817500119034,0rev_cw1,292.0,-13.07347720460183,-0.0005148871654168559,11.721391130316341,13.391096795855773,-0.00011125173188183335,10.581737330788526,left_cw1,1340.0,16.138610902073836,-0.036395337235351016,10.025068793635842,-2.3198590145907656,0.006155027825544761,-3.077009602239671,3.7273338252629236,3.822857329016025,0.09552350375310148,67.64249393640787,81.51847780603883,13.875983869630959,0.0,6.714730152421274,6.593231576734556,0.12149857568671774,7.556360073390614,29.232373994844963,21.67601392145435,0.0,6.597893432427476,6.336634873934006,0.2612585584934699,24.93104080653823,30.523967086260512,5.592926279722282,0.0,5,,,,,,,,,,,,,,,,,,,,,,,,,,,,,,,,,,,,,,,,,,,,,,,,,
KERBIN-EVE-KERBIN-KERBIN-JOOL,KERBIN EVE KERBIN KERBIN JOOL,56.880628602474346,5.827303427358495,2.6411302606111846,2.8449120289220775,0.3412611378252324,0.0,1.2555698560145532,1684.0,"694656081.851686,712800081.851686,746496081.851686,796953681.851686,840153681.851686","210,390,584,500","left_cw1,left_cw0,right_cw1,0rev_cw1",694656081.8516864,712800081.8516864,746496081.8516864,796953681.8516864,840153681.8516864,left_cw1,210.0,-12.201795605053746,0.6514721706723394,-6.6679882413873885,16.10935048769252,-0.8719332414267601,9.514911499800974,left_cw0,390.0,15.626933592310921,0.02262784359995064,12.881319097222022,12.57206021330714,-0.2196917745789222,-9.025879354692657,right_cw1,584.0,13.37873891125424,0.002182195645094731,-12.527200802801596,18.2193982728888,0.0007273687322612623,0.6645984012625861,0rev_cw1,500.0,18.935077888816128,-1.176183574553209,2.15054912368711,-3.8452237034404955,0.23569457228688107,-0.2375498321890476,2.927357632328677,2.9104411174835585,0.01691651484511869,74.0782764204504,98.71889902756845,24.640622607118054,0.0,5.345079518548105,5.084868928910315,0.26021058963779,40.28469892113696,41.54026877715151,1.2555698560145532,0.0,5.105665186662867,5.16979922000519,0.0641340333423237,22.73371983450301,42.382144176749414,19.648424342246404,0.0,5,,,,,,,,,,,,,,,,,,,,,,,,,,,,,,,,,,,,,,,,,,,,,,,,,
KERBIN-EVE-KERBIN-KERBIN-JOOL,KERBIN EVE KERBIN KERBIN JOOL,87.94592472274262,5.828557121797805,2.2685023308748735,3.010820436999322,0.5492343539236098,0.0,4.805037860927407,2758.0,"393984081.851686,408672081.851686,457920081.851686,495763281.851686,632275281.851686","170,570,438,1580","right_cw0,left_cw1,right_cw1,left_cw0",393984081.8516864,408672081.8516864,457920081.8516864,495763281.8516864,632275281.8516865,right_cw0,170.0,-13.339269630012486,0.4564419019930357,0.12511173685061627,2.0436385720770245,-0.12610522617233538,-18.4904919081654,left_cw1,570.0,-0.6651452927994725,0.23431510443665868,-21.491348919325507,-13.261118714506084,0.5767228707066391,-10.860869489083264,right_cw1,438.0,-14.009418840087793,0.0006197027546858682,-11.18794379466836,12.311976402087684,0.0010724160561997925,-12.36269709762647,left_cw0,1580.0,14.893321617676598,-0.6351061769664079,-12.05023210442034,-2.800657154587019,0.12120097655934102,2.4115655098539586,3.9597380246047766,4.004694195325785,0.04495617072100799,61.27071103002561,77.84875997625376,16.57804894622815,0.0,7.083251459459235,7.269288165506447,0.18603670604721234,7.846698138339414,25.995040070002783,18.148341931663367,0.0,7.27698892510083,6.9587474479454405,0.3182414771553894,21.5266751368139,26.331712997741306,4.805037860927407,0.0,5,,,,,,,,,,,,,,,,,,,,,,,,,,,,,,,,,,,,,,,,,,,,,,,,,
KERBIN-EVE-DUNA-KERBIN-JOOL,KERBIN EVE DUNA KERBIN JOOL,46.83424472773659,5.832669350590203,2.2685023308748735,3.2912031761299576,0.27296384358537207,0.0,1.503234779096069,2630.0,"393984081.851686,408672081.851686,457056081.851686,495072081.851686,621216081.851686","170,560,440,1460","right_cw0,left_cw0,right_cw1,right_cw0",393984081.8516864,408672081.8516864,,495072081.8516864,621216081.8516865,right_cw0,170.0,-13.339269630012486,0.4564419019930357,0.12511173685061627,2.0436385720770245,-0.12610522617233538,-18.4904919081654,left_cw0,560.0,-1.7107096636930703,-0.5853369478424082,-21.557567222883147,-10.779146170834247,0.4195518494184176,2.6765332681398384,right_cw1,440.0,-11.193251670184502,-0.0016014686962948438,3.112228305308908,9.759159048533348,0.0029377955961884497,-14.144474229013213,right_cw0,1460.0,12.794992515695776,-0.4786090451289507,-14.410123477443458,0.9537900322598635,0.037736494287026204,3.8787294556098284,3.9597380246047766,3.9894153063324787,0.02967728172770201,75.55345612409917,77.98086539156795,2.4274092674687693,0.0,,,,,,,,5.802327199737543,5.777842158643556,0.024485041093987192,30.90235246702871,35.915145708490385,5.012793241461676,0.0,5,,,,,,,,,,,,,,,,,,,,,,,,,,,,,,,,,,457056081.8516864,5.598470048799562,5.379668528035879,0.21880152076368287,7.319173214192753,8.822407993288822,1.503234779096069,0.0,,,,,,,,
KERBIN-EVE-KERBIN-KERBIN-JOOL,KERBIN EVE KERBIN KERBIN JOOL,110.55880488350326,5.842709706113108,2.20643445189929,2.9352073238337963,0.7010679303800211,0.0,8.33544292708501,3095.0,"896832081.851686,914976081.851686,933120081.851686,1027728081.85169,1164240081.85169","210,210,1095,1580","left_cw1,0rev_cw1,left_cw1,left_cw1",896832081.8516864,914976081.8516864,933120081.8516864,1027728081.8516864,1164240081.8516865,left_cw1,210.0,-10.589536950594262,-0.39439446850408094,8.610997221872331,17.37983621212715,0.49446575621393907,-6.869413206891766,0rev_cw1,210.0,19.96770621771235,-0.04550616218498062,-5.7486452215703165,-0.6243464122732396,0.25554846029543826,-16.299989419276766,left_cw1,1095.0,-1.9775391989215203,0.4308189197797976,-18.423916435841516,-1.9801944360016055,0.4308186003862675,-18.422739033813397,left_cw1,1580.0,-2.580690541667603,0.5191683493617817,-19.29449122958311,-1.9970471739918585,-0.053906329231622384,2.997067962473496,3.294644599745902,3.5157506813328436,0.22110608158694145,49.743118416221556,88.53975125118484,38.79663283496328,0.0,6.310533103476095,6.472900804937497,0.16236770146140245,22.733252047216737,31.06869497430175,8.33544292708501,0.0,6.475730532707989,6.7933246800396665,0.31759414733167723,8.764937153227324,29.363413854663627,20.5984767014363,0.0,5,,,,,,,,,,,,,,,,,,,,,,,,,,,,,,,,,,,,,,,,,,,,,,,,,
KERBIN-EVE-KERBIN-KERBIN-JOOL,KERBIN EVE KERBIN KERBIN JOOL,44.47058671675289,5.843955131448406,2.4185855605445012,3.1671283358135587,0.25824123509034624,0.0,7.569044471339179,2192.0,"143424081.851686,161568081.851686,188352081.851686,213580881.851686,332812881.851686","210,310,292,1380","left_cw1,right_cw0,0rev_cw1,left_cw1",143424081.8516864,161568081.8516864,188352081.8516864,213580881.8516864,332812881.85168636,left_cw1,210.0,-10.093753807837174,0.6039853683291081,-8.93995629111479,4.661122570515559,-0.640560550279023,17.844169043419846,right_cw0,310.0,2.0875287795360413,0.19682318079561573,21.044385930311837,-12.399794495431566,0.5702610375199438,11.657817500119034,0rev_cw1,292.0,-13.07347720460183,-0.0005148871654168559,11.721391130316341,13.391096795855773,-0.00011125173188183335,10.581737330788526,left_cw1,1380.0,15.900839691465121,-0.10554436361953803,10.39091932300714,-1.3110845396190283,0.013137377025545056,-3.636098889484679,3.7048009047111314,3.822857329016025,0.1180564243048936,67.6444915158055,81.72339595632324,14.078904440517746,0.0,6.714730152421274,6.593231576734556,0.12149857568671774,7.556360073390614,29.232373994844963,21.67601392145435,0.0,6.597893432427476,6.616579667526211,0.018686235098734905,21.979563916201567,29.548608387540746,7.569044471339179,0.0,5,,,,,,,,,,,,,,,,,,,,,,,,,,,,,,,,,,,,,,,,,,,,,,,,,
KERBIN-DUNA-KERBIN-JOOL,KERBIN DUNA KERBIN JOOL,82.96249165255851,5.851894653232719,2.573634906405838,2.762983479310744,0.5152762675161373,0.0,1.485050763361663,2660.0,"362880081.851686,421632081.851686,459648081.851686,592704081.851686","680,440,1540","left_cw0,right_cw0,left_cw1",362880081.8516864,,459648081.8516864,,,left_cw0,680.0,-17.767557151217616,-0.01775101938137643,-1.3860612827507208,-1.2714772432190977,-0.0008825152800646303,11.991821220553383,right_cw0,440.0,-1.701303412029728,0.026410343604282127,11.746062758783594,-12.954932283239364,-0.052445310286561964,-11.887364819570129,left_cw1,1540.0,-11.907921469136612,0.15934499476849695,-15.463137728525377,2.11370130406611,-0.030040331100908018,3.0020578276953187,,,,,,,,,,,,,,,,4.3392940477118795,4.46600296368561,0.12670891597373046,50.12749784753331,51.612548610894976,1.485050763361663,0.0,,,,,,,,4,592704081.8516865,421632081.8516864,5.214688968352201,5.603256319894608,0.38856735154240685,3.2658674100158867,9.065327382942312,5.7994599729264245,0.0,,,,,,,,,,,,,,,,,,,,,,,,,,,,,,,,,,,,,,,,
KERBIN-DUNA-KERBIN-KERBIN-JOOL,KERBIN DUNA KERBIN KERBIN JOOL,96.83856870581951,5.8558558933323885,2.510808353947303,2.7353127432919644,0.6097347960931208,0.0,3.1421836985512437,1425.0,"682560081.851686,713664081.851686,730944081.851686,762480081.851686,805680081.851686","360,200,365,500","right_cw1,0rev_cw1,right_cw1,0rev_cw0",682560081.8516864,,730944081.8516864,762480081.8516864,805680081.8516864,right_cw1,360.0,2.6341237230847208,0.015999878463278116,-16.643813626114234,11.677616223037466,0.0028532956245422335,0.265809627556556,0rev_cw1,200.0,10.80349720129087,0.006218831672891056,0.50550278663935,6.391359749695717,0.015885232607294356,-14.842768916691254,right_cw1,365.0,7.035445873928815,0.21502044069492995,-15.850584713552806,7.0375611684981285,0.21502030825694815,-15.848815198248102,0rev_cw0,500.0,10.229127674319374,-1.1432952560862573,-16.257441383298175,-1.3236912717988727,0.20789015416552012,3.405647689934762,,,,,,,,4.446067753287088,4.929221900669491,0.48315414738240303,13.643130032567166,47.75471307354247,34.111583040975304,0.0,4.935911375464324,5.0129789079701155,0.0770675325057919,41.094163871175,44.23634756972624,3.1421836985512437,0.0,5,,713664081.8516864,2.9573911658845216,2.9078780496795957,0.04951311620492582,17.753603821028644,26.117562017227144,8.363958196198501,0.0,,,,,,,,,,,,,,,,,,,,,,,,,,,,,,,,,,,,,,,,
KERBIN-EVE-KERBIN-JOOL,KERBIN EVE KERBIN JOOL,56.82717573831422,5.858591063848668,2.237969511479715,3.279925848692767,0.34069570367618596,0.0,4.5381529148213104,2160.0,"720576081.851686,735264081.851686,784512081.851686,907200081.851686","170,570,1420","right_cw1,left_cw1,left_cw1",720576081.8516864,735264081.8516864,784512081.8516864,,,right_cw1,170.0,3.330014568962603,-0.3261238526860631,12.526103940146966,-17.93946628706324,0.05121199389211955,4.569231695399866,left_cw1,570.0,-19.901561056906694,-0.20887870164163003,7.78584653050353,-6.760394475094678,-0.432068135963853,15.467585753142313,left_cw1,1420.0,-6.261230552525579,-0.5101575113242774,18.18891651976056,3.3297278118812645,0.04581101706325719,-1.684614678656639,,,,,,,,,4.33100555978503,4.398734712275899,0.06772915249086875,51.262463540743475,71.5398623277075,20.277398786964024,0.0,6.7895660033354455,7.062532554520763,0.2729665511853172,22.942693774526155,27.480846689347466,4.5381529148213104,0.0,,,,,,,,4,907200081.8516864,,,,,,,,,,,,,,,,,,,,,,,,,,,,,,,,,,,,,,,,,,,,,,,,
KERBIN-EVE-KERBIN-KERBIN-JOOL,KERBIN EVE KERBIN KERBIN JOOL,51.87738936504989,5.866272096208922,2.6411302606111846,2.9177577689661236,0.3073840666316139,0.0,1.2555698560145532,1724.0,"694656081.851686,712800081.851686,746496081.851686,796953681.851686,843609681.851686","210,390,584,540","left_cw1,left_cw0,right_cw1,0rev_cw1",694656081.8516864,712800081.8516864,746496081.8516864,796953681.8516864,843609681.8516864,left_cw1,210.0,-12.201795605053746,0.6514721706723394,-6.6679882413873885,16.10935048769252,-0.8719332414267601,9.514911499800974,left_cw0,390.0,15.626933592310921,0.02262784359995064,12.881319097222022,12.57206021330714,-0.2196917745789222,-9.025879354692657,right_cw1,584.0,13.37873891125424,0.002182195645094731,-12.527200802801596,18.2193982728888,0.0007273687322612623,0.6645984012625861,0rev_cw1,540.0,18.83896997908673,-1.7923857794079798,2.606126653068158,-3.777183841119318,0.3752403378995169,-1.182052603614421,2.927357632328677,2.9104411174835585,0.01691651484511869,74.0782764204504,98.71889902756845,24.640622607118054,0.0,5.345079518548105,5.084868928910315,0.26021058963779,40.28469892113696,41.54026877715151,1.2555698560145532,0.0,5.105665186662867,5.135922148811572,0.030256962148705213,30.737959736069485,42.569731407839484,11.83177167177,0.0,5,,,,,,,,,,,,,,,,,,,,,,,,,,,,,,,,,,,,,,,,,,,,,,,,,
KERBIN-DUNA-KERBIN-KERBIN-JOOL,KERBIN DUNA KERBIN KERBIN JOOL,100.84959300723202,5.8671077027744385,2.321323541981472,2.909897371962211,0.6358867888307551,0.0,9.067356056321621,3044.0,"385344081.851686,433728081.851686,461376081.851686,511833681.851686,648345681.851686","560,320,584,1580","left_cw1,right_cw1,right_cw1,left_cw0",385344081.8516864,,461376081.8516864,511833681.8516864,648345681.8516865,left_cw1,560.0,15.374932057995574,0.02160190348052976,-6.9741536226021275,-8.080516785517458,-0.005032841307455053,-8.638779133288768,right_cw1,320.0,-7.345311387663694,0.008141001270258703,-8.25146069549044,6.339449479720118,0.01771287357310451,-15.30927612883295,right_cw1,584.0,5.536011332189895,0.0015833551132065676,-17.591358702765746,16.255766958048977,0.0010781693015413877,-8.250895807523616,left_cw0,1580.0,17.60490381327994,-1.78369345686899,-7.32949725720065,-3.8275678050889845,0.3689931161448521,0.7579262280801861,,,,,,,,5.109743145263068,5.0772299916753685,0.032513153587699684,27.476037107522657,42.87443073744023,15.398393629917573,0.0,5.108820970954079,5.367595977597412,0.25877500664333297,26.559297703504917,41.29131825202619,14.732020548521273,0.0,5,,433728081.8516864,3.03469173063997,3.3792903592396923,0.34459862859972246,13.562909781369942,22.630265837691564,9.067356056321621,0.0,,,,,,,,,,,,,,,,,,,,,,,,,,,,,,,,,,,,,,,,
KERBIN-EVE-KERBIN-KERBIN-JOOL,KERBIN EVE KERBIN KERBIN JOOL,120.80546641718256,5.872711247749997,2.1934121385389176,2.909774029697945,0.7695250795131345,0.0,3.4630298286715573,2504.0,"715392081.851686,736992081.851686,755136081.851686,805593681.851686,931737681.851686","250,210,584,1460","left_cw0,0rev_cw0,right_cw1,left_cw1",715392081.8516864,736992081.8516864,755136081.8516864,805593681.8516864,931737681.8516864,left_cw0,250.0,8.046096896511019,-0.18251818689987215,-10.77842094889121,-16.885872521433583,0.07721330297895987,-8.890967038877532,0rev_cw0,210.0,-16.089335468916207,0.048684615065469304,-13.308555808805272,-15.366613784988868,0.21125859531676283,5.445911974617991,right_cw1,584.0,-16.523239847348613,-0.0018658447289447734,8.645650556200964,-17.492746186856007,5.030790756387169e-05,-6.517988293822239,left_cw1,1460.0,-17.75306360963752,0.7629978374376325,-8.10293585179505,3.5630242162091297,-0.13872187989470278,0.9742702222835729,3.2567808536687504,3.3192641686909554,0.062483315022205055,86.09135628716636,90.89252632610851,4.801170038942153,0.0,5.781676553936886,5.07638748621217,0.7052890677247161,35.85591936544391,39.31894919411547,3.4630298286715573,0.0,5.080591469482371,5.078838772716158,0.0017526967662133686,20.160474729686236,43.029173409778416,22.86869868009218,0.0,5,,,,,,,,,,,,,,,,,,,,,,,,,,,,,,,,,,,,,,,,,,,,,,,,,
KERBIN-DUNA-KERBIN-JOOL,KERBIN DUNA KERBIN JOOL,121.63943948799096,5.873647631801058,2.320529432131246,2.776891409114515,0.7762267905552975,0.0,4.04558204307786,1380.0,"857088081.851686,905472081.851686,933120081.851686,976320081.851686","560,320,500","left_cw1,right_cw1,0rev_cw1",857088081.8516864,,933120081.8516864,,,left_cw1,560.0,10.114157763023524,0.015762776130232505,-13.643152412816919,-11.217069430357917,-0.004308559223771954,-2.5375268577405454,right_cw1,320.0,-10.28369404890563,0.0034908555934424984,-2.3253249520354076,-1.8864395762024344,0.011625311711326693,-16.52750171041061,0rev_cw1,500.0,-3.8742718579866153,0.613397655186314,-19.07891902087681,-0.1379197789337456,-0.1031913743227448,3.556553597244446,,,,,,,,,,,,,,,,5.302846288547615,5.975757651123333,0.6729113625757179,33.24147037716647,37.28705242024433,4.04558204307786,0.0,,,,,,,,4,976320081.8516864,905472081.8516864,3.0913607116347226,3.194676139614302,0.1033154279795796,17.417165844207187,23.382591590797254,5.965425746590069,0.0,,,,,,,,,,,,,,,,,,,,,,,,,,,,,,,,,,,,,,,,
KERBIN-EVE-KERBIN-EVE-JOOL,KERBIN EVE KERBIN EVE JOOL,39.23814545214371,5.8765405589592445,2.3245584617806694,3.3299763941138583,0.2220057030647169,0.0,1.3995463898917249,2270.0,"748224081.851686,766368081.851686,793152081.851686,825120081.851686,944352081.851686","210,310,370,1380","left_cw0,right_cw0,left_cw0,left_cw1",748224081.8516864,766368081.8516864,793152081.8516864,,944352081.8516864,left_cw0,210.0,12.527001212768146,-0.2815921689834074,-2.542516434317718,-15.550400016584831,0.26508561461164515,-10.362887425569376,right_cw0,310.0,-16.429663888701057,-0.15951605352101697,-13.77830483807131,-1.390178976366963,-0.33809133836277366,-16.653844354404306,left_cw0,370.0,-2.0068726007465045,-0.6196577652781861,-14.985952398856945,-13.507063338141698,-0.4350314951850577,-15.059992571742592,left_cw1,1380.0,-13.250249190921002,1.4507345740620061,-19.26332827732879,2.458493351470453,-0.19690328973855337,1.8811768909091346,4.626597638053937,4.632780730809118,0.006183092755180475,45.11834638029564,67.51361614127738,22.395269760981748,0.0,6.886942048591584,7.059823835175684,0.17288178658409947,14.766361806355208,27.19095220900277,12.424590402647562,0.0,,,,,,,,5,,,,,,,,,,,,,,,,,,,,,,,,,,,,,,,,,,,,,,,,,,825120081.8516864,7.684725974963332,7.727666798688769,0.04294082372543695,34.83898631101972,36.23853270091144,1.3995463898917249,0.0
KERBIN-EVE-KERBIN-JOOL,KERBIN EVE KERBIN JOOL,78.88435624987167,5.882819063348304,2.2943033637882775,3.1001018556868787,0.4884138438731478,0.0,4.212027015435603,2280.0,"22464081.8516864,30240081.8516864,93312081.8516864,219456081.851686","90,730,1460","0rev_cw0,left_cw0,left_cw1",22464081.851686403,30240081.851686403,93312081.8516864,,,0rev_cw0,90.0,10.88857352869173,-0.3776415215908876,-6.258452117469858,-10.88040045430165,0.09556657965874588,-14.996122042433743,left_cw0,730.0,-10.434792793163528,-0.02983891677615133,-19.457093184453186,-17.776671131220446,0.4854270944476036,1.2561795232886626,left_cw1,1460.0,-19.23929571587515,-0.25939107717812915,3.2285474569404213,3.108040965629613,0.02695379635008398,1.5252794861708454,,,,,,,,,5.030325365346546,5.139315493283017,0.10899012793647067,52.32343851250499,61.19645845935504,8.873019946850052,0.0,7.9057885478039,7.526364831867223,0.3794237159366771,18.93602044452835,23.148047459963955,4.212027015435603,0.0,,,,,,,,4,219456081.85168642,,,,,,,,,,,,,,,,,,,,,,,,,,,,,,,,,,,,,,,,,,,,,,,,
KERBIN-EVE-KERBIN-JOOL,KERBIN EVE KERBIN JOOL,71.3475284217707,5.8867421532237785,2.491041850977645,2.9580636658408546,0.43763663640527906,0.0,2.6855921999226333,2240.0,"444096081.851686,458784081.851686,508032081.851686,637632081.851686","170,570,1500","right_cw1,left_cw1,left_cw1",444096081.8516864,458784081.8516864,508032081.8516864,,,right_cw1,170.0,-5.2373998470878185,0.3652384999809875,-12.164927751186552,17.253931533205005,-0.06690548334805219,-6.719403138346861,left_cw1,570.0,18.871604167745136,0.21422333994342443,-10.043142308928868,4.5404035814729315,0.4697014047520285,-16.308042297236902,left_cw1,1500.0,3.7012772487719463,0.526674736148731,-19.007520158720958,-2.645439381937461,-0.05411059473708554,2.3039416224056284,,,,,,,,,4.267225761624249,4.415075997601675,0.14785023597742608,50.51697708963793,71.9137394689445,21.396762379306566,0.0,7.3238353304782695,7.6136217309061225,0.289786400427853,21.710167020894986,24.395759220817617,2.6855921999226333,0.0,,,,,,,,4,637632081.8516865,,,,,,,,,,,,,,,,,,,,,,,,,,,,,,,,,,,,,,,,,,,,,,,,
KERBIN-KERBIN-EVE-KERBIN-JOOL,KERBIN KERBIN EVE KERBIN JOOL,50.54593784970747,5.889697457876439,2.213730903698125,3.3778401487902348,0.29812640538807855,0.0,1.1318223839936685,1885.0,"813888081.851686,845424081.851686,865296081.851686,916272081.851686,976752081.851686","365,230,590,700","left_cw1,left_cw1,left_cw1,0rev_cw1",813888081.8516864,,,916272081.8516864,976752081.8516864,left_cw1,365.0,12.423537981845596,-0.08362807233968729,7.909442424166138,12.426989301494753,-0.08362738351836027,7.905375860466799,left_cw1,230.0,10.459073799759075,-0.4557797039147749,7.735495434633427,6.793159927103348,0.2165982520265696,-17.437962160708388,left_cw1,590.0,11.459449295499843,0.11725464006367148,-18.228806390064612,-7.330688688040096,0.5540267126239031,-15.567899107788445,0rev_cw1,700.0,-10.153453974865407,0.3619362799914115,-16.79481595449801,-2.2083093293329235,-0.009412114854217939,3.2556632301204966,,,,,,,,,,,,,,,7.222116562135241,7.17655185183576,0.04556471029948117,24.731896388125094,25.863718772118762,1.1318223839936685,0.0,5,,,,,,,,,,845424081.8516864,865296081.8516864,2.207324882802737,2.0939447247112812,0.11338015809145574,55.64306097536554,99.57254914486637,43.92948816950082,0.0,3.7420156319871283,3.88119716898427,0.13918153699714164,76.75156389398302,80.85819688168517,4.106632987702162,0.0,,,,,,,,,,,,,,,,,,,,,,,,
KERBIN-EVE-KERBIN-KERBIN-JOOL,KERBIN EVE KERBIN KERBIN JOOL,134.19406718196342,5.896301976040492,1.7525351031830187,3.2845926996849912,0.859174173172482,0.0,2.2769205301512927,2384.0,"473472081.851686,481248081.851686,495936081.851686,546393681.851686,679449681.851686","90,170,584,1540","0rev_cw1,0rev_cw0,right_cw1,left_cw1",473472081.8516864,481248081.8516864,495936081.8516864,546393681.8516865,679449681.8516865,0rev_cw1,90.0,-13.502419389643668,0.4822276893110615,-1.9205765293190047,6.177747655779454,-0.32576407226898485,17.450266265131006,0rev_cw0,170.0,3.5655243072112985,0.07347787658938094,19.8113690836296,15.192540748129044,-0.4767660826922415,0.5180173554838357,right_cw1,584.0,18.185904786974753,0.000705960103942301,-1.330471282615191,13.826174396623223,-0.0004958751354101746,12.020530348047487,left_cw1,1540.0,14.324997520681325,-0.402219236998551,12.75131771597555,-2.2033290758063573,0.08967388629590158,-3.5886019937557765,2.8930966119290855,2.7451335633073017,0.14796304862178378,77.8324799400127,100.94377330877985,23.111293368767146,0.0,4.96620392792767,5.102906703297707,0.13670277537003717,41.264814240645464,43.54173477079675,2.2769205301512927,0.0,5.090327949908922,5.664836299089583,0.5745083491806611,8.36943083180232,39.838311191253474,31.468880359451152,0.0,5,,,,,,,,,,,,,,,,,,,,,,,,,,,,,,,,,,,,,,,,,,,,,,,,,
KERBIN-EVE-KERBIN-KERBIN-JOOL,KERBIN EVE KERBIN KERBIN JOOL,54.92380407792425,5.897758301539978,1.4521428615434266,4.118978241150103,0.3266371988464485,0.0,4.211919931112438,3224.0,"843264081.851686,863136081.851686,896832081.851686,947289681.851686,1121817681.85169","230,390,584,2020","left_cw0,left_cw0,right_cw1,left_cw0",843264081.8516864,863136081.8516864,896832081.8516864,947289681.8516864,1121817681.8516865,left_cw0,230.0,13.121706511013397,-0.2910867524097905,-1.9423310330585422,-15.653031065137244,0.31273380540806,-10.813249137184265,left_cw0,390.0,-15.001014624423577,0.006455468310542344,-13.991173064781531,-14.140192203254161,0.24483364344362324,7.065136271302615,right_cw1,584.0,-15.691667575728326,-0.0023465485104765373,10.050146936220257,-18.008229690716156,-0.00019627026373999286,-4.961869559739359,left_cw0,2020.0,-18.217552345259875,-1.8191111700131055,-7.470181700029077,1.5702546295720612,0.32078132942349386,4.343388898465863,2.6045427836974415,2.8626148330406664,0.2580720493432249,72.99862227532294,102.88810674929869,29.88948447397574,0.0,5.096423320799119,5.08343282744527,0.012990493353849608,38.70242629006608,42.91434622117851,4.211919931112438,0.0,5.07295345079601,5.128528106945384,0.05557465614937396,35.44036959137502,42.7932101385947,7.352840547219683,0.0,5,,,,,,,,,,,,,,,,,,,,,,,,,,,,,,,,,,,,,,,,,,,,,,,,,
KERBIN-EVE-KERBIN-DUNA-JOOL,KERBIN EVE KERBIN DUNA JOOL,97.51752182121245,5.897776840196494,2.354730047627525,2.9303748627652157,0.6126719298037528,0.0,2.1729058790158646,2740.0,"926208081.851686,944352081.851686,964224081.851686,1040256081.85169,1162944081.85169","210,230,880,1420","left_cw1,0rev_cw1,right_cw1,left_cw1",926208081.8516864,944352081.8516864,964224081.8516864,,1162944081.8516865,left_cw1,210.0,1.4849947625190245,-0.12650188805399468,12.524116620737951,17.30357620525347,0.03625001777040476,-5.368737463889604,0rev_cw1,230.0,20.561395039621868,-0.0908448914301962,-4.346519496059695,-2.690857350620326,0.1803895402655926,-16.468419216552608,right_cw1,880.0,-4.534978854376164,0.0290795919741805,-18.697862278148108,14.154952614344579,-0.005728543171950748,-3.7492074247177953,left_cw1,1420.0,14.424426941315343,-0.21979456930047372,-3.950702590683939,-1.0028355578124573,-0.008281071559922186,3.2794130552023617,4.964595967138598,4.991527593605295,0.026931626466697445,40.14092839386971,62.61289604282516,22.471967648955452,0.0,7.220609773602902,7.524668775705503,0.3040590021026004,22.541274847090946,24.9057664478366,2.364491600745655,0.0,,,,,,,,5,,,,,,,,,,,,,,,,,,,,,,,,,,1040256081.8516864,8.031204939420006,8.31288624065446,0.281681301234455,1.9796933425531897,4.152599221569054,2.1729058790158646,0.0,,,,,,,,,,,,,,,,
KERBIN-EVE-KERBIN-KERBIN-JOOL,KERBIN EVE KERBIN KERBIN JOOL,82.60478874715886,5.8991822532546765,2.266581921113457,3.118874733160045,0.513725598981174,0.0,8.525695722750195,2418.0,"800064081.851686,818208081.851686,838080081.851686,875923281.851686,1008979281.85169","210,230,438,1540","left_cw1,0rev_cw1,right_cw1,left_cw1",800064081.8516864,818208081.8516864,838080081.8516864,875923281.8516864,1008979281.8516864,left_cw1,210.0,1.2735834035427946,-0.16314336462330306,12.615042150672917,16.927370885402524,0.06261921267982735,-6.623197805100432,0rev_cw1,230.0,20.26659095349008,-0.09532524437557553,-5.569131648274744,-2.832245455908782,0.2221505624052286,-16.43244766466622,right_cw1,438.0,-3.473063433968192,0.002256294721699667,-17.48506668012477,17.33350069793857,0.0009850218748234914,-1.9492389080119423,left_cw1,1540.0,19.09155432201668,-0.5985656070366605,-0.9433583802366856,-3.7781509446178196,0.11754978708322165,0.2756288613546931,4.800464571717826,4.6880082682025845,0.11245630351524127,43.33897644501613,65.85394068542611,22.514964240409977,0.0,7.087159231168556,7.26022577069087,0.17306653952231432,9.9151286171547,26.00977174537955,16.09464312822485,0.0,7.259360284291634,7.487563040235252,0.22820275594361839,16.37564319046237,24.901338913212562,8.525695722750195,0.0,5,,,,,,,,,,,,,,,,,,,,,,,,,,,,,,,,,,,,,,,,,,,,,,,,,
KERBIN-DUNA-KERBIN-KERBIN-JOOL,KERBIN DUNA KERBIN KERBIN JOOL,40.752473114608264,5.901062535290995,2.6681196773057763,3.0013050507918675,0.23163780719335136,0.0,5.14345495314642,3216.0,"663552081.851686,691200081.851686,729216081.851686,804902481.851686,941414481.851686","320,440,876,1580","0rev_cw0,right_cw0,left_cw1,left_cw0",663552081.8516864,,729216081.8516864,804902481.8516864,941414481.8516864,0rev_cw0,320.0,-15.342772594594871,-0.010564237891181846,-9.171562778439894,-6.981646663665998,-0.0019092108813162515,9.784196404494637,right_cw0,440.0,-6.979950711912093,0.02815904068564709,9.328844209157056,-4.057959335804117,-0.05081480209661065,-16.92591344514061,left_cw1,876.0,-3.698041248543296,0.002190517251464837,-17.647498729944893,-16.05377109147546,0.0005587741404940478,-8.722846604767797,left_cw0,1580.0,-18.356638886095414,-0.6650367302796847,-6.851643021810234,2.7271304234642657,0.11477445633588171,2.614494122030018,,,,,,,,4.475751162174223,4.542405606206019,0.06665444403179599,10.247356797610827,50.127276018461885,39.87991922085106,0.0,4.513502943410224,4.522062923108884,0.008559979698659959,39.33444376893317,50.00819993807606,10.673756169142893,0.0,5,,691200081.8516864,5.074230126113744,5.23065350957664,0.15642338346289542,4.769130305752125,9.912585258898543,5.14345495314642,0.0,,,,,,,,,,,,,,,,,,,,,,,,,,,,,,,,,,,,,,,,
KERBIN-KERBIN-EVE-KERBIN-JOOL,KERBIN KERBIN EVE KERBIN JOOL,112.31012783622675,5.901433635253987,2.1970950269076552,2.992071830292349,0.7122667780539835,0.0,4.604394940876306,2725.0,"8640081.8516864,40176081.8516864,60048081.8516864,111024081.851686,244080081.851686","365,230,590,1540","left_cw1,left_cw1,left_cw1,left_cw1",8640081.851686401,,,111024081.8516864,244080081.85168642,left_cw1,365.0,14.512445396940848,-0.12420269023972708,2.133392788066264,14.514033535024724,-0.12420267944721226,2.128059579493704,left_cw1,230.0,12.637529386675435,-0.47640873996202077,2.8994269500750556,-1.419789713456555,0.24689625050575753,-18.733975455017756,left_cw1,590.0,2.4278234305063453,0.12320846689267298,-21.442938666009347,-13.34421097891784,0.5789205497921422,-10.944823173660687,left_cw1,1540.0,-15.886971867858641,0.14419107886813232,-11.44758668050255,0.7720341711425885,-0.012869548601667856,3.3511746848175346,,,,,,,,,,,,,,,7.133359250259086,7.572193791318664,0.4388345410595784,20.30754664535017,25.01303561601983,4.705488970669662,0.0,5,,,,,,,,,,40176081.8516864,60048081.8516864,2.1914377879851434,2.011345969512135,0.18009181847300848,58.48847028410308,101.04974017935211,42.56126989524904,0.0,3.765052650021697,3.858393068543094,0.09334041852139663,76.25170508561101,80.85610002648731,4.604394940876306,0.0,,,,,,,,,,,,,,,,,,,,,,,,
KERBIN-DUNA-KERBIN-JOOL,KERBIN DUNA KERBIN JOOL,77.68326624921696,5.90330686353732,2.6848182741106053,2.7381415181826374,0.4803470712440765,0.0,5.056568431684694,2260.0,"393984081.851686,421632081.851686,459648081.851686,589248081.851686","320,440,1500","0rev_cw1,right_cw0,left_cw1",393984081.8516864,,459648081.8516864,,,0rev_cw1,320.0,-17.854296377613398,-0.016966158272543882,1.0118820136388544,-1.4062346304262183,-0.003091471634862347,12.065619817337904,right_cw0,440.0,-1.701303412029728,0.026410343604282127,11.746062758783594,-12.954932283239364,-0.052445310286561964,-11.887364819570129,left_cw1,1500.0,-12.335954974214436,0.29968067510833396,-15.108901912813725,2.664233508793541,-0.05499804055409012,2.5058422372117124,,,,,,,,,,,,,,,,4.3392940477118795,4.577000680549739,0.23770663283785964,43.332670143213136,50.831223505146156,7.498553361933015,0.0,,,,,,,,4,589248081.8516865,421632081.8516864,5.360615881488391,5.603256319894608,0.24264043840621685,3.7870850566650525,8.843653488349746,5.056568431684694,0.0,,,,,,,,,,,,,,,,,,,,,,,,,,,,,,,,,,,,,,,,
KERBIN-EVE-KERBIN-KERBIN-JOOL,KERBIN EVE KERBIN KERBIN JOOL,108.86721608340224,5.90783723483756,2.316086117065651,2.9021196037113186,0.6896315140605904,0.0,7.616090574361873,2605.0,"770688081.851686,790560081.851686,824256081.851686,855792081.851686,995760081.851686","230,390,365,1620","left_cw0,left_cw0,0rev_cw0,left_cw1",770688081.8516864,790560081.8516864,824256081.8516864,855792081.8516864,995760081.8516864,left_cw0,230.0,-8.40216166582265,0.2578825540874378,10.39897041381799,15.063042699004246,-0.05630005172015954,10.529438569904578,left_cw0,390.0,15.813947964334801,0.228330027641259,12.72578159272485,8.2270911491809,-0.34959154249841257,-13.32127383467414,0rev_cw0,365.0,7.826663682587887,-0.06508970923179822,-15.607950985273177,7.82426263273671,-0.0650897526450031,-15.608408797370819,left_cw1,1620.0,6.626374659158227,0.8462278207014705,-18.1656100797586,-3.2215851921978547,-0.11665325658394013,2.063331254802603,3.8011331137933344,3.9404618838947325,0.1393287701013981,35.10597369250841,79.79999864010864,44.694024947600234,0.0,5.8983484011977625,5.40565976900233,0.49268863219543224,23.360907971808953,37.16881545716127,13.807907485352317,0.0,5.397647447000912,5.455261558764672,0.05761411176376008,31.72866423487721,39.344754809239085,7.616090574361873,0.0,5,,,,,,,,,,,,,,,,,,,,,,,,,,,,,,,,,,,,,,,,,,,,,,,,,
KERBIN-EVE-KERBIN-DUNA-JOOL,KERBIN EVE KERBIN DUNA JOOL,78.56577406089127,5.915935002174232,2.2538509989076494,3.1772641384389035,0.4848198648276787,0.0,1.1819537880537554,3180.0,"672192081.851686,690336081.851686,741312081.851686,827712081.851686,946944081.851686","210,590,1000,1380","left_cw1,left_cw1,right_cw1,right_cw1",672192081.8516864,690336081.8516864,741312081.8516864,,946944081.8516864,left_cw1,210.0,8.149137063153297,-0.5445709767039416,10.018596317390065,0.5602590242074381,0.5449861466425309,-18.663701022340348,left_cw1,590.0,3.254976015897563,-0.04833224124789136,-21.336526293683097,-14.999674881050113,0.5851201723999252,-8.593776715207463,right_cw1,1000.0,-17.931898360410315,-1.2904502785142944e-05,-7.743898163709446,3.4700438809241865,0.0018905257418556556,-14.890610921350355,right_cw1,1380.0,3.5288285753433373,0.0538954126498687,-15.008759738529466,3.613425300106368,0.007802280054345728,1.1921645709275728,4.2772823297303715,4.395512919978449,0.11823059024807758,52.56202599624562,71.98893035683749,19.426904360591855,0.0,7.302122154673684,6.982390215547028,0.31973193912665643,25.00843845739269,26.190392245446446,1.1819537880537554,0.0,,,,,,,,5,,,,,,,,,,,,,,,,,,,,,,,,,,827712081.8516864,8.567140047782292,8.613997383235237,0.04685733545294468,0.8929360106030163,3.7706780209294726,2.8777420103264566,0.0,,,,,,,,,,,,,,,,
KERBIN-DUNA-KERBIN-KERBIN-JOOL,KERBIN DUNA KERBIN KERBIN JOOL,119.93716281778954,5.91634057206889,2.321323541981472,2.831319418150372,0.763697611937046,0.0,9.067356056321621,3004.0,"385344081.851686,433728081.851686,461376081.851686,511833681.851686,644889681.851686","560,320,584,1540","left_cw1,right_cw1,right_cw1,left_cw0",385344081.8516864,,461376081.8516864,511833681.8516864,644889681.8516865,left_cw1,560.0,15.374932057995574,0.02160190348052976,-6.9741536226021275,-8.080516785517458,-0.005032841307455053,-8.638779133288768,right_cw1,320.0,-7.345311387663694,0.008141001270258703,-8.25146069549044,6.339449479720118,0.01771287357310451,-15.30927612883295,right_cw1,584.0,5.536011332189895,0.0015833551132065676,-17.591358702765746,16.255766958048977,0.0010781693015413877,-8.250895807523616,left_cw0,1540.0,17.404471499718806,-1.2235827469733562,-7.873346234632033,-3.509255836288135,0.24443693067100308,1.4405625132114641,,,,,,,,5.109743145263068,5.0772299916753685,0.032513153587699684,27.476037107522657,42.87443073744023,15.398393629917573,0.0,5.108820970954079,5.4954068007037025,0.38658582974962385,18.21089986593678,40.616593885801,22.405694019864217,0.0,5,,433728081.8516864,3.03469173063997,3.3792903592396923,0.34459862859972246,13.562909781369942,22.630265837691564,9.067356056321621,0.0,,,,,,,,,,,,,,,,,,,,,,,,,,,,,,,,,,,,,,,,
KERBIN-EVE-KERBIN-KERBIN-JOOL,KERBIN EVE KERBIN KERBIN JOOL,115.35839824596528,5.918548676277285,2.250812094573017,2.935167330179371,0.7325692515248976,0.0,1.5553584493256003,2324.0,"843264081.851686,859680081.851686,874368081.851686,924825681.851686,1044057681.85169","190,170,584,1380","right_cw0,0rev_cw0,right_cw1,left_cw1",843264081.8516864,859680081.8516864,874368081.8516864,924825681.8516864,1044057681.8516864,right_cw0,190.0,13.43852149545493,-0.48525994820909946,0.025003763812959212,-3.668148735151945,0.21460439644870102,18.500740493509827,0rev_cw0,170.0,-0.03314152993077113,0.2193292030129596,20.202906962403258,15.260243036203113,-0.5488051635765431,0.6648854167284544,right_cw1,584.0,18.18483145270558,0.0011480688326822234,-1.3408652668417989,13.832799089846286,-0.0009482605069232265,12.01193869956032,left_cw1,1380.0,12.032070383735402,-0.2887471947805614,14.85574141047097,-2.4676098780986515,0.06042293320958852,-3.1461623708267887,2.934245315074228,2.9626086053184437,0.02836329024421591,85.79057374902854,98.06946998928795,12.278896240259417,0.0,5.136891758205094,5.099156762577022,0.03773499562807192,41.04514587670234,42.60050432602794,1.5553584493256003,0.0,5.0926639760348955,4.426193010382286,0.6664709656526098,40.825819749021406,46.841328333810026,6.015508584788622,0.0,5,,,,,,,,,,,,,,,,,,,,,,,,,,,,,,,,,,,,,,,,,,,,,,,,,
KERBIN-DUNA-KERBIN-KERBIN-JOOL,KERBIN DUNA KERBIN KERBIN JOOL,107.58147834652345,5.925409978244984,1.661691243069862,3.582628260405365,0.6810904747697575,0.0,6.762097060194309,2256.0,"879552081.851686,910656081.851686,945216081.851686,1020902481.85169,1074470481.85169","360,400,876,620","right_cw1,left_cw1,left_cw1,0rev_cw1",879552081.8516864,,945216081.8516864,1020902481.8516864,1074470481.8516865,right_cw1,360.0,-2.6728501595455043,-0.026505539984041194,16.43624652589636,-7.8166305720919596,0.01094031954395775,-8.27624966679224,left_cw1,400.0,-7.064919659360101,-0.002905883552376705,-7.708605883284548,-12.948050749902528,-0.017032106604640187,9.81895548167811,left_cw1,876.0,-15.532061799904564,-0.002274363645333106,9.612132798829716,-2.7170474692758346,-0.0028587021215722374,17.810754108723664,0rev_cw1,620.0,-1.0439041452547742,-0.7700495322119887,19.27545612693672,3.3628361150734283,0.10022535250239759,-2.737218244321596,,,,,,,,4.742843114723754,4.510771758551965,0.23207135617178842,32.41346544616859,48.546687454650026,16.13322200848144,0.0,4.542575511419734,4.791352251879655,0.24877674045992038,29.036978916727566,48.02207502710187,18.985096110374307,0.0,5,,910656081.8516864,3.008704596321408,3.2089469744594568,0.20024237813804868,17.036984831378053,23.79908189157236,6.762097060194309,0.0,,,,,,,,,,,,,,,,,,,,,,,,,,,,,,,,,,,,,,,,
KERBIN-EVE-KERBIN-KERBIN-JOOL,KERBIN EVE KERBIN KERBIN JOOL,128.8219649511236,5.925524671302147,2.1071450803601595,2.9939722874490657,0.8244073034929222,0.0,6.6770103097751745,1412.0,"342144081.851686,362016081.851686,388800081.851686,414028881.851686,464140881.851686","230,310,292,580","left_cw1,right_cw1,0rev_cw1,0rev_cw1",342144081.8516864,362016081.8516864,388800081.8516864,414028881.8516864,464140881.8516864,left_cw1,230.0,5.447824296371748,-0.3278781799791441,11.95933653815483,14.46438489431322,0.14719000301415092,-11.732778869923608,right_cw1,310.0,18.70035247945705,-0.06283757000933685,-10.07755408774583,14.20107255112163,-0.37977024317577923,8.563147608313582,0rev_cw1,292.0,14.310797626769439,-0.0002569511773587288,9.483947683717238,7.532980946300878,0.0010856420544544754,-15.568268308005262,0rev_cw1,580.0,7.2528489639544125,0.5647038385293792,-17.913658306377567,-3.451514897382988,-0.050725140760594464,1.365215300850295,3.6117973763653612,3.6918065006531364,0.08000912428777518,77.11420741961925,83.79121772939442,6.6770103097751745,0.0,6.932048622974504,6.5826381007011605,0.34941052227334346,7.971513104707979,28.54937379588556,20.57786069117758,0.0,6.57902048641592,6.9740081433477235,0.3949876569318036,20.37437868338164,28.425106930045658,8.050728246664018,0.0,5,,,,,,,,,,,,,,,,,,,,,,,,,,,,,,,,,,,,,,,,,,,,,,,,,
KERBIN-EVE-KERBIN-KERBIN-JOOL,KERBIN EVE KERBIN KERBIN JOOL,126.76719759466366,5.929657718976417,2.316086117065651,2.804502242289681,0.8090693596210854,0.0,3.246203565208981,2565.0,"770688081.851686,790560081.851686,824256081.851686,855792081.851686,992304081.851686","230,390,365,1580","left_cw0,left_cw0,0rev_cw0,left_cw1",770688081.8516864,790560081.8516864,824256081.8516864,855792081.8516864,992304081.8516864,left_cw0,230.0,-8.40216166582265,0.2578825540874378,10.39897041381799,15.063042699004246,-0.05630005172015954,10.529438569904578,left_cw0,390.0,15.813947964334801,0.228330027641259,12.72578159272485,8.2270911491809,-0.34959154249841257,-13.32127383467414,0rev_cw0,365.0,7.826663682587887,-0.06508970923179822,-15.607950985273177,7.82426263273671,-0.0650897526450031,-15.608408797370819,left_cw1,1580.0,6.106342171367473,1.031261889548744,-18.329285581019125,-2.6648427195099336,-0.16545026154951553,2.618936438711459,3.8011331137933344,3.9404618838947325,0.1393287701013981,35.10597369250841,79.79999864010864,44.694024947600234,0.0,5.8983484011977625,5.40565976900233,0.49268863219543224,23.360907971808953,37.16881545716127,13.807907485352317,0.0,5.397647447000912,5.220595489676657,0.17705195732425505,37.297285759378056,40.543489324587036,3.246203565208981,0.0,5,,,,,,,,,,,,,,,,,,,,,,,,,,,,,,,,,,,,,,,,,,,,,,,,,
KERBIN-DUNA-KERBIN-KERBIN-JOOL,KERBIN DUNA KERBIN KERBIN JOOL,90.62608198877912,5.932280658174278,2.5663192654438975,2.798912668467963,0.567048724262418,0.0,5.264407664196824,2256.0,"236736081.851686,271296081.851686,305856081.851686,381542481.851686,431654481.851686","400,400,876,580","left_cw0,left_cw1,left_cw1,0rev_cw1",236736081.8516864,,305856081.85168636,381542481.85168636,431654481.85168636,left_cw0,400.0,-16.19884461642355,-0.023984458117371744,-3.687140478676253,6.542904775550147,0.010317707385721452,8.134367800505995,left_cw1,400.0,7.241635410847807,0.0016527232420414898,6.94727778384606,9.66596626638843,0.01614625488076664,-12.575417157252923,left_cw1,876.0,11.913217140402399,0.0009395101625351752,-13.268987318859903,-2.0114625296458386,0.000870009719537255,-17.99488891171892,0rev_cw1,580.0,-5.061957371373659,1.3488967333366328,-18.766613667924766,-0.3044605919489622,-0.23994843927833956,3.702237103267264,,,,,,,,4.426882863552076,4.5432601597200515,0.11637729616797543,30.364743940640576,50.45754578562422,20.092801844983647,0.0,4.518767457945499,4.6744707423994045,0.1557032844539057,43.68147653374656,48.945884197943386,5.264407664196824,0.0,5,,271296081.85168636,1.7016271059838428,1.9965952496243797,0.2949681436405369,42.81478492123298,50.09590167801208,7.28111675677911,0.0,,,,,,,,,,,,,,,,,,,,,,,,,,,,,,,,,,,,,,,,
KERBIN-EVE-KERBIN-JOOL,KERBIN EVE KERBIN JOOL,55.91984711986412,5.933764925014684,2.4146680016786437,3.1841223633130435,0.33497456002299675,0.0,6.112625262529115,1440.0,"366336081.851686,382752081.851686,447552081.851686,490752081.851686","190,750,500","left_cw0,left_cw0,0rev_cw1",366336081.8516864,382752081.8516864,447552081.8516864,,,left_cw0,190.0,-2.48858377061363,-0.06479553198333243,-12.811785227025448,14.731980272281618,0.05976127912707857,10.911926145172226,left_cw0,750.0,19.299546984838837,-0.041508082545137846,10.26776026364213,16.95009498795923,-0.07959894416729132,-4.1746895623351215,0rev_cw1,500.0,18.08779624919304,0.2775793578678238,-6.016781133099871,-3.347737516732419,-0.024868833043073364,-1.4767331137002486,,,,,,,,,4.771355515047202,4.9642033186119745,0.1928478035647725,56.536337596134246,64.11738642810714,7.581048831972892,0.0,8.06205743521219,7.919930678753965,0.14212675645822426,15.750835113678264,21.863460376207378,6.112625262529115,0.0,,,,,,,,4,490752081.8516864,,,,,,,,,,,,,,,,,,,,,,,,,,,,,,,,,,,,,,,,,,,,,,,,
KERBIN-EVE-KERBIN-JOOL,KERBIN EVE KERBIN JOOL,28.050438483218326,5.934755053254752,2.566866306524066,3.2210011006085324,0.14688764612215355,0.0,3.17629382302219,2140.0,"891648081.851686,909792081.851686,957312081.851686,1076544081.85169","210,550,1380","left_cw1,left_cw1,left_cw1",891648081.8516864,909792081.8516864,957312081.8516864,,,left_cw1,210.0,13.001354419149708,-0.4602238541723844,1.9449496137044018,-18.18649041436294,0.5680684892709729,4.708198442330415,left_cw1,550.0,-19.26680120296094,-0.08789913761930071,9.101229570203845,-2.2981464666954174,-0.37898127678082855,16.569574384185326,left_cw1,1380.0,-0.685133260853835,-0.5310511771745541,19.143166622968195,2.309479507810071,0.06619479295926438,-3.011759561173124,,,,,,,,,3.844887259114527,3.769770939138592,0.07511631997593504,73.7780638403194,80.93525090475278,7.157187064433366,0.0,6.48758121571958,6.559352541865798,0.0717713261462185,26.95083650541264,30.12713032843483,3.17629382302219,0.0,,,,,,,,4,1076544081.8516865,,,,,,,,,,,,,,,,,,,,,,,,,,,,,,,,,,,,,,,,,,,,,,,,
KERBIN-DUNA-KERBIN-KERBIN-JOOL,KERBIN DUNA KERBIN KERBIN JOOL,92.48836369014035,5.935829240147413,1.9301960572888834,3.426305733994222,0.5793274488643072,0.0,2.7091096640144174,2096.0,"513216081.851686,554688081.851686,565056081.851686,640742481.851686,694310481.851686","480,120,876,620","left_cw0,0rev_cw1,left_cw1,0rev_cw1",513216081.8516864,,565056081.8516865,640742481.8516865,694310481.8516865,left_cw0,480.0,15.960834236795064,0.02437560187764654,4.151357631607955,-3.830434086758948,-0.00920965465507529,-10.939100059964554,0rev_cw1,120.0,-4.034804031946262,0.007911543694506671,-9.580393798224238,-3.3421739223860465,-0.01863845008657363,15.729739775158562,left_cw1,876.0,-5.675261445630655,-0.0018859203303419538,17.243327909428864,9.033023392816013,-0.0011759794312860856,15.412121909386789,0rev_cw1,620.0,12.208064366166534,-0.34569062128192735,14.786844145672003,0.24879819514091484,0.05554024041639799,-4.4119325762811465,,,,,,,,4.904822412245496,4.512131489564196,0.39269092268129935,34.03034135863192,47.48731471127445,13.456973352642523,0.0,4.544435466921804,4.499349839828326,0.04508562709347874,42.17700026012023,49.952104278997204,7.775104018876971,0.0,5,,554688081.8516865,2.2634292952927115,2.4049801943822406,0.14155089908952911,34.06429590757439,36.7734055715888,2.7091096640144174,0.0,,,,,,,,,,,,,,,,,,,,,,,,,,,,,,,,,,,,,,,,
KERBIN-EVE-KERBIN-DUNA-JOOL,KERBIN EVE KERBIN DUNA JOOL,126.70131841265909,5.936532484104166,2.1299614426777542,2.9998564321255476,0.8067146093008644,0.0,1.353331364719943,4320.0,"575424081.851686,583200081.851686,646272081.851686,812160081.851686,948672081.851686","90,730,1920,1580","0rev_cw0,left_cw0,left_cw1,left_cw1",575424081.8516864,583200081.8516864,646272081.8516864,,948672081.8516864,0rev_cw0,90.0,12.638419888176754,-0.43987192001718084,-1.1928461924281613,-5.813980298140475,0.17713247466528928,-17.699512807313397,left_cw0,730.0,-3.5402823393646905,0.05586127665794974,-21.77461844217622,-16.69316016813339,0.5576040026256575,-6.312240862022373,left_cw1,1920.0,-18.84241676065346,-0.004817282672486319,-5.304182034432241,-13.915870172923018,-0.004505647344791536,3.5349616306798577,left_cw1,1580.0,-13.795948952915776,-0.03531861942782719,4.071801842899007,2.0856857340559722,-0.002590133691303265,2.896911779995532,4.513406624431158,4.655381661730382,0.14197503729922367,61.18807751080541,68.18332786361727,6.995250352811864,0.0,7.84063700373192,7.600175506471327,0.24046149726059252,18.094468471561456,23.1270084060687,5.032539934507244,0.0,,,,,,,,5,,,,,,,,,,,,,,,,,,,,,,,,,,812160081.8516864,8.931557264767093,8.507279190026045,0.4242780747410482,2.3102280006636087,3.663559365383552,1.353331364719943,0.0,,,,,,,,,,,,,,,,
KERBIN-EVE-KERBIN-KERBIN-JOOL,KERBIN EVE KERBIN KERBIN JOOL,91.18806628266275,5.937007623611526,2.4696861336923894,2.895960427944272,0.5713610619748644,0.0,5.982940430267486,1738.0,"293760081.851686,311904081.851686,362880081.851686,400723281.851686,443923281.851686","210,590,438,500","left_cw1,left_cw1,right_cw1,0rev_cw0",293760081.8516864,311904081.8516864,362880081.8516864,400723281.8516864,443923281.8516864,left_cw1,210.0,7.867940878102035,-0.647683368436827,10.5019929490995,-3.8441334013462307,0.7871572345194476,-18.440141304029357,left_cw1,590.0,-0.5182090682684701,0.08790639916838985,-21.58641863873889,-15.083692479312798,0.5625415149046463,-8.413781402097957,right_cw1,438.0,-15.753397373114067,0.00038101429064456955,-8.573227173007849,10.072026369017738,0.0008655669770538205,-14.266396836794783,0rev_cw0,500.0,12.529110582374784,-0.4673129380375019,-14.491271012441839,-1.181115846737017,0.06876198282130784,3.286425282574331,4.083177879545025,3.9047065684413726,0.17847131110365266,70.83301652307895,77.64646419267605,6.813447669597101,0.0,7.105700567394484,7.263492586413454,0.1577920190189701,6.980089518477924,25.947523899497984,18.96743438102006,0.0,7.274502482398661,7.039404750546419,0.2350977318522416,20.122790977962115,26.1057314082296,5.982940430267486,0.0,5,,,,,,,,,,,,,,,,,,,,,,,,,,,,,,,,,,,,,,,,,,,,,,,,,
KERBIN-DUNA-KERBIN-JOOL,KERBIN DUNA KERBIN JOOL,99.49554333528422,5.938050408968742,2.573634906405838,2.7381415181826374,0.6262739843802665,0.0,5.7994599729264245,2620.0,"362880081.851686,421632081.851686,459648081.851686,589248081.851686","680,440,1500","left_cw0,right_cw0,left_cw1",362880081.8516864,,459648081.8516864,,,left_cw0,680.0,-17.767557151217616,-0.01775101938137643,-1.3860612827507208,-1.2714772432190977,-0.0008825152800646303,11.991821220553383,right_cw0,440.0,-1.701303412029728,0.026410343604282127,11.746062758783594,-12.954932283239364,-0.052445310286561964,-11.887364819570129,left_cw1,1500.0,-12.335954974214436,0.29968067510833396,-15.108901912813725,2.664233508793541,-0.05499804055409012,2.5058422372117124,,,,,,,,,,,,,,,,4.3392940477118795,4.577000680549739,0.23770663283785964,43.332670143213136,50.831223505146156,7.498553361933015,0.0,,,,,,,,4,589248081.8516865,421632081.8516864,5.214688968352201,5.603256319894608,0.38856735154240685,3.2658674100158867,9.065327382942312,5.7994599729264245,0.0,,,,,,,,,,,,,,,,,,,,,,,,,,,,,,,,,,,,,,,,
KERBIN-EVE-KERBIN-KERBIN-JOOL,KERBIN EVE KERBIN KERBIN JOOL,116.308308994551,5.9427020292067745,2.2758619324829428,2.9279916408891147,0.7388484558347166,0.0,4.5184711100517045,2685.0,"751680081.851686,759456081.851686,822528081.851686,854064081.851686,983664081.851686","90,730,365,1500","0rev_cw1,left_cw1,0rev_cw1,left_cw1",751680081.8516864,759456081.8516864,822528081.8516864,854064081.8516864,983664081.8516864,0rev_cw1,90.0,7.028997830899752,-0.31521830296651426,10.649796361419398,13.64243873456616,0.09397227060371637,-12.341221599451906,left_cw1,730.0,18.454365656691376,0.03792877827484917,-11.846377746778975,-0.9480957520765747,0.39505289845686004,-17.698742604712407,0rev_cw1,365.0,-1.4074197456108255,0.14989039660877104,-17.574703994916007,-1.4095276902763043,0.14989014861266575,-17.57353904762353,left_cw1,1500.0,-3.25506201428745,0.4754375763068902,-19.185411153994508,-1.2290520857406304,-0.05774345317277924,3.219531834792475,4.504598734683511,4.65921848669075,0.154619752007239,63.70182956989358,68.22030067994528,4.5184711100517045,0.0,8.041853618759498,7.587882888342871,0.4539707304166276,2.0796022914786207,22.67455739023175,20.59495509875313,0.0,7.5960432216162594,7.4657852482054095,0.13025797341085,18.865813133888626,24.073414628994644,5.207601495106018,0.0,5,,,,,,,,,,,,,,,,,,,,,,,,,,,,,,,,,,,,,,,,,,,,,,,,,
KERBIN-EVE-KERBIN-JOOL,KERBIN EVE KERBIN JOOL,56.41895794245687,5.943163541451822,2.2685023308748735,3.3378176610105577,0.3368435495663906,0.0,2.3956140208636674,2440.0,"393984081.851686,408672081.851686,457920081.851686,604800081.851686","170,570,1700","right_cw0,left_cw1,left_cw1",393984081.8516864,408672081.8516864,457920081.8516864,,,right_cw0,170.0,-13.339269630012486,0.4564419019930357,0.12511173685061627,2.0436385720770245,-0.12610522617233538,-18.4904919081654,left_cw1,570.0,-0.6651452927994725,0.23431510443665868,-21.491348919325507,-13.261118714506084,0.5767228707066391,-10.860869489083264,left_cw1,1700.0,-16.148225665593785,0.17189741732411642,-11.186821953348552,-0.41355782401920216,-0.005753312133710862,3.745817690479356,,,,,,,,,3.9597380246047766,4.004694195325785,0.04495617072100799,61.27071103002561,77.84875997625376,16.57804894622815,0.0,7.083251459459235,7.3751388383046175,0.29188737884538263,23.29944671597553,25.6950607368392,2.3956140208636674,0.0,,,,,,,,4,604800081.8516865,,,,,,,,,,,,,,,,,,,,,,,,,,,,,,,,,,,,,,,,,,,,,,,,
KERBIN-EVE-KERBIN-KERBIN-JOOL,KERBIN EVE KERBIN KERBIN JOOL,84.66711729243256,5.9494290540942645,2.544468602156347,2.8781923823768847,0.5267680695610322,0.0,4.499376401755003,2332.0,"212544081.851686,234144081.851686,259200081.851686,284428881.851686,414028881.851686","250,290,292,1500","left_cw0,right_cw0,0rev_cw1,left_cw0",212544081.8516864,234144081.8516864,259200081.8516864,284428881.85168636,414028881.85168636,left_cw0,250.0,12.781754837324458,-0.4455767295743042,-3.639103467334481,-5.882940808278199,0.12219990831190498,-18.112077273889003,right_cw0,290.0,-4.168757582057266,-0.12840007325888608,-20.786164921402186,11.450733054978505,-0.5194534309379278,-11.522499250644998,0rev_cw1,292.0,12.246011160373293,0.0007287015600369122,-11.900036355619097,-14.251067250050134,0.00019932832895537073,-10.272165996579773,left_cw0,1500.0,-17.0974896097377,-0.015321224676152791,-9.554060270146625,2.2041932138936913,0.0022155262615590732,2.7472005781835365,3.6038662965142714,3.7072795764236397,0.10341327990936833,51.6490529104348,83.72071343885361,32.07166052841881,0.0,6.469652106189534,6.593650831656352,0.12399872546681845,8.912943973100383,30.06992848888983,21.15698451578945,0.0,6.5905383194158205,6.291182255230975,0.2993560641848454,26.21348499711442,30.712861398869425,4.499376401755003,0.0,5,,,,,,,,,,,,,,,,,,,,,,,,,,,,,,,,,,,,,,,,,,,,,,,,,
KERBIN-EVE-KERBIN-KERBIN-JOOL,KERBIN EVE KERBIN KERBIN JOOL,83.31232756336153,5.95068013000188,2.266581921113457,3.1664089988713546,0.5176892100170676,0.0,5.5263360460975814,2458.0,"800064081.851686,818208081.851686,838080081.851686,875923281.851686,1012435281.85169","210,230,438,1580","left_cw1,0rev_cw1,right_cw1,left_cw1",800064081.8516864,818208081.8516864,838080081.8516864,875923281.8516864,1012435281.8516864,left_cw1,210.0,1.2735834035427946,-0.16314336462330306,12.615042150672917,16.927370885402524,0.06261921267982735,-6.623197805100432,0rev_cw1,230.0,20.26659095349008,-0.09532524437557553,-5.569131648274744,-2.832245455908782,0.2221505624052286,-16.43244766466622,right_cw1,438.0,-3.473063433968192,0.002256294721699667,-17.48506668012477,17.33350069793857,0.0009850218748234914,-1.9492389080119423,left_cw1,1580.0,19.127510464755378,-0.6817221409355835,-0.2376864295063914,-3.919536815477936,0.1445986605389175,-0.38130060862227144,4.800464571717826,4.6880082682025845,0.11245630351524127,43.33897644501613,65.85394068542611,22.514964240409977,0.0,7.087159231168556,7.26022577069087,0.17306653952231432,9.9151286171547,26.00977174537955,16.09464312822485,0.0,7.259360284291634,7.027193917312122,0.23216636697951198,20.65816320911419,26.18449925521177,5.5263360460975814,0.0,5,,,,,,,,,,,,,,,,,,,,,,,,,,,,,,,,,,,,,,,,,,,,,,,,,
KERBIN-DUNA-KERBIN-JOOL,KERBIN DUNA KERBIN JOOL,108.18382959307405,5.961047451330138,2.224182284010588,3.0527717964984586,0.6840933708210919,0.0,2.194287870801683,2460.0,"554688081.851686,603072081.851686,630720081.851686,767232081.851686","560,320,1580","left_cw0,right_cw1,left_cw1",554688081.8516864,,630720081.8516864,,,left_cw0,560.0,-7.678358447159345,-0.009564438722631656,-15.45982446071453,-7.140215013441489,0.002152709016569986,8.680542985124259,right_cw1,320.0,-6.6491070209134655,-0.004181714714730715,7.802904986811698,-15.82823505409928,-0.007464422347820351,-5.61381955333689,left_cw1,1580.0,-19.002518481668652,-0.12820690719725963,-4.825784585079977,2.1246253211293626,0.01406412838313082,2.9781212907914862,,,,,,,,,,,,,,,,5.6570800937177195,6.120364419870797,0.4632843261530777,31.960693970630256,35.05397667204197,3.093282701411718,0.0,,,,,,,,4,767232081.8516864,603072081.8516864,3.6891897804306173,3.9099988250986315,0.2208090446680142,14.843412869565054,17.037700740366738,2.194287870801683,0.0,,,,,,,,,,,,,,,,,,,,,,,,,,,,,,,,,,,,,,,,
KERBIN-EVE-KERBIN-JOOL,KERBIN EVE KERBIN JOOL,38.66284890998142,5.963302560445984,2.3551317977403485,3.3907351579531824,0.2174356047524535,0.0,2.440182966652335,2560.0,"594432081.851686,614304081.851686,665280081.851686,815616081.851686","230,590,1740","left_cw1,left_cw1,left_cw1",594432081.8516864,614304081.8516864,665280081.8516864,,,left_cw1,230.0,5.6739426925392396,-0.26024551810702595,11.744088290234814,15.864206191858882,0.06795345600806409,-9.570433475643245,left_cw1,590.0,19.93967020580113,0.021903041940679387,-7.897519137078521,1.5790379301975666,0.3130178871234539,-17.038851355118965,left_cw1,1740.0,0.11914164207515832,0.4816069457747425,-19.500995527716526,-3.705510218383538,-0.00567736718202741,1.485666745226655,,,,,,,,,4.039247152680776,4.058286504581382,0.019039351900605794,65.9229981958193,76.70830242587428,10.785304230054974,0.0,7.313315392755927,7.511711645607774,0.1983962528518477,22.252162919776413,24.69234588642875,2.440182966652335,0.0,,,,,,,,4,815616081.8516864,,,,,,,,,,,,,,,,,,,,,,,,,,,,,,,,,,,,,,,,,,,,,,,,
KERBIN-DUNA-KERBIN-KERBIN-JOOL,KERBIN DUNA KERBIN KERBIN JOOL,75.2339292842506,5.96680860303521,2.7290706880408586,2.7735515605379666,0.46418635445638357,0.0,13.071986455458028,2216.0,"945216081.851686,983232081.851686,1014336081.85169,1090022481.85169,1136678481.85169","440,360,876,540","left_cw1,left_cw1,left_cw1,0rev_cw1",945216081.8516864,,1014336081.8516864,1090022481.8516865,1136678481.8516865,left_cw1,440.0,-16.346543747341396,-0.01803624127931305,3.467613512753501,5.57989843154745,0.0009612897902027274,9.04295462065102,left_cw1,360.0,5.459704619135118,-0.005454027526215884,8.290057545823629,3.2545166525001177,0.017666114000334812,-15.536223271910298,left_cw1,876.0,5.39629931021476,0.003294842701853409,-17.076956051513832,-9.482608892475044,0.002160684065352283,-15.535526727741031,0rev_cw1,540.0,-12.019244106297567,0.31621691799854085,-15.41590356224604,1.475884940131151,-0.05638541788791593,3.339488633130781,,,,,,,,4.766691069327449,4.547554632500971,0.21913643682647876,32.803094153889106,48.14996960408757,15.346875450198466,0.0,4.517454327069561,4.648866404213859,0.13141207714429815,32.37870729408076,49.125200420103674,16.74649312602291,0.0,5,,983232081.8516864,2.696161987155382,2.8097998276409886,0.11363784048560666,15.74406780859104,28.816054264049068,13.071986455458028,0.0,,,,,,,,,,,,,,,,,,,,,,,,,,,,,,,,,,,,,,,,
KERBIN-EVE-KERBIN-KERBIN-JOOL,KERBIN EVE KERBIN KERBIN JOOL,58.07299678517191,5.9669573476092275,2.7868299550492854,2.830615822235227,0.3495115703247147,0.0,7.128700004713768,1252.0,"141696081.851686,156384081.851686,181440081.851686,206668881.851686,249868881.851686","170,290,292,500","right_cw0,right_cw1,0rev_cw1,0rev_cw1",141696081.8516864,156384081.8516864,181440081.8516864,206668881.8516864,249868881.8516864,right_cw0,170.0,-13.581879976826588,0.4325574922048254,-0.8934116194775417,-1.181215362061415,-0.01598830150909085,-18.770982966249182,right_cw1,290.0,-3.736099160374797,0.15289010102539063,-20.785790978220742,15.010256287130936,-0.49026065046300527,-5.858907024162991,0rev_cw1,292.0,16.03180748631914,0.00038120145323658245,-5.829736736811615,-8.507093090925068,0.0002615452374960446,-15.31094282731642,0rev_cw1,500.0,-10.866037055343364,0.3057576491060459,-16.24746423225087,0.8557388141075445,-0.046020575872023003,3.374618119679062,3.9290186755154757,3.807302863836799,0.12171581167867673,49.78349042954804,79.84681632568714,30.063325896139112,0.0,6.496512417657502,6.586540172415328,0.0900277547578252,9.910555269020282,30.001110771313723,20.090555502293444,0.0,6.58066482309485,6.718432826983062,0.13776800388821275,22.133458323413368,29.262158328127136,7.128700004713768,0.0,5,,,,,,,,,,,,,,,,,,,,,,,,,,,,,,,,,,,,,,,,,,,,,,,,,
KERBIN-EVE-KERBIN-KERBIN-JOOL,KERBIN EVE KERBIN KERBIN JOOL,106.88498332074978,5.968382197658424,2.250812094573017,3.0421671115942166,0.6754029914911905,0.0,1.5553584493256003,2284.0,"843264081.851686,859680081.851686,874368081.851686,924825681.851686,1040601681.85169","190,170,584,1340","right_cw0,0rev_cw0,right_cw1,left_cw1",843264081.8516864,859680081.8516864,874368081.8516864,924825681.8516864,1040601681.8516864,right_cw0,190.0,13.43852149545493,-0.48525994820909946,0.025003763812959212,-3.668148735151945,0.21460439644870102,18.500740493509827,0rev_cw0,170.0,-0.03314152993077113,0.2193292030129596,20.202906962403258,15.260243036203113,-0.5488051635765431,0.6648854167284544,right_cw1,584.0,18.18483145270558,0.0011480688326822234,-1.3408652668417989,13.832799089846286,-0.0009482605069232265,12.01193869956032,left_cw1,1340.0,12.197520087339287,-0.3910500267094347,14.738630434864374,-3.3829376883349767,0.07742635793565668,-2.192656358954367,2.934245315074228,2.9626086053184437,0.02836329024421591,85.79057374902854,98.06946998928795,12.278896240259417,0.0,5.136891758205094,5.099156762577022,0.03773499562807192,41.04514587670234,42.60050432602794,1.5553584493256003,0.0,5.0926639760348955,4.483359270415993,0.6093047056189027,38.42501196630629,46.4838632302644,8.058851263958108,0.0,5,,,,,,,,,,,,,,,,,,,,,,,,,,,,,,,,,,,,,,,,,,,,,,,,,
KERBIN-EVE-DUNA-KERBIN-JOOL,KERBIN EVE DUNA KERBIN JOOL,110.67521516677309,5.968653190616594,2.101520498396785,3.1665755445043953,0.7005571477154144,0.0,1.0026653612673095,2510.0,"112320081.851686,130464081.851686,161568081.851686,216864081.851686,329184081.851686","210,360,640,1300","left_cw1,right_cw1,left_cw1,left_cw0",112320081.8516864,130464081.8516864,,216864081.85168642,329184081.8516864,left_cw1,210.0,-10.593754182581861,0.03695731955092752,-8.655472284329795,17.29120273175005,-0.046302677061062066,7.000749194830437,right_cw1,360.0,20.650726997094022,0.02600524453558246,4.870797265628063,-5.986324925056831,-0.020037478188883615,9.00161030972876,left_cw1,640.0,-6.362927862438312,-0.002948740762021405,9.674529308127399,5.602203658200764,-0.0049415344237607375,16.395897601911937,left_cw0,1300.0,4.293288934409461,0.0368168742613102,18.75695499505751,-2.786513208810378,-0.005608454277062368,-2.8065326799306325,3.3729079147347547,3.836046935312261,0.46313902057750633,66.63296281272845,84.68137654603771,18.048413733309268,0.0,,,,,,,,5.799305885557748,5.748907081540427,0.05039880401732155,27.03677176391043,36.05730083565789,9.020529071747465,0.0,5,,,,,,,,,,,,,,,,,,,,,,,,,,,,,,,,,,161568081.85168642,5.396583168442898,5.583602491563485,0.18701932312058656,7.816700234876842,8.819365596144152,1.0026653612673095,0.0,,,,,,,,
KERBIN-EVE-KERBIN-KERBIN-JOOL,KERBIN EVE KERBIN KERBIN JOOL,45.494975165509935,5.977650455182407,1.7061141848147625,4.008836326723541,0.26269994364410376,0.0,3.178529437124574,3204.0,"139968081.851686,156384081.851686,188352081.851686,238809681.851686,416793681.851686","190,370,584,2060","right_cw0,left_cw0,right_cw1,left_cw1",139968081.8516864,156384081.8516864,188352081.8516864,238809681.8516864,416793681.85168636,right_cw0,190.0,-10.04490080744712,0.5023055251701435,9.269265677147093,-2.922721661804863,-0.4204397061733415,-18.691421030068124,left_cw0,370.0,-5.379593979561693,-0.05860937424764545,-19.648245155509205,-15.673254278637861,0.47231802023889274,0.5132177001198039,right_cw1,584.0,-18.530899036635375,-0.000338242555863465,2.4462123118594077,-14.154267960511161,0.0001384011924613053,-12.078534218462146,left_cw1,2060.0,-13.530355148772212,1.010762566771174,-14.31888797904122,-0.2538303353133893,-0.18480940584423272,4.591687463667183,2.5112112781768685,2.645665658580379,0.13445438040351032,62.073719728863296,106.50199626612522,44.428276537261915,0.0,4.947651391300428,5.069457535443442,0.12180614414301427,40.66191386894532,43.84044330606989,3.178529437124574,0.0,5.086638608520898,5.080199189423319,0.006439419097579169,28.88507535137059,42.98748460889714,14.102409257526551,0.0,5,,,,,,,,,,,,,,,,,,,,,,,,,,,,,,,,,,,,,,,,,,,,,,,,,
KERBIN-EVE-KERBIN-KERBIN-JOOL,KERBIN EVE KERBIN KERBIN JOOL,55.5042196910132,5.983086080012594,2.4368555128153684,3.216269475043924,0.3299610921533018,0.0,4.706501851069303,3295.0,"518400081.851686,536544081.851686,554688081.851686,649296081.851686,803088081.851686","210,210,1095,1780","left_cw1,0rev_cw1,left_cw1,left_cw1",518400081.8516864,536544081.8516864,554688081.8516865,649296081.8516865,803088081.8516865,left_cw1,210.0,-10.811878426128008,-0.953923533461644,8.538471369073784,15.531494753839135,1.2865205185086923,-10.601887500613435,0rev_cw1,210.0,18.643797734613123,0.02130016481531846,-9.159440717859974,-0.7480606803307523,0.36464171313323485,-16.237136042856324,left_cw1,1095.0,-2.5989129898884533,1.5259448760457897,-18.28745418169464,-2.5998884528231176,1.5259448049241535,-18.287022474780013,left_cw1,1780.0,-4.213472486933027,0.5510553219718376,-19.093785290859476,-2.7503093928452147,-0.04562527523991226,2.94358143225294,3.2563730403581572,3.2462987676386486,0.01007427271950867,68.42462983429357,91.64210271830378,23.21747288401021,0.0,6.166400841851554,6.13310911557249,0.03329172627906374,28.19832687959805,32.904828730667354,4.706501851069303,0.0,6.134462385351637,5.8478672921969075,0.2865950931547294,19.517908297142252,34.18864465584452,14.67073635870227,0.0,5,,,,,,,,,,,,,,,,,,,,,,,,,,,,,,,,,,,,,,,,,,,,,,,,,
KERBIN-EVE-KERBIN-KERBIN-JOOL,KERBIN EVE KERBIN KERBIN JOOL,35.02637599327205,5.983508530188556,2.4368555128153684,3.3541667027332505,0.19248631463993693,0.0,4.706501851069303,3335.0,"518400081.851686,536544081.851686,554688081.851686,649296081.851686,806544081.851686","210,210,1095,1820","left_cw1,0rev_cw1,left_cw1,left_cw1",518400081.8516864,536544081.8516864,554688081.8516865,649296081.8516865,806544081.8516865,left_cw1,210.0,-10.811878426128008,-0.953923533461644,8.538471369073784,15.531494753839135,1.2865205185086923,-10.601887500613435,0rev_cw1,210.0,18.643797734613123,0.02130016481531846,-9.159440717859974,-0.7480606803307523,0.36464171313323485,-16.237136042856324,left_cw1,1095.0,-2.5989129898884533,1.5259448760457897,-18.28745418169464,-2.5998884528231176,1.5259448049241535,-18.287022474780013,left_cw1,1820.0,-3.496863098213651,0.5215924553777196,-19.252253792599788,-3.261751680072305,-0.027192068893629767,2.51751781049402,3.2563730403581572,3.2462987676386486,0.01007427271950867,68.42462983429357,91.64210271830378,23.21747288401021,0.0,6.166400841851554,6.13310911557249,0.03329172627906374,28.19832687959805,32.904828730667354,4.706501851069303,0.0,6.134462385351637,6.283582700993001,0.14912031564136452,15.272807674053487,32.44175589699533,17.168948222941847,0.0,5,,,,,,,,,,,,,,,,,,,,,,,,,,,,,,,,,,,,,,,,,,,,,,,,,
KERBIN-EVE-KERBIN-DUNA-JOOL,KERBIN EVE KERBIN DUNA JOOL,117.13046299430154,5.9836629007956015,2.2538509989076494,2.986659920729974,0.7431519811579781,0.0,1.1819537880537554,3220.0,"672192081.851686,690336081.851686,741312081.851686,827712081.851686,950400081.851686","210,590,1000,1420","left_cw1,left_cw1,right_cw1,left_cw1",672192081.8516864,690336081.8516864,741312081.8516864,,950400081.8516864,left_cw1,210.0,8.149137063153297,-0.5445709767039416,10.018596317390065,0.5602590242074381,0.5449861466425309,-18.663701022340348,left_cw1,590.0,3.254976015897563,-0.04833224124789136,-21.336526293683097,-14.999674881050113,0.5851201723999252,-8.593776715207463,right_cw1,1000.0,-17.931898360410315,-1.2904502785142944e-05,-7.743898163709446,3.4700438809241865,0.0018905257418556556,-14.890610921350355,left_cw1,1420.0,3.1511245617573556,0.021158161344883148,-15.007998691219331,2.258099426437751,-0.00022697605415929415,2.555057817611023,4.2772823297303715,4.395512919978449,0.11823059024807758,52.56202599624562,71.98893035683749,19.426904360591855,0.0,7.302122154673684,6.982390215547028,0.31973193912665643,25.00843845739269,26.190392245446446,1.1819537880537554,0.0,,,,,,,,5,,,,,,,,,,,,,,,,,,,,,,,,,,827712081.8516864,8.567140047782292,8.872329499565536,0.3051894517832441,0.9905947529205615,3.663301793014578,2.6727070400940165,0.0,,,,,,,,,,,,,,,,
KERBIN-DUNA-KERBIN-KERBIN-JOOL,KERBIN DUNA KERBIN KERBIN JOOL,27.752964509829738,5.985472363431116,2.5204943078374953,3.320477814916491,0.1445002406771292,0.0,7.618304821190596,2844.0,"715392081.851686,746496081.851686,756864081.851686,807321681.851686,961113681.851686","360,120,584,1780","right_cw1,0rev_cw1,right_cw1,left_cw0",715392081.8516864,,756864081.8516864,807321681.8516864,961113681.8516864,right_cw1,360.0,10.160991305173955,0.018095825797990267,-13.149570350426947,8.20309407879876,-5.504246865726224e-05,7.453728686553629,0rev_cw1,120.0,7.117126276829631,0.007598082744034312,7.085122521018857,-15.628519585415598,-0.017997401442538145,-5.021402053784993,right_cw1,584.0,-18.26290114809878,-0.0003283581045865155,-4.05581801154265,-9.187606200218006,0.00156034358783311,-16.095940948029256,left_cw0,1780.0,-7.90789466363595,-1.0258617119974156,-17.842193382490926,-0.2773397180697821,0.20198626498931613,4.038243046742617,,,,,,,,5.062578744414976,5.070780407430947,0.008201663015970695,32.14916704674929,43.17631721052596,11.027150163776662,0.0,5.084429343562622,5.03116416697425,0.05326517658837204,27.40077592264718,43.27696052747524,15.876184604828058,0.0,5,,746496081.8516864,2.3740908251748176,2.457124226247604,0.08303340107278645,27.39484565114599,35.013150472336584,7.618304821190596,0.0,,,,,,,,,,,,,,,,,,,,,,,,,,,,,,,,,,,,,,,,
KERBIN-EVE-KERBIN-JOOL,KERBIN EVE KERBIN JOOL,61.36948319456878,5.988420232444846,2.499108145745327,3.119195473023441,0.3701166136760783,0.0,5.427191200162521,2500.0,"196992081.851686,215136081.851686,283392081.851686,412992081.851686","210,790,1500","left_cw0,left_cw0,left_cw1",196992081.8516864,215136081.8516864,283392081.85168636,,,left_cw0,210.0,12.205324816640724,-0.4502420701691972,-0.9459298360145536,-3.490059765084769,0.10122694747784974,-17.97178364178521,left_cw0,790.0,-1.4190639937298504,-0.09662857778521047,-22.161971123157844,-17.20325033788035,0.6070088012831906,-5.432096204305778,left_cw1,1500.0,-19.03712017355847,-0.026092526155993744,-4.493106728926769,1.8676025565518786,0.0018440576178990853,2.800832573117564,,,,,,,,,5.565555268285158,5.736836347620685,0.17128107933552705,48.87307591067438,54.300267110836906,5.427191200162521,0.0,8.421337304578064,8.222501770237512,0.19883553434055123,14.818562871169695,20.446076475855918,5.627513604686223,0.0,,,,,,,,4,412992081.85168636,,,,,,,,,,,,,,,,,,,,,,,,,,,,,,,,,,,,,,,,,,,,,,,,
KERBIN-DUNA-KERBIN-KERBIN-JOOL,KERBIN DUNA KERBIN KERBIN JOOL,116.84016400525897,5.98912228038681,1.9010535133010147,3.346158788811264,0.7419099782745313,0.0,6.545835063867395,3195.0,"285120081.851686,302400081.851686,330048081.851686,424656081.851686,561168081.851686","200,320,1095,1580","0rev_cw0,right_cw1,left_cw0,left_cw1",285120081.8516864,,330048081.8516864,424656081.8516864,561168081.8516865,0rev_cw0,200.0,-14.987876884496135,-0.027750856598209795,-8.165763641136527,1.792975191768034,0.011151040402963483,10.883281060484247,right_cw1,320.0,2.1810758105367354,-0.0027204703593863844,10.002232761868504,-16.28223343015858,-0.015719105214632986,3.1259516685168967,left_cw0,1095.0,-17.811797449962203,0.8237928588156542,5.4798182679416065,-17.810330609328847,0.8237927107293728,5.482868479786389,left_cw1,1580.0,-17.861382674083313,-1.5870243601002234,7.828804165255985,3.9879043036442035,0.273235168808884,0.5464872160240664,,,,,,,,4.187548087816346,4.240064655565997,0.05251656774965152,40.68365989486623,54.38634100125407,13.702681106387834,0.0,4.240773733998118,4.58775251074553,0.3469787767474122,44.583727210014416,51.44779253917215,6.864065329157733,0.0,5,,302400081.8516864,3.3674096931955173,3.0249950594180497,0.3424146337774676,16.20891094130892,22.754746005176315,6.545835063867395,0.0,,,,,,,,,,,,,,,,,,,,,,,,,,,,,,,,,,,,,,,,
KERBIN-DUNA-KERBIN-KERBIN-JOOL,KERBIN DUNA KERBIN KERBIN JOOL,98.2737178561108,5.990870017471201,1.8019232143755666,3.5713550137322985,0.6175917893633356,0.0,8.381188995985568,3136.0,"781056081.851686,822528081.851686,832896081.851686,908582481.851686,1052006481.85169","480,120,876,1660","left_cw0,0rev_cw1,left_cw1,left_cw1",781056081.8516864,,832896081.8516864,908582481.8516864,1052006481.8516864,left_cw0,480.0,16.025122226784582,0.0179223312794896,3.683256438302878,-1.82501894272476,-0.003071091831674829,-11.486257281026946,0rev_cw1,120.0,-2.3900019968649557,0.012326751019736938,-10.468386667594716,-3.002389470353255,-0.022469479721004784,15.930067977153552,left_cw1,876.0,-4.142778118065349,-0.0027560884788293185,17.655066624263817,10.30475930878971,-0.0015964319316958409,14.574953894661153,left_cw1,1660.0,13.390222368934777,-0.2753979152755485,13.758952839235205,0.38978838122175397,0.04033026121278436,-4.554599566154505,,,,,,,,3.992322708399601,4.5161129914828475,0.5237902830832466,27.250505995047583,53.77741898675691,26.52691299170933,0.0,4.5429524499913105,4.541756208547761,0.0011962414435497948,41.292805392756236,49.673994388741804,8.381188995985568,0.0,5,,822528081.8516864,2.2476945859031527,2.1550893210666136,0.09260526483653919,30.574446697761342,39.90697283962848,9.33252614186714,0.0,,,,,,,,,,,,,,,,,,,,,,,,,,,,,,,,,,,,,,,,
KERBIN-EVE-KERBIN-DUNA-JOOL,KERBIN EVE KERBIN DUNA JOOL,140.70399714117707,5.994455596683589,2.054145893728294,3.0376646805614644,0.9026450223938305,0.0,2.3700233875976298,1920.0,"292032081.851686,311904081.851686,338688081.851686,404352081.851686,457920081.851686","230,310,760,620","left_cw1,right_cw0,0rev_cw1,0rev_cw1",292032081.8516864,311904081.8516864,338688081.8516864,,457920081.8516864,left_cw1,230.0,12.907197008038146,-0.4610123424872538,0.6790770017659623,-3.740404890642413,0.21446614686782448,-18.401803763810918,right_cw0,310.0,-0.25589902177387913,-0.08535410913621794,-21.371724309617044,14.046753816743424,-0.537903760981465,-8.591094770020424,0rev_cw1,760.0,16.94416087239315,0.02803510751037216,-8.330686633264241,-5.537720843959456,-0.005259379770689578,-13.498425234229494,0rev_cw1,620.0,-5.298542029988032,0.2794568650726181,-13.940589151172436,-3.113199752663213,0.03150240331945397,1.9301789129107336,3.926796513026883,3.664012013995253,0.26278449903163015,74.28778166981401,81.15049098290511,6.862709313091111,0.0,6.766120734475863,6.900825784718297,0.13470505024243362,25.022640395832727,28.060248979034597,3.0376085832018713,0.0,,,,,,,,5,,,,,,,,,,,,,,,,,,,,,,,,,,404352081.8516864,7.681682778624636,8.186838251744403,0.5051554731197667,2.0256349392278246,4.395658326825454,2.3700233875976298,0.0,,,,,,,,,,,,,,,,
KERBIN-EVE-KERBIN-JOOL,KERBIN EVE KERBIN JOOL,45.46801635656832,5.995079219569726,2.47362120617518,3.258051665657179,0.2634063477373667,0.0,1.7352250323298797,1900.0,"17280081.8516864,35424081.8516864,62208081.8516864,181440081.851686","210,310,1380","left_cw1,right_cw0,left_cw0",17280081.851686403,35424081.8516864,62208081.8516864,,,left_cw1,210.0,-10.052756666382859,0.6316872090029433,-9.074734706614874,6.009123387791172,-0.7087140153509642,17.475165036229676,right_cw0,310.0,3.239097261453649,0.14781028352200812,20.881675750268222,-12.420586373659734,0.5413814998497265,11.615448006867386,left_cw0,1380.0,-15.59881171516492,0.7054756864940217,11.604637314445881,2.6896358135457588,-0.13123335554260784,-2.7251685101696115,,,,,,,,,3.6132504256861964,3.7411838312108134,0.12793340552461707,74.90410955983397,83.31725898967281,8.413149429838843,0.0,6.661595090286696,6.526122148073946,0.13547294221274964,27.90474835377884,29.639973386108718,1.7352250323298797,0.0,,,,,,,,4,181440081.85168642,,,,,,,,,,,,,,,,,,,,,,,,,,,,,,,,,,,,,,,,,,,,,,,,
KERBIN-EVE-KERBIN-KERBIN-JOOL,KERBIN EVE KERBIN KERBIN JOOL,119.44166686070574,6.001320634224147,2.2685023308748735,2.9725918066641412,0.7602264966851315,0.0,10.210829209426228,2678.0,"393984081.851686,408672081.851686,457920081.851686,495763281.851686,625363281.851686","170,570,438,1500","right_cw0,left_cw1,right_cw1,left_cw0",393984081.8516864,408672081.8516864,457920081.8516864,495763281.8516864,625363281.8516865,right_cw0,170.0,-13.339269630012486,0.4564419019930357,0.12511173685061627,2.0436385720770245,-0.12610522617233538,-18.4904919081654,left_cw1,570.0,-0.6651452927994725,0.23431510443665868,-21.491348919325507,-13.261118714506084,0.5767228707066391,-10.860869489083264,right_cw1,438.0,-14.009418840087793,0.0006197027546858682,-11.18794379466836,12.311976402087684,0.0010724160561997925,-12.36269709762647,left_cw0,1500.0,14.030254864990892,-0.4378873049022534,-13.009284363876331,-1.6566807145259566,0.06462755922315072,3.038924851955672,3.9597380246047766,4.004694195325785,0.04495617072100799,61.27071103002561,77.84875997625376,16.57804894622815,0.0,7.083251459459235,7.269288165506447,0.18603670604721234,7.846698138339414,25.995040070002783,18.148341931663367,0.0,7.27698892510083,7.806222545017741,0.5292336199169112,13.80776345028914,24.018592659715367,10.210829209426228,0.0,5,,,,,,,,,,,,,,,,,,,,,,,,,,,,,,,,,,,,,,,,,,,,,,,,,
KERBIN-EVE-KERBIN-KERBIN-JOOL,KERBIN EVE KERBIN KERBIN JOOL,49.35690891720742,6.001409814116892,1.6694605975238135,4.043205494074916,0.2887437225181628,0.0,2.421219084226101,2784.0,"340416081.851686,360288081.851686,393984081.851686,444441681.851686,580953681.851686","230,390,584,1580","left_cw1,left_cw0,right_cw1,right_cw1",340416081.8516864,360288081.8516864,393984081.8516864,444441681.8516864,580953681.8516865,left_cw1,230.0,11.548636515597721,-0.5536917697289665,6.4475242681273555,-3.4096029837823214,0.5234487867057296,-18.648448630938283,left_cw0,390.0,-0.9235506686642223,-0.03139207274298773,-20.491984878996988,-15.406795198393489,0.525217857593723,-3.920437983468049,right_cw1,584.0,-18.545880603529454,-0.00031235494102526545,-2.4515318093280127,-10.54544758803216,0.0006997955979063537,-15.265049459784715,right_cw1,1580.0,-9.523680873485773,0.27631094832246444,-17.271009246497954,4.813711684409697,-0.008576767900889213,-1.1684157295263435,2.7502321278911297,2.7805084126841204,0.030276284792990715,69.29199683632119,102.16144858667275,32.86945175035156,0.0,5.303853349794324,5.07218982887545,0.23166352091887443,39.41030854131148,41.831527625537575,2.421219084226101,0.0,5.086658793492198,5.113462710298496,0.02680391680629768,25.69254353052534,42.80081543656672,17.10827190604138,0.0,5,,,,,,,,,,,,,,,,,,,,,,,,,,,,,,,,,,,,,,,,,,,,,,,,,
KERBIN-DUNA-KERBIN-KERBIN-JOOL,KERBIN DUNA KERBIN KERBIN JOOL,34.63481427429391,6.0037959848084865,2.510808353947303,3.3036107808095805,0.18937685005160265,0.0,1.5927238174237932,3256.0,"682560081.851686,713664081.851686,730944081.851686,806630481.851686,963878481.851686","360,200,876,1820","right_cw1,0rev_cw1,left_cw1,left_cw1",682560081.8516864,,730944081.8516864,806630481.8516864,963878481.8516864,right_cw1,360.0,2.6341237230847208,0.015999878463278116,-16.643813626114234,11.677616223037466,0.0028532956245422335,0.265809627556556,0rev_cw1,200.0,10.80349720129087,0.006218831672891056,0.50550278663935,6.391359749695717,0.015885232607294356,-14.842768916691254,left_cw1,876.0,8.197329385972957,0.0023976451495710273,-15.884995937093203,-6.621004052959746,0.0018523125780078354,-16.916895220275325,left_cw1,1820.0,-10.263644205081224,0.6345002722709303,-16.705681524520358,-0.7087926326945388,-0.09951137298475597,4.054902110796682,,,,,,,,4.446067753287088,4.545259122884126,0.09919136959703767,26.78975165847555,50.31149172594559,23.521740067470038,0.0,4.509625883641995,4.550298247891634,0.04067236424963916,48.24946832825488,49.84219214567867,1.5927238174237932,0.0,5,,713664081.8516864,2.9573911658845216,2.9078780496795957,0.04951311620492582,17.753603821028644,26.117562017227144,8.363958196198501,0.0,,,,,,,,,,,,,,,,,,,,,,,,,,,,,,,,,,,,,,,,
KERBIN-EVE-KERBIN-JOOL,KERBIN EVE KERBIN JOOL,112.39696242997971,6.005533543515156,2.0175303418404242,3.2751386944102925,0.71286450726444,0.0,6.874884283502957,2280.0,"368064081.851686,387936081.851686,438912081.851686,565056081.851686","230,590,1460","left_cw0,left_cw0,left_cw1",368064081.8516864,387936081.8516864,438912081.8516864,,,left_cw0,230.0,6.549802048265805,-0.1495416746094857,-11.24407441586222,-17.519725142271916,0.053847391501284425,-6.654075272049376,left_cw0,590.0,-18.923815999138217,-0.00011811210441847741,-10.428485713977633,-13.785564556816968,0.18035437738411714,10.21450215200758,left_cw1,1460.0,-15.048064062940671,-0.3978047788598395,12.229183486359835,3.545718265876057,0.028784345156337727,0.4626617737677857,,,,,,,,,4.21172570984681,4.237929182261696,0.02620347241488563,56.93184290527377,73.77969596768239,16.847853062408614,0.0,6.920160378387899,7.606821413237453,0.6866610348495543,18.628344266761797,25.503228550264755,6.874884283502957,0.0,,,,,,,,4,565056081.8516865,,,,,,,,,,,,,,,,,,,,,,,,,,,,,,,,,,,,,,,,,,,,,,,,
KERBIN-DUNA-KERBIN-KERBIN-JOOL,KERBIN DUNA KERBIN KERBIN JOOL,122.2397057082923,6.006621170578102,2.278507382850836,2.9491602323612236,0.778953555366042,0.0,5.3485285584490185,2016.0,"412992081.851686,444096081.851686,461376081.851686,537062481.851686,587174481.851686","360,200,876,580","right_cw1,0rev_cw1,left_cw1,0rev_cw0",412992081.8516864,,461376081.8516864,537062481.8516865,587174481.8516865,right_cw1,360.0,-6.934901557740804,0.008876232614154766,-15.550284587995861,10.186265712351998,0.0019401688613101921,-6.387458759211685,0rev_cw1,200.0,9.62115983047844,0.003883576771578131,-5.577785786525455,-2.6441218352419593,0.00891335457013637,-16.06991635549136,left_cw1,876.0,-2.1566491806696106,0.001502316071179208,-17.879564953995644,-15.21366979130154,0.0004981095898978249,-10.102156643400821,0rev_cw0,580.0,-17.49811357657544,-0.3364410799322631,-8.838081532319933,2.289905598789332,0.055947435188185464,2.98818529074786,,,,,,,,4.072796017375381,4.543227605266412,0.47043158789103057,24.346922150367078,52.97995314077022,28.633030990403146,0.0,4.511659079574155,4.605547135058909,0.09388805548475343,33.544993509129164,49.45454053759082,15.909547028461658,0.0,5,,444096081.8516864,3.3123129204634822,3.097679008473224,0.21463391199025805,17.304684677778642,22.65321323622766,5.3485285584490185,0.0,,,,,,,,,,,,,,,,,,,,,,,,,,,,,,,,,,,,,,,,
KERBIN-EVE-KERBIN-KERBIN-JOOL,KERBIN EVE KERBIN KERBIN JOOL,63.22350520261369,6.007239566916815,2.490419949846922,3.1340751150946162,0.3827445019752771,0.0,8.415598793393825,2598.0,"91584081.8516864,111456081.851686,162432081.851686,200275281.851686,316051281.851686","230,590,438,1340","left_cw0,left_cw0,right_cw1,left_cw1",91584081.8516864,111456081.8516864,162432081.85168642,200275281.85168642,316051281.8516864,left_cw0,230.0,-2.9862932569976515,0.09692792669849547,12.86342820040339,17.864734617589555,-0.012536643937168725,4.284129824501202,left_cw0,590.0,19.82790929226182,0.003367196797716257,7.950648883267817,12.009714785887663,-0.11330082932999522,-11.953841710199818,right_cw1,438.0,12.114498773068505,0.0004421296837887897,-12.760602952467199,11.907328568906983,-0.00020586271507400062,12.960212611407169,left_cw1,1340.0,11.737277898338597,-0.25850349905429076,15.143086862197176,-3.310603518626774,0.03900704420143722,-1.7359269650616185,4.114395915775093,4.243282664273245,0.12888674849815196,59.66313139480105,74.53241575071928,14.869284355918225,0.0,7.327841890717858,7.2474647139721045,0.08037717674575351,6.4307534205785615,25.36926701504349,18.93851359446493,0.0,7.251046372983686,7.077565796252315,0.17348057673137163,17.647922606020465,26.063521399414288,8.415598793393825,0.0,5,,,,,,,,,,,,,,,,,,,,,,,,,,,,,,,,,,,,,,,,,,,,,,,,,
KERBIN-EVE-KERBIN-JOOL,KERBIN EVE KERBIN JOOL,152.1377869388945,6.00736041888759,1.8808323100499962,3.1468187789486444,0.9797093298889497,0.0,7.37136100155662,2200.0,"921024081.851686,940896081.851686,991872081.851686,1111104081.85169","230,590,1380","left_cw0,left_cw0,left_cw1",921024081.8516864,940896081.8516864,991872081.8516864,,,left_cw0,230.0,10.687473956542242,-0.2740129279104877,-7.408222292686418,-14.842039419735865,0.1449020526533827,-11.568278582190878,left_cw0,590.0,-14.56419535011686,0.05242864708053847,-15.965511886648027,-16.86666821369433,0.3289261871308067,3.514821031208763,left_cw1,1380.0,-18.964880090622835,-0.34515257651142367,4.522337048430617,3.5657570110045147,0.056862668034023296,-0.14330052491049516,,,,,,,,,3.8848335889029095,3.9474745272096423,0.06264093830673279,68.4753445875346,78.99930811537382,10.523963527839236,0.0,6.914498022839715,7.831566414421932,0.9170683915822169,17.53228979519377,24.90365079675039,7.37136100155662,0.0,,,,,,,,4,1111104081.8516865,,,,,,,,,,,,,,,,,,,,,,,,,,,,,,,,,,,,,,,,,,,,,,,,
KERBIN-EVE-KERBIN-KERBIN-JOOL,KERBIN EVE KERBIN KERBIN JOOL,105.86583885161123,6.007822984368607,1.7525351031830187,3.587094757968832,0.6681931232167564,0.0,2.2769205301512927,2504.0,"473472081.851686,481248081.851686,495936081.851686,546393681.851686,689817681.851686","90,170,584,1660","0rev_cw1,0rev_cw0,right_cw1,left_cw1",473472081.8516864,481248081.8516864,495936081.8516864,546393681.8516865,689817681.8516865,0rev_cw1,90.0,-13.502419389643668,0.4822276893110615,-1.9205765293190047,6.177747655779454,-0.32576407226898485,17.450266265131006,0rev_cw0,170.0,3.5655243072112985,0.07347787658938094,19.8113690836296,15.192540748129044,-0.4767660826922415,0.5180173554838357,right_cw1,584.0,18.185904786974753,0.000705960103942301,-1.330471282615191,13.826174396623223,-0.0004958751354101746,12.020530348047487,left_cw1,1660.0,12.64034130551528,-0.5055270377641629,14.493922773590727,-0.21298813646473502,0.0993502875612116,-4.560894854821699,2.8930966119290855,2.7451335633073017,0.14796304862178378,77.8324799400127,100.94377330877985,23.111293368767146,0.0,4.96620392792767,5.102906703297707,0.13670277537003717,41.264814240645464,43.54173477079675,2.2769205301512927,0.0,5.090327949908922,4.706800650683986,0.38352729922493545,32.782455383957554,45.13382656147672,12.351371177519164,0.0,5,,,,,,,,,,,,,,,,,,,,,,,,,,,,,,,,,,,,,,,,,,,,,,,,,
KERBIN-EVE-KERBIN-JOOL,KERBIN EVE KERBIN JOOL,24.893373809358152,6.012564274231429,2.4050572997260544,3.4815197099446356,0.12598726456073894,0.0,4.694692133557649,1480.0,"827712081.851686,835488081.851686,898560081.851686,955584081.851686","90,730,660","0rev_cw0,left_cw0,0rev_cw0",827712081.8516864,835488081.8516864,898560081.8516864,,,0rev_cw0,90.0,12.40137013472966,-0.4548045357899602,-1.3943411253103664,-3.424509588498541,0.09900348745804217,-18.15023078151439,left_cw0,730.0,-0.992552472233835,-0.03468963856928009,-22.031667104934467,-16.62298926434595,0.5889039072102377,-6.5104626412009186,0rev_cw0,660.0,-18.802343835371676,0.04577626742791552,-5.679009427985433,0.4394955774925964,-0.0007601316584408728,3.7274489965553146,,,,,,,,,5.108773523671463,5.122146534190517,0.013373010519053707,53.21674432057276,60.79706758977739,7.580323269204634,0.0,8.026046471900058,7.9134322178583725,0.11261425404168524,17.26447169743036,21.95916383098801,4.694692133557649,0.0,,,,,,,,4,955584081.8516864,,,,,,,,,,,,,,,,,,,,,,,,,,,,,,,,,,,,,,,,,,,,,,,,
KERBIN-EVE-KERBIN-JOOL,KERBIN EVE KERBIN JOOL,102.02073783633281,6.015629016961474,2.103976054661268,3.2683481313404408,0.6433048309597647,0.0,5.2334483812001436,1880.0,"15552081.8516864,35424081.8516864,62208081.8516864,177984081.851686","230,310,1340","left_cw0,right_cw0,left_cw0",15552081.851686401,35424081.8516864,62208081.8516864,,,left_cw0,230.0,-13.334248271869253,0.4547428926398762,2.213848146719094,5.936287509427429,-0.1467747666237424,17.44018805988656,right_cw0,310.0,3.239097261453649,0.14781028352200812,20.881675750268222,-12.420586373659734,0.5413814998497265,11.615448006867386,left_cw0,1340.0,-15.066312481357922,0.5606963669398419,12.258425876585124,2.1047334116717265,-0.0932866637783356,-3.113225123985477,,,,,,,,,3.5107511518073196,3.7411838312108134,0.23043267940349388,74.28176801812111,84.27592357142223,9.994155553301118,0.0,6.661595090286696,7.074467241842966,0.41287215155627077,22.608566122752453,27.842014503952598,5.2334483812001436,0.0,,,,,,,,4,177984081.85168642,,,,,,,,,,,,,,,,,,,,,,,,,,,,,,,,,,,,,,,,,,,,,,,,
KERBIN-EVE-KERBIN-JOOL,KERBIN EVE KERBIN JOOL,17.07647375437653,6.017564093237749,2.327795957930165,3.6165147082778977,0.07325342702968651,0.0,2.6488111479010787,1440.0,"620352081.851686,640224081.851686,691200081.851686,744768081.851686","230,590,620","left_cw0,left_cw0,0rev_cw1",620352081.8516864,640224081.8516864,691200081.8516864,,,left_cw0,230.0,6.162330008473644,-0.2228968025301264,-11.339571901748565,-16.375894264367584,0.03653730871514348,-8.982255791758234,left_cw0,590.0,-17.563988344565793,-0.04601427098730498,-12.613468664438583,-13.907077324016926,0.27576934743542675,10.063905086981201,0rev_cw1,620.0,-14.64797910790858,-0.3969556168301592,12.802623007756653,3.637783125296416,0.011235546839962397,1.4016506364519836,,,,,,,,,4.68883060104154,4.682574606796008,0.00625599424553247,48.13162857809896,66.69599892842821,18.56437035032925,0.0,7.105062929486054,7.172060362270208,0.06699743278415404,23.562922272707844,26.211733420608923,2.6488111479010787,0.0,,,,,,,,4,744768081.8516864,,,,,,,,,,,,,,,,,,,,,,,,,,,,,,,,,,,,,,,,,,,,,,,,
KERBIN-EVE-KERBIN-KERBIN-JOOL,KERBIN EVE KERBIN KERBIN JOOL,93.09548843069231,6.017874009776162,2.544468602156347,2.8901577714555695,0.5832476361642458,0.0,10.830753698948351,2730.0,"212544081.851686,234144081.851686,259200081.851686,322272081.851686,448416081.851686","250,290,730,1460","left_cw0,right_cw0,left_cw0,left_cw0",212544081.8516864,234144081.8516864,259200081.8516864,322272081.85168636,448416081.85168636,left_cw0,250.0,12.781754837324458,-0.4455767295743042,-3.639103467334481,-5.882940808278199,0.12219990831190498,-18.112077273889003,right_cw0,290.0,-4.168757582057266,-0.12840007325888608,-20.786164921402186,11.450733054978505,-0.5194534309379278,-11.522499250644998,left_cw0,730.0,12.607726803414243,-0.3431007225839584,-11.7931721683952,12.60695620373935,-0.3431006469346296,-11.795140988923553,left_cw0,1460.0,14.728812299558827,-0.5124239153655589,-12.219476361340469,-1.3278733357575423,0.06825659471860013,3.253616187629483,3.6038662965142714,3.7072795764236397,0.10341327990936833,51.6490529104348,83.72071343885361,32.07166052841881,0.0,6.469652106189534,6.430934782460271,0.038717323729262176,10.680247831392924,30.645193872055476,19.964946040662554,0.0,6.4368088760555775,6.877925908581193,0.4411170325256153,18.378890004309085,29.209643703257434,10.830753698948351,0.0,5,,,,,,,,,,,,,,,,,,,,,,,,,,,,,,,,,,,,,,,,,,,,,,,,,
KERBIN-EVE-DUNA-EVE-JOOL,KERBIN EVE DUNA EVE JOOL,55.76025459705333,6.018110664558312,2.2129079018137507,3.4730229398002814,0.33217982294427895,0.0,4.538712920667758,2470.0,"371520081.851686,389664081.851686,417312081.851686,455328081.851686,584928081.851686","210,320,440,1500","left_cw1,right_cw1,left_cw0,left_cw0",371520081.8516864,389664081.8516864,,,584928081.8516865,left_cw1,210.0,11.487249024093508,-0.47000560910252914,5.166260746351159,-2.112342625697078,0.32424938193415864,-18.402736863592867,right_cw1,320.0,-0.6274386181527705,0.3378974594805647,-21.164382109903357,10.987070318719807,-0.3680590338575197,-0.7995449776783778,left_cw0,440.0,10.840102887935519,0.14490982569662644,-1.0007672395059517,-18.078302215596032,-0.29788245308949896,-10.870926936908818,left_cw0,1500.0,-21.755251161501192,-0.5099935379498605,-8.665292268218229,2.0538942838849064,0.060012101212717536,2.647030365703886,4.767178480786387,4.84192149719241,0.07474301640602299,38.080209195553984,64.99931428256419,26.919105087010195,0.0,,,,,,,,,,,,,,,5,,,,,,,,,,,,,,,,,,,,,,,,,,,,,,,,,,417312081.8516864,4.835194541251475,5.041665147396964,0.20647060614548884,6.171947841185737,10.710660761853497,4.538712920667758,0.0,455328081.8516864,6.100671992530794,6.151638192923561,0.050966200392767114,41.018730461686935,49.24619113843936,8.227460676752425,0.0
KERBIN-EVE-KERBIN-KERBIN-JOOL,KERBIN EVE KERBIN KERBIN JOOL,36.01729495164611,6.018160211022585,2.664740371450034,3.154269059361908,0.19915078021064314,0.0,5.037588542906133,3115.0,"922752081.851686,932256081.851686,953856081.851686,1048464081.85169,1191888081.85169","110,250,1095,1660","0rev_cw1,right_cw0,left_cw0,left_cw0",922752081.8516864,932256081.8516864,953856081.8516864,1048464081.8516864,1191888081.8516865,0rev_cw1,110.0,13.536465065778312,-0.4761844927963853,-0.6005849768780884,-2.908992890244929,0.18839392284081768,-18.99468716312866,right_cw0,250.0,-1.0435612624485542,0.008604606501121156,-20.613633598619153,14.229995728119441,-0.5108970143273031,-6.138085571749828,left_cw0,1095.0,17.316281451829234,-0.7386342382892885,-5.521256063728774,17.316086128919622,-0.7386335249755677,-5.525773164920466,left_cw0,1660.0,18.598462698291033,-1.637245507839741,-4.364148160959545,-4.095653780430032,0.3550177442987301,-0.5659116000857118,2.915678008278575,2.9816713861554573,0.06599337787688242,49.64579409290757,98.06403853052447,48.41824443761689,0.0,5.532781417856105,5.608547293711362,0.0757658758552564,32.89709844972515,37.934686992631285,5.037588542906133,0.0,5.6076805122253,5.665072038703804,0.05739152647850432,19.91120037402875,37.31435694987779,17.40315657584904,0.0,5,,,,,,,,,,,,,,,,,,,,,,,,,,,,,,,,,,,,,,,,,,,,,,,,,
KERBIN-EVE-KERBIN-JOOL,KERBIN EVE KERBIN JOOL,123.59062172239476,6.020759752798167,2.3028253669448384,2.9294098779687263,0.7885245078846026,0.0,2.9960047676465362,1020.0,"546048081.851686,564192081.851686,590976081.851686,634176081.851686","210,310,500","left_cw1,right_cw0,0rev_cw0",546048081.8516864,564192081.8516864,590976081.8516864,,,left_cw1,210.0,8.058835431455211,-0.5748857528471402,10.179435784450538,-0.8945631675314893,0.6198732115656375,-18.70613994001123,right_cw0,310.0,2.126960715290627,-0.1808757826468936,-21.27641993608072,14.00260688721205,-0.5732308323171397,-8.719027754068946,0rev_cw0,500.0,16.9113779482795,-0.5293258330338145,-8.891470144828878,-2.347088334862478,0.07843654606209752,2.6090116609477594,,,,,,,,,4.19922160606351,3.9469253357804677,0.25229627028304247,59.478651337292774,76.29638229009682,16.817730952804048,0.0,6.891162643443021,7.427390881044581,0.5362282376015601,23.096379408027456,26.092384175673992,2.9960047676465362,0.0,,,,,,,,4,634176081.8516864,,,,,,,,,,,,,,,,,,,,,,,,,,,,,,,,,,,,,,,,,,,,,,,,
KERBIN-EVE-DUNA-KERBIN-JOOL,KERBIN EVE DUNA KERBIN JOOL,80.67401897439628,6.021698351739474,2.237969511479715,3.2844575750395055,0.4992712652202531,0.0,1.123272581454191,2070.0,"720576081.851686,735264081.851686,766368081.851686,783648081.851686,899424081.851686","170,360,200,1340","right_cw1,right_cw1,0rev_cw0,left_cw1",720576081.8516864,735264081.8516864,,783648081.8516864,899424081.8516864,right_cw1,170.0,3.330014568962603,-0.3261238526860631,12.526103940146966,-17.93946628706324,0.05121199389211955,4.569231695399866,right_cw1,360.0,-19.714137310017822,-0.583878392679242,8.331105130592228,-1.7324050408366212,0.4109383396256733,-12.058164373284079,0rev_cw0,200.0,-2.047885858514188,-0.006543408004624836,-11.733648583759857,-2.110170808906018,0.0078064466626319405,16.512490348243244,left_cw1,1340.0,-0.7194929732771094,-0.4622378532605456,19.10281424734421,2.2298197836736695,0.050196961228599346,-2.881556409376776,4.33100555978503,4.276806159735336,0.05419940004969437,58.52204740760355,72.50531073655586,13.9832633289523,0.0,,,,,,,,7.5441231622198694,7.688101219222307,0.14397805700243715,22.518066975893106,23.641339557347298,1.123272581454191,0.0,5,,,,,,,,,,,,,,,,,,,,,,,,,,,,,,,,,,766368081.8516864,6.409898151174471,6.710991959342593,0.3010938081681216,4.6932868162229875,6.318959400885018,1.6256725846620306,0.0,,,,,,,,
KERBIN-DUNA-KERBIN-KERBIN-JOOL,KERBIN DUNA KERBIN KERBIN JOOL,64.55058379922087,6.021921693308136,2.6302629486625615,3.0013050507918675,0.3903536938537071,0.0,6.178299951442002,3576.0,"632448081.851686,691200081.851686,729216081.851686,804902481.851686,941414481.851686","680,440,876,1580","left_cw0,right_cw0,left_cw1,left_cw0",632448081.8516864,,729216081.8516864,804902481.8516864,941414481.8516864,left_cw0,680.0,-13.879029312995993,-0.011196137554169113,-11.10886629725786,-6.810442063452035,-0.0003797141315546827,9.771868910790904,right_cw0,440.0,-6.979950711912093,0.02815904068564709,9.328844209157056,-4.057959335804117,-0.05081480209661065,-16.92591344514061,left_cw1,876.0,-3.698041248543296,0.002190517251464837,-17.647498729944893,-16.05377109147546,0.0005587741404940478,-8.722846604767797,left_cw0,1580.0,-18.356638886095414,-0.6650367302796847,-6.851643021810234,2.7271304234642657,0.11477445633588171,2.614494122030018,,,,,,,,4.475751162174223,4.542405606206019,0.06665444403179599,10.247356797610827,50.127276018461885,39.87991922085106,0.0,4.513502943410224,4.522062923108884,0.008559979698659959,39.33444376893317,50.00819993807606,10.673756169142893,0.0,5,,691200081.8516864,4.915514239453389,5.23065350957664,0.31513927012325116,4.019799736365008,10.19809968780701,6.178299951442002,0.0,,,,,,,,,,,,,,,,,,,,,,,,,,,,,,,,,,,,,,,,
KERBIN-DUNA-KERBIN-DUNA-JOOL,KERBIN DUNA KERBIN DUNA JOOL,92.96718393226584,6.02463205300988,2.7635942367863784,2.680251597975213,0.5807862182482886,0.0,2.5907860595047003,3340.0,"696384081.851686,724032081.851686,762048081.851686,938304081.851686,984960081.851686","320,440,2040,540","0rev_cw1,right_cw1,left_cw1,0rev_cw1",696384081.8516864,,762048081.8516864,,984960081.8516864,0rev_cw1,320.0,-8.193960291736035,0.0008667328242896004,-15.771517541880705,-11.272592748516985,-0.0009313479108992605,4.104422945761698,right_cw1,440.0,-10.958000844541239,0.00035599085963002454,3.9155346810489706,5.2016820637692955,-0.0001518110300039633,-16.474708667822156,left_cw1,2040.0,8.822147211107545,0.020518824020682794,-17.177102759429175,-6.647540394263912,0.009132358726533053,-13.436868391539004,0rev_cw1,540.0,-6.737299556825416,0.26681787203525087,-13.348534070834102,-1.1807503180295778,-0.02176102556688779,3.5091519827275364,,,,,,,,4.09749858779096,4.540401716982083,0.44290312919112296,50.22882083425584,52.81960689376054,2.5907860595047003,0.0,,,,,,,,5,,724032081.8516864,4.637296921959547,4.613675415608314,0.02362150635123328,4.537108689405801,12.056318089283483,7.519209399877682,0.0,,,,,,,,,,,,,,,,,938304081.8516864,7.168854692063685,7.054593109357753,0.11426158270593234,2.119618440688015,5.421083745604417,3.301465304916402,0.0,,,,,,,,,,,,,,,,
KERBIN-EVE-DUNA-KERBIN-JOOL,KERBIN EVE DUNA KERBIN JOOL,141.34376740586123,6.025308238301855,2.2685023308748735,2.8508428437717233,0.9059630636552578,0.0,1.503234779096069,2630.0,"393984081.851686,408672081.851686,457056081.851686,495072081.851686,621216081.851686","170,560,440,1460","right_cw0,left_cw0,right_cw1,left_cw0",393984081.8516864,408672081.8516864,,495072081.8516864,621216081.8516865,right_cw0,170.0,-13.339269630012486,0.4564419019930357,0.12511173685061627,2.0436385720770245,-0.12610522617233538,-18.4904919081654,left_cw0,560.0,-1.7107096636930703,-0.5853369478424082,-21.557567222883147,-10.779146170834247,0.4195518494184176,2.6765332681398384,right_cw1,440.0,-11.193251670184502,-0.0016014686962948438,3.112228305308908,9.759159048533348,0.0029377955961884497,-14.144474229013213,left_cw0,1460.0,11.738378809710893,-0.4680262405945369,-15.172644877259936,-0.3689246211345799,0.05992285322577471,3.5272035690722903,3.9597380246047766,3.9894153063324787,0.02967728172770201,75.55345612409917,77.98086539156795,2.4274092674687693,0.0,,,,,,,,5.802327199737543,6.459811460901416,0.6574842611638729,20.536348377610864,33.05267611738503,12.51632773977417,0.0,5,,,,,,,,,,,,,,,,,,,,,,,,,,,,,,,,,,457056081.8516864,5.598470048799562,5.379668528035879,0.21880152076368287,7.319173214192753,8.822407993288822,1.503234779096069,0.0,,,,,,,,
KERBIN-DUNA-KERBIN-KERBIN-JOOL,KERBIN DUNA KERBIN KERBIN JOOL,115.18844466066787,6.025697974304114,2.5204943078374953,2.774271840320294,0.7309318261463242,0.0,8.221950485616738,3056.0,"715392081.851686,746496081.851686,763776081.851686,839462481.851686,979430481.851686","360,200,876,1620","right_cw1,0rev_cw1,left_cw1,left_cw1",715392081.8516864,,763776081.8516864,839462481.8516864,979430481.8516864,right_cw1,360.0,10.160991305173955,0.018095825797990267,-13.149570350426947,8.20309407879876,-5.504246865726224e-05,7.453728686553629,0rev_cw1,200.0,7.779502019143024,0.003976924180758358,7.12891251831084,13.023125587893434,0.017043612367817717,-9.645083176842217,left_cw1,876.0,14.82960677723588,0.0019099418034212393,-9.847857520477277,2.6482568263832515,0.0023608489587409387,-17.847440160884574,left_cw1,1620.0,0.27259413626582607,1.498714881517915,-19.36431511742414,-1.5002410162216078,-0.2615121131777039,3.4285058648848827,,,,,,,,4.228789394516478,4.5526992990620245,0.32390990454554647,23.523188489392727,51.78210011821639,28.258911628823665,0.0,4.519900919609343,4.78690092103157,0.26700000142222713,39.97650266453637,48.19845315015311,8.221950485616738,0.0,5,,746496081.8516864,2.3740908251748176,2.5141127453533683,0.14002192017855064,12.10306973733444,34.42368488162605,22.320615144291615,0.0,,,,,,,,,,,,,,,,,,,,,,,,,,,,,,,,,,,,,,,,
KERBIN-EVE-KERBIN-KERBIN-JOOL,KERBIN EVE KERBIN KERBIN JOOL,117.14633876795224,6.028114247925766,1.8274613517325624,3.4570153059399464,0.7436375902532566,0.0,1.6015523915985375,2544.0,"290304081.851686,306720081.851686,323136081.851686,373593681.851686,510105681.851686","190,190,584,1580","right_cw0,0rev_cw0,right_cw1,left_cw0",290304081.8516864,306720081.8516864,323136081.8516864,373593681.8516864,510105681.8516864,right_cw0,190.0,11.78818022581512,-0.45184065236863546,-6.072202783646276,1.226338804057006,0.2904734181724269,18.640526514721472,0rev_cw0,190.0,3.0006085980395656,-0.07198475569602965,20.138794418014996,14.735006821989346,-0.47947094716416033,4.791006532648574,right_cw1,584.0,17.925558795722733,0.00019970513305322068,3.2797426012298794,10.349563998584332,-0.0005133379864306306,15.181439904562538,left_cw0,1580.0,10.136800438688965,0.3052461424393098,16.35837356584635,-0.4966411818574903,-0.06761200981942958,-4.3572759431775125,3.0986688775744913,3.244338844996027,0.1456699674215356,43.42253434733335,93.29467846440546,49.87214411707211,0.0,5.442840192242113,5.101725511599768,0.3411146806423453,39.3281887273373,40.92974111893584,1.6015523915985375,0.0,5.078659339899071,5.335512282088446,0.2568529421893757,13.320201418997327,41.6252382067159,28.305036787718574,0.0,5,,,,,,,,,,,,,,,,,,,,,,,,,,,,,,,,,,,,,,,,,,,,,,,,,
KERBIN-EVE-KERBIN-KERBIN-JOOL,KERBIN EVE KERBIN KERBIN JOOL,131.55922019479817,6.03286837013642,2.196635599634933,2.9939722874490657,0.8422604830524203,0.0,8.050728246664018,1392.0,"343872081.851686,362016081.851686,388800081.851686,414028881.851686,464140881.851686","210,310,292,580","left_cw1,right_cw1,0rev_cw1,0rev_cw1",343872081.8516864,362016081.8516864,388800081.8516864,414028881.8516864,464140881.8516864,left_cw1,210.0,-5.7709597354143565,-0.4800841362164951,12.128848010567761,14.586007908313531,0.5655762059327771,-11.645491246576908,right_cw1,310.0,18.70035247945705,-0.06283757000933685,-10.07755408774583,14.20107255112163,-0.37977024317577923,8.563147608313582,0rev_cw1,292.0,14.310797626769439,-0.0002569511773587288,9.483947683717238,7.532980946300878,0.0010856420544544754,-15.568268308005262,0rev_cw1,580.0,7.2528489639544125,0.5647038385293792,-17.913658306377567,-3.451514897382988,-0.050725140760594464,1.365215300850295,3.593944196805863,3.6918065006531364,0.09786230384727324,75.230984947876,83.95836406484338,8.727379116967388,0.0,6.932048622974504,6.5826381007011605,0.34941052227334346,7.971513104707979,28.54937379588556,20.57786069117758,0.0,6.57902048641592,6.9740081433477235,0.3949876569318036,20.37437868338164,28.425106930045658,8.050728246664018,0.0,5,,,,,,,,,,,,,,,,,,,,,,,,,,,,,,,,,,,,,,,,,,,,,,,,,
KERBIN-EVE-KERBIN-KERBIN-JOOL,KERBIN EVE KERBIN KERBIN JOOL,122.49004245656468,6.03489214073325,1.9511093414928975,3.304442369850932,0.7793404293894208,0.0,1.2889843231999445,2624.0,"165888081.851686,185760081.851686,219456081.851686,269913681.851686,392601681.851686","230,390,584,1420","left_cw1,left_cw0,right_cw1,right_cw1",165888081.8516864,185760081.8516864,219456081.8516864,269913681.85168636,392601681.85168636,left_cw1,230.0,12.949192220900253,-0.4574914393988774,0.8237001406091262,-5.046238259558987,0.2561892163075493,-18.13023638261895,left_cw0,390.0,-3.670494008515865,-0.2784047944053504,-20.22578660335658,-15.664774073147356,0.5771657784316486,2.8040792557154672,right_cw1,584.0,-17.804553886999436,-0.0005409801578501552,5.632250559253325,-16.06144016850593,3.478146344981363e-05,-9.460246855264424,right_cw1,1420.0,-15.87223957398517,0.5286224608716819,-11.510286112955933,4.034183399032516,-0.05330340444860718,-1.3563790767879786,3.7202940997450353,3.4697947175820105,0.2504993821630248,41.58618624028862,84.85999791508479,43.27381167479617,0.0,5.495941359006304,5.079480980550749,0.4164603784555547,39.47840604062525,40.76739036382519,1.2889843231999445,0.0,5.077833361918559,4.965452693147718,0.1123806687708413,24.403397055461625,43.6897452321664,19.286348176704777,0.0,5,,,,,,,,,,,,,,,,,,,,,,,,,,,,,,,,,,,,,,,,,,,,,,,,,
KERBIN-EVE-DUNA-KERBIN-JOOL,KERBIN EVE DUNA KERBIN JOOL,136.8651796283959,6.03573764033241,2.101520498396785,3.0583754015334135,0.8758417404022114,0.0,1.0026653612673095,2550.0,"112320081.851686,130464081.851686,161568081.851686,216864081.851686,332640081.851686","210,360,640,1340","left_cw1,right_cw1,left_cw1,left_cw0",112320081.8516864,130464081.8516864,,216864081.85168642,332640081.8516864,left_cw1,210.0,-10.593754182581861,0.03695731955092752,-8.655472284329795,17.29120273175005,-0.046302677061062066,7.000749194830437,right_cw1,360.0,20.650726997094022,0.02600524453558246,4.870797265628063,-5.986324925056831,-0.020037478188883615,9.00161030972876,left_cw1,640.0,-6.362927862438312,-0.002948740762021405,9.674529308127399,5.602203658200764,-0.0049415344237607375,16.395897601911937,left_cw0,1340.0,4.006011922133708,0.1733309395780189,18.80635935148346,-1.7145818093564889,-0.03267746847594926,-3.5262046897310273,3.3729079147347547,3.836046935312261,0.46313902057750633,66.63296281272845,84.68137654603771,18.048413733309268,0.0,,,,,,,,5.799305885557748,5.57362248885363,0.22568339670411852,29.42428037195225,36.85054822353155,7.426267851579299,0.0,5,,,,,,,,,,,,,,,,,,,,,,,,,,,,,,,,,,161568081.85168642,5.396583168442898,5.583602491563485,0.18701932312058656,7.816700234876842,8.819365596144152,1.0026653612673095,0.0,,,,,,,,
KERBIN-EVE-KERBIN-KERBIN-JOOL,KERBIN EVE KERBIN KERBIN JOOL,97.07320485570548,6.038140377456695,2.4010380207889748,3.0269776870577654,0.6101246696099549,0.0,11.532833854827263,2385.0,"793152081.851686,809568081.851686,824256081.851686,855792081.851686,999216081.851686","190,170,365,1660","right_cw0,0rev_cw0,0rev_cw0,left_cw1",793152081.8516864,809568081.8516864,824256081.8516864,855792081.8516864,999216081.8516864,right_cw0,190.0,6.381168929494328,-0.15740319692062477,-12.075088739528907,14.386252547655982,0.07374150820722661,12.184382983473748,0rev_cw0,170.0,17.668122246103845,0.07755003713144096,9.781380373999275,7.747072056910779,-0.17946252905378843,-13.432340016566846,0rev_cw0,365.0,7.826663682587887,-0.06508970923179822,-15.607950985273177,7.82426263273671,-0.0650897526450031,-15.608408797370819,left_cw1,1660.0,7.202035255927613,0.7193828750903483,-17.961504631121464,-3.654319637479868,-0.0796229482273216,1.4421491078662771,2.8730906353731718,3.1061399407279606,0.23304930535478885,85.63755538513271,97.17038923995997,11.532833854827263,0.0,5.398222620892522,5.40565976900233,0.007437148109808334,23.282666820489116,39.591297814633556,16.30863099414444,0.0,5.397647447000912,5.76728566314627,0.36963821614535775,26.213220699325923,37.82226901944341,11.609048320117486,0.0,5,,,,,,,,,,,,,,,,,,,,,,,,,,,,,,,,,,,,,,,,,,,,,,,,,
KERBIN-EVE-KERBIN-KERBIN-JOOL,KERBIN EVE KERBIN KERBIN JOOL,80.84261378350736,6.038659350129289,2.4185855605445012,3.1192602310997066,0.5008135584850812,0.0,5.592926279722282,2152.0,"143424081.851686,161568081.851686,188352081.851686,213580881.851686,329356881.851686","210,310,292,1340","left_cw1,right_cw0,0rev_cw1,left_cw1",143424081.8516864,161568081.8516864,188352081.8516864,213580881.8516864,329356881.85168636,left_cw1,210.0,-10.093753807837174,0.6039853683291081,-8.93995629111479,4.661122570515559,-0.640560550279023,17.844169043419846,right_cw0,310.0,2.0875287795360413,0.19682318079561573,21.044385930311837,-12.399794495431566,0.5702610375199438,11.657817500119034,0rev_cw1,292.0,-13.07347720460183,-0.0005148871654168559,11.721391130316341,13.391096795855773,-0.00011125173188183335,10.581737330788526,left_cw1,1340.0,16.138610902073836,-0.036395337235351016,10.025068793635842,-2.3198590145907656,0.006155027825544761,-3.077009602239671,3.7048009047111314,3.822857329016025,0.1180564243048936,67.6444915158055,81.72339595632324,14.078904440517746,0.0,6.714730152421274,6.593231576734556,0.12149857568671774,7.556360073390614,29.232373994844963,21.67601392145435,0.0,6.597893432427476,6.336634873934006,0.2612585584934699,24.93104080653823,30.523967086260512,5.592926279722282,0.0,5,,,,,,,,,,,,,,,,,,,,,,,,,,,,,,,,,,,,,,,,,,,,,,,,,
KERBIN-EVE-KERBIN-KERBIN-JOOL,KERBIN EVE KERBIN KERBIN JOOL,40.22470676965437,6.0419447370834956,2.3028253669448384,3.5119440834217324,0.22717528671692477,0.0,4.248653680170748,3058.0,"546048081.851686,564192081.851686,615168081.851686,653011281.851686,810259281.851686","210,590,438,1820","left_cw1,left_cw1,right_cw1,left_cw0",546048081.8516864,564192081.8516864,615168081.8516864,653011281.8516864,810259281.8516864,left_cw1,210.0,8.058835431455211,-0.5748857528471402,10.179435784450538,-0.8945631675314893,0.6198732115656375,-18.70613994001123,left_cw1,590.0,1.9889517893830593,-0.0010609196201908505,-21.49566938682263,-15.039146369130314,0.5779472269143049,-8.515296438205175,right_cw1,438.0,-15.758526063193102,0.0005530167377132859,-8.564596783972338,10.065400330871242,0.0015536588911195047,-14.27181567700949,left_cw0,1820.0,12.65095027287134,-0.7514447182125387,-14.54024657338823,-3.6986646508894454,0.17267484821534615,1.963336282983076,4.19922160606351,4.186969057857713,0.012252548205797353,57.90698472980521,74.29815877849326,16.391174048688054,0.0,7.222106279656563,7.268738215859018,0.04663193620245476,7.300579808285738,25.604046640631864,18.303466832346125,0.0,7.279300633926646,7.111009831617974,0.16829080230867266,21.638790605103765,25.887444285274512,4.248653680170748,0.0,5,,,,,,,,,,,,,,,,,,,,,,,,,,,,,,,,,,,,,,,,,,,,,,,,,
KERBIN-EVE-KERBIN-JOOL,KERBIN EVE KERBIN JOOL,15.758103679749313,6.042122103579366,2.155592659755941,3.8221363460029636,0.06439309782046188,0.0,1.5954821579135476,1120.0,"651456081.851686,659232081.851686,691200081.851686,748224081.851686","90,370,660","0rev_cw0,0rev_cw0,0rev_cw1",651456081.8516864,659232081.8516864,691200081.8516864,,,0rev_cw0,90.0,4.77296092078901,-0.11080607837276785,-11.835637399626641,-17.98429512243206,0.032511705405509794,-4.453621038518422,0rev_cw0,370.0,-20.255870736189877,0.01676996852668003,-8.964326110347582,-14.646057171162504,0.1389784203500345,10.193141337767326,0rev_cw1,660.0,-15.1792397960545,-0.33349406693802547,12.217806600708386,3.3490289143145566,-0.005177400710753736,2.150818549412007,,,,,,,,,4.842195014221932,4.796958539312132,0.04523647490980043,63.19294528279292,64.78842744070647,1.5954821579135476,0.0,7.725271392380913,7.744428015291574,0.019156622910661447,15.949823659634204,23.057014962642043,7.107191303007837,0.0,,,,,,,,4,748224081.8516864,,,,,,,,,,,,,,,,,,,,,,,,,,,,,,,,,,,,,,,,,,,,,,,,
KERBIN-EVE-KERBIN-JOOL,KERBIN EVE KERBIN JOOL,32.55166333524868,6.043294745758001,2.612410656374662,3.253626013762739,0.17725807562060014,0.0,2.1357534061238135,1020.0,"822528081.851686,840672081.851686,867456081.851686,910656081.851686","210,310,500","left_cw1,right_cw1,0rev_cw1",822528081.8516864,840672081.8516864,867456081.8516864,,,left_cw1,210.0,-5.092292354872807,0.6864002562712525,-12.455392533283286,-1.8148924491531329,-0.7849940385094711,18.44526100926659,right_cw1,310.0,-5.948529962807941,0.152169437915083,20.3135231126485,-16.22281286904802,0.5865024270786745,5.145157411869572,0rev_cw1,500.0,-19.099264027078746,0.727946401179216,3.866821705178801,3.58949743841817,-0.13518049388337613,-1.1851966173920916,,,,,,,,,3.852125715754316,3.7127298125482335,0.1393959032060823,75.48804741561521,81.38541424313242,5.897366827517194,0.0,6.558665860234248,6.52080368781973,0.037862172414517836,27.877826510146406,30.013579916270217,2.1357534061238135,0.0,,,,,,,,4,910656081.8516864,,,,,,,,,,,,,,,,,,,,,,,,,,,,,,,,,,,,,,,,,,,,,,,,
KERBIN-EVE-DUNA-KERBIN-JOOL,KERBIN EVE DUNA KERBIN JOOL,134.06864267036417,6.044443707652059,2.1141074097685384,3.0731469528919653,0.8571893449915553,0.0,3.12582605558795,2670.0,"421632081.851686,439776081.851686,491616081.851686,529632081.851686,652320081.851686","210,600,440,1420","left_cw1,left_cw1,right_cw1,left_cw1",421632081.8516864,439776081.8516864,,529632081.8516864,652320081.8516865,left_cw1,210.0,0.7135603219652392,-0.2769269855617776,12.85844294760809,15.212632218520085,0.185921780201652,-10.27163933736487,left_cw1,600.0,19.13610516316315,-0.6173922551346643,-10.046787804178269,-8.491906832363101,0.38673351370281056,-8.199693188338424,right_cw1,440.0,-8.708627382190274,0.03022379555212429,-8.395391901568743,17.127434130512007,-0.0391389814138922,1.7831036752551093,left_cw1,1420.0,18.857849355834524,-0.4944808110673585,2.9564987634314335,-3.4772186268035865,0.07214087593275412,0.7780930152252994,4.387681211219403,4.759732584380593,0.37205137316119075,51.822037362729006,68.34246802572561,16.520430662996603,0.0,,,,,,,,7.447237663278469,7.881583811884342,0.43434614860587306,15.71835067606551,23.401188644307126,7.682837968241618,0.0,5,,,,,,,,,,,,,,,,,,,,,,,,,,,,,,,,,,491616081.8516864,5.95895294861342,6.009744771837911,0.050791823224491495,4.3863479086499195,7.51217396423787,3.12582605558795,0.0,,,,,,,,
KERBIN-DUNA-KERBIN-JOOL,KERBIN DUNA KERBIN JOOL,96.38551377652766,6.046471629766593,2.6848182741106053,2.7567119323135505,0.6049414233424368,0.0,5.056568431684694,2220.0,"393984081.851686,421632081.851686,459648081.851686,585792081.851686","320,440,1460","0rev_cw1,right_cw0,left_cw1",393984081.8516864,,459648081.8516864,,,0rev_cw1,320.0,-17.854296377613398,-0.016966158272543882,1.0118820136388544,-1.4062346304262183,-0.003091471634862347,12.065619817337904,right_cw0,440.0,-1.701303412029728,0.026410343604282127,11.746062758783594,-12.954932283239364,-0.052445310286561964,-11.887364819570129,left_cw1,1460.0,-12.668650023307904,0.3476825506953316,-14.827020129534501,3.210316109135859,-0.0591924856407881,1.8208827647542671,,,,,,,,,,,,,,,,4.3392940477118795,4.7015950326480995,0.36230098493622,38.233243281333834,49.971861227530866,11.738617946197031,0.0,,,,,,,,4,585792081.8516865,421632081.8516864,5.360615881488391,5.603256319894608,0.24264043840621685,3.7870850566650525,8.843653488349746,5.056568431684694,0.0,,,,,,,,,,,,,,,,,,,,,,,,,,,,,,,,,,,,,,,,
KERBIN-EVE-KERBIN-JOOL,KERBIN EVE KERBIN JOOL,62.8911126737324,6.047976125865222,2.5846968413089866,3.083484125525027,0.3797951590312083,0.0,2.2383941790133206,2180.0,"369792081.851686,387936081.851686,438912081.851686,558144081.851686","210,590,1380","left_cw0,left_cw0,left_cw1",369792081.8516864,387936081.8516864,438912081.8516864,,,left_cw0,210.0,12.853853105097246,-0.1947991701533186,-1.9955858210265027,-17.684464102753893,0.22859430052549073,-6.461262405186504,left_cw0,590.0,-18.923815999138217,-0.00011811210441847741,-10.428485713977633,-13.785564556816968,0.18035437738411714,10.21450215200758,left_cw1,1380.0,-14.226041009158543,-0.5653862938353057,13.147620880134497,3.4056119503876565,0.08522085725740006,-1.2897001380569426,,,,,,,,,4.444542927492756,4.237929182261696,0.2066137452310599,57.23621550876467,71.91239291165633,14.676177402891657,0.0,6.920160378387899,6.7469789645877505,0.1731814138001484,25.82124268973658,28.0596368687499,2.2383941790133206,0.0,,,,,,,,4,558144081.8516865,,,,,,,,,,,,,,,,,,,,,,,,,,,,,,,,,,,,,,,,,,,,,,,,
KERBIN-DUNA-KERBIN-DUNA-JOOL,KERBIN DUNA KERBIN DUNA JOOL,91.06557903868082,6.058027880470041,2.7635942367863784,2.726670757130807,0.5677628865528561,0.0,2.5907860595047003,3380.0,"696384081.851686,724032081.851686,762048081.851686,938304081.851686,988416081.851686","320,440,2040,580","0rev_cw1,right_cw1,left_cw1,0rev_cw1",696384081.8516864,,762048081.8516864,,988416081.8516864,0rev_cw1,320.0,-8.193960291736035,0.0008667328242896004,-15.771517541880705,-11.272592748516985,-0.0009313479108992605,4.104422945761698,right_cw1,440.0,-10.958000844541239,0.00035599085963002454,3.9155346810489706,5.2016820637692955,-0.0001518110300039633,-16.474708667822156,left_cw1,2040.0,8.822147211107545,0.020518824020682794,-17.177102759429175,-6.647540394263912,0.009132358726533053,-13.436868391539004,0rev_cw1,580.0,-6.483778393916746,0.2734129856596817,-13.459615401766634,-2.0384671623247357,-0.0025511014087008736,3.0735641280107298,,,,,,,,4.09749858779096,4.540401716982083,0.44290312919112296,50.22882083425584,52.81960689376054,2.5907860595047003,0.0,,,,,,,,5,,724032081.8516864,4.637296921959547,4.613675415608314,0.02362150635123328,4.537108689405801,12.056318089283483,7.519209399877682,0.0,,,,,,,,,,,,,,,,,938304081.8516864,7.168854692063685,7.270092943074185,0.10123825101049988,2.3401516486343965,5.26774408155345,2.9275924329190532,0.0,,,,,,,,,,,,,,,,
KERBIN-EVE-KERBIN-KERBIN-JOOL,KERBIN EVE KERBIN KERBIN JOOL,59.706460043593296,6.059436570340839,2.266933686527623,3.4348871856396634,0.35761569817355277,0.0,2.3101446023506456,2984.0,"513216081.851686,534816081.851686,566784081.851686,617241681.851686,771033681.851686","250,370,584,1780","left_cw1,left_cw0,right_cw1,left_cw1",513216081.8516864,534816081.8516864,566784081.8516865,617241681.8516865,771033681.8516865,left_cw1,250.0,13.260312554801779,-0.49313633621879654,2.1815995905864067,-2.7169597225637707,0.2973010638498438,-18.936909142985847,left_cw0,370.0,-1.5908042773513462,-0.21067698313566455,-20.323952990689545,-15.713095998478737,0.5568856779702865,0.39818112581341847,right_cw1,584.0,-18.528936394119086,-0.000847510631753417,2.4611216046709465,-14.163809107797654,0.0006136087483067365,-12.068178129276083,left_cw1,1780.0,-13.642850938989657,0.2867151692788297,-14.082275275783621,1.0505703486143823,-0.05676482013688401,3.9719006851945275,2.674534870210554,2.9041741658356592,0.22963929562510543,38.62024677545821,101.61637419433109,62.996127418872874,0.0,5.0900947051267025,5.066829718873149,0.023264986253553666,40.73314314613732,43.04328774848797,2.3101446023506456,0.0,5.084388156877199,4.979676740582305,0.10471141629489367,24.058510452975675,43.570602566236346,19.512092113260668,0.0,5,,,,,,,,,,,,,,,,,,,,,,,,,,,,,,,,,,,,,,,,,,,,,,,,,
KERBIN-DUNA-KERBIN-KERBIN-JOOL,KERBIN DUNA KERBIN KERBIN JOOL,129.11417795195217,6.062849366873954,2.2757010469132677,2.9639485620166575,0.8231997579440291,0.0,1.1889474427947924,3056.0,"141696081.851686,183168081.851686,193536081.851686,269222481.851686,405734481.851686","480,120,876,1580","left_cw1,0rev_cw1,left_cw1,left_cw0",141696081.8516864,,193536081.8516864,269222481.85168636,405734481.85168636,left_cw1,480.0,-16.972816704356564,-0.018793479129545657,-0.07892992704994017,3.228687798464094,0.0023213346363746908,10.4006147510749,0rev_cw1,120.0,3.3496752968790213,-0.013955632744738595,9.800283582005598,-1.050104826712885,0.024521525787394912,-16.280223001548116,left_cw1,876.0,-0.610896438331086,0.0007588300714235597,-17.978391174490607,-14.258286547957734,0.0003144095771130444,-11.3971417591712,left_cw0,1580.0,-17.210243164701808,-0.9650142202794377,-9.31548237601754,2.5464095262055344,0.17459770821365067,2.7708042568006,,,,,,,,3.9085686888855364,4.5430722643176775,0.6345035754321411,22.378781533943243,54.204421287264466,31.82563975332122,0.0,4.508386109763978,4.46579672550684,0.04258938425713854,49.24070421577718,50.42965165857197,1.1889474427947924,0.0,5,,183168081.8516864,3.1810168534455996,3.03491005519085,0.14610679825474948,10.987663860159508,23.80971901157836,12.82205515141885,0.0,,,,,,,,,,,,,,,,,,,,,,,,,,,,,,,,,,,,,,,,
KERBIN-DUNA-KERBIN-KERBIN-JOOL,KERBIN DUNA KERBIN KERBIN JOOL,44.128779747190144,6.0641644796745116,2.5204943078374953,3.2897565162424964,0.2539136555945203,0.0,7.618304821190596,2804.0,"715392081.851686,746496081.851686,756864081.851686,807321681.851686,957657681.851686","360,120,584,1740","right_cw1,0rev_cw1,right_cw1,left_cw0",715392081.8516864,,756864081.8516864,807321681.8516864,957657681.8516864,right_cw1,360.0,10.160991305173955,0.018095825797990267,-13.149570350426947,8.20309407879876,-5.504246865726224e-05,7.453728686553629,0rev_cw1,120.0,7.117126276829631,0.007598082744034312,7.085122521018857,-15.628519585415598,-0.017997401442538145,-5.021402053784993,right_cw1,584.0,-18.26290114809878,-0.0003283581045865155,-4.05581801154265,-9.187606200218006,0.00156034358783311,-16.095940948029256,left_cw0,1740.0,-8.585878966133672,-0.31648210024420226,-17.53283981741554,0.26729864044846896,0.06402771546704547,3.9730403811148016,,,,,,,,5.062578744414976,5.070780407430947,0.008201663015970695,32.14916704674929,43.17631721052596,11.027150163776662,0.0,5.084429343562622,5.247107935068385,0.16267859150576314,17.613598377768596,42.07401507569756,24.460416697928963,0.0,5,,746496081.8516864,2.3740908251748176,2.457124226247604,0.08303340107278645,27.39484565114599,35.013150472336584,7.618304821190596,0.0,,,,,,,,,,,,,,,,,,,,,,,,,,,,,,,,,,,,,,,,
KERBIN-EVE-KERBIN-KERBIN-JOOL,KERBIN EVE KERBIN KERBIN JOOL,128.1686788722355,6.065552323409815,2.054145893728294,3.193926784114816,0.8174796455667046,0.0,7.346292810953462,3255.0,"292032081.851686,311904081.851686,345600081.851686,440208081.851686,573264081.851686","230,390,1095,1540","left_cw1,left_cw0,left_cw0,left_cw1",292032081.8516864,311904081.8516864,345600081.8516864,440208081.8516864,573264081.8516865,left_cw1,230.0,12.907197008038146,-0.4610123424872538,0.6790770017659623,-3.740404890642413,0.21446614686782448,-18.401803763810918,left_cw0,390.0,-2.388222459149289,-0.34914793052825777,-20.417117309689385,-15.690810541933715,0.6191027427020301,2.6996382670114487,left_cw0,1095.0,-18.15493370550241,0.740538241185051,4.175064380505104,-18.153223105456853,0.7405381064982375,4.177934325488685,left_cw1,1540.0,-18.831758204075477,-0.3928565498638438,5.195658249246433,3.316332586282675,0.04138914368484388,1.676154752470748,3.926796513026883,3.712964699366045,0.21383181366083814,37.93673944049377,80.70936478123201,42.772625340738244,0.0,5.601869972470079,6.139679223705401,0.5378092512353216,27.86230428529419,35.20859709624765,7.346292810953462,0.0,6.1392338202432954,6.20507240091384,0.06583858067054482,15.515383104598525,32.72878205181324,17.213398947214714,0.0,5,,,,,,,,,,,,,,,,,,,,,,,,,,,,,,,,,,,,,,,,,,,,,,,,,
KERBIN-DUNA-KERBIN-KERBIN-JOOL,KERBIN DUNA KERBIN KERBIN JOOL,119.98319687493253,6.065991333341367,1.9010535133010147,3.4024863107916956,0.762451509248657,0.0,6.545835063867395,3235.0,"285120081.851686,302400081.851686,330048081.851686,424656081.851686,564624081.851686","200,320,1095,1620","0rev_cw0,right_cw1,left_cw0,left_cw1",285120081.8516864,,330048081.8516864,424656081.8516864,564624081.8516865,0rev_cw0,200.0,-14.987876884496135,-0.027750856598209795,-8.165763641136527,1.792975191768034,0.011151040402963483,10.883281060484247,right_cw1,320.0,2.1810758105367354,-0.0027204703593863844,10.002232761868504,-16.28223343015858,-0.015719105214632986,3.1259516685168967,left_cw0,1095.0,-17.811797449962203,0.8237928588156542,5.4798182679416065,-17.810330609328847,0.8237927107293728,5.482868479786389,left_cw1,1620.0,-18.22642905665487,-1.0105092946399612,7.098259570084398,3.8835206681955032,0.1545872858238796,1.1852237367916607,,,,,,,,4.187548087816346,4.240064655565997,0.05251656774965152,40.68365989486623,54.38634100125407,13.702681106387834,0.0,4.240773733998118,4.608294041719656,0.3675203077215379,32.20167086189112,51.302649647150695,19.100978785259574,0.0,5,,302400081.8516864,3.3674096931955173,3.0249950594180497,0.3424146337774676,16.20891094130892,22.754746005176315,6.545835063867395,0.0,,,,,,,,,,,,,,,,,,,,,,,,,,,,,,,,,,,,,,,,
KERBIN-DUNA-KERBIN-DUNA-JOOL,KERBIN DUNA KERBIN DUNA JOOL,83.47197468386646,6.06892654014005,2.757852908919664,2.795254883443071,0.5158187477773151,0.0,2.402944795059889,4340.0,"428544081.851686,456192081.851686,494208081.851686,670464081.851686,803520081.851686","320,440,2040,1540","0rev_cw0,right_cw0,left_cw1,left_cw1",428544081.8516864,,494208081.8516864,,803520081.8516865,0rev_cw0,320.0,-7.987174503614246,-0.0026219880067621915,-15.896201596046424,-10.534455749746327,-0.00042453382176631797,5.813160882676129,right_cw0,440.0,-10.343207343754235,0.04821329227332793,5.242811460742986,5.455915838708904,-0.07746525298380906,-16.35947023198208,left_cw1,2040.0,8.721891421614265,0.019335424518774576,-17.2140652104805,-8.647836596141648,0.005339914982010918,-12.141530288188871,left_cw1,1540.0,-8.356863175904317,0.24125901837792874,-12.264806193297478,-0.9129258285325641,-0.012479413346253763,3.475857827032174,,,,,,,,5.015100847035194,4.995717142542599,0.0193837044925953,39.432498268427906,43.87675980018753,4.444261531759623,0.0,,,,,,,,5,,456192081.8516864,4.821890369196131,5.104030514646561,0.28214014545042954,6.164708012748952,10.61453554447739,4.449827531728436,0.0,,,,,,,,,,,,,,,,,670464081.8516865,7.354679956813197,7.568974854647487,0.21429489783429023,2.542489450868287,4.945434245928175,2.402944795059889,0.0,,,,,,,,,,,,,,,,
KERBIN-EVE-DUNA-KERBIN-JOOL,KERBIN EVE DUNA KERBIN JOOL,133.78264156119425,6.075031453147798,2.1141074097685384,3.1059986310434033,0.8549254123358558,0.0,2.63654066133679,2750.0,"421632081.851686,439776081.851686,491616081.851686,529632081.851686,659232081.851686","210,600,440,1500","left_cw1,left_cw1,right_cw1,left_cw1",421632081.8516864,439776081.8516864,,529632081.8516864,659232081.8516865,left_cw1,210.0,0.7135603219652392,-0.2769269855617776,12.85844294760809,15.212632218520085,0.185921780201652,-10.27163933736487,left_cw1,600.0,19.13610516316315,-0.6173922551346643,-10.046787804178269,-8.491906832363101,0.38673351370281056,-8.199693188338424,right_cw1,440.0,-8.708627382190274,0.03022379555212429,-8.395391901568743,17.127434130512007,-0.0391389814138922,1.7831036752551093,left_cw1,1500.0,18.639231173343433,-0.5843800048277588,4.221095998562149,-3.765989540563132,0.116162729114699,-0.7375321066559405,4.387681211219403,4.759732584380593,0.37205137316119075,51.822037362729006,68.34246802572561,16.520430662996603,0.0,,,,,,,,7.447237663278469,7.015155447328295,0.4320822159501736,23.0472704338428,25.683811095179593,2.63654066133679,0.0,5,,,,,,,,,,,,,,,,,,,,,,,,,,,,,,,,,,491616081.8516864,5.95895294861342,6.009744771837911,0.050791823224491495,4.3863479086499195,7.51217396423787,3.12582605558795,0.0,,,,,,,,
KERBIN-DUNA-KERBIN-KERBIN-JOOL,KERBIN DUNA KERBIN KERBIN JOOL,97.51459831150707,6.07579399978477,2.5663192654438975,2.8969235841630527,0.6125511501778196,0.0,7.28111675677911,2296.0,"236736081.851686,271296081.851686,305856081.851686,381542481.851686,435110481.851686","400,400,876,620","left_cw0,left_cw1,left_cw1,0rev_cw1",236736081.8516864,,305856081.85168636,381542481.85168636,435110481.85168636,left_cw0,400.0,-16.19884461642355,-0.023984458117371744,-3.687140478676253,6.542904775550147,0.010317707385721452,8.134367800505995,left_cw1,400.0,7.241635410847807,0.0016527232420414898,6.94727778384606,9.66596626638843,0.01614625488076664,-12.575417157252923,left_cw1,876.0,11.913217140402399,0.0009395101625351752,-13.268987318859903,-2.0114625296458386,0.000870009719537255,-17.99488891171892,0rev_cw1,620.0,-4.582045930778955,0.9724526153811855,-18.930346341435946,-1.0789566315625447,-0.15948142099258011,3.6570285817669093,,,,,,,,4.426882863552076,4.5432601597200515,0.11637729616797543,30.364743940640576,50.45754578562422,20.092801844983647,0.0,4.518767457945499,4.719973168314806,0.20120571036930723,36.544249434178994,48.644647120099286,12.100397685920289,0.0,5,,271296081.85168636,1.7016271059838428,1.9965952496243797,0.2949681436405369,42.81478492123298,50.09590167801208,7.28111675677911,0.0,,,,,,,,,,,,,,,,,,,,,,,,,,,,,,,,,,,,,,,,
KERBIN-DUNA-KERBIN-KERBIN-JOOL,KERBIN DUNA KERBIN KERBIN JOOL,123.38853209073267,6.078371098900022,2.2757010469132677,3.016855678228468,0.7858143737582859,0.0,10.711286300018235,3096.0,"141696081.851686,183168081.851686,193536081.851686,269222481.851686,409190481.851686","480,120,876,1620","left_cw1,0rev_cw1,left_cw1,left_cw0",141696081.8516864,,193536081.8516864,269222481.85168636,409190481.85168636,left_cw1,480.0,-16.972816704356564,-0.018793479129545657,-0.07892992704994017,3.228687798464094,0.0023213346363746908,10.4006147510749,0rev_cw1,120.0,3.3496752968790213,-0.013955632744738595,9.800283582005598,-1.050104826712885,0.024521525787394912,-16.280223001548116,left_cw1,876.0,-0.610896438331086,0.0007588300714235597,-17.978391174490607,-14.258286547957734,0.0003144095771130444,-11.3971417591712,left_cw0,1620.0,-16.90474870760564,-0.3243358086184037,-9.932097473065301,2.06491261348712,0.05476749597108108,3.1940359230660276,,,,,,,,3.9085686888855364,4.5430722643176775,0.6345035754321411,22.378781533943243,54.204421287264466,31.82563975332122,0.0,4.508386109763978,4.503182109692583,0.0052040000713953205,39.461148052980526,50.17243435299876,10.711286300018235,0.0,5,,183168081.8516864,3.1810168534455996,3.03491005519085,0.14610679825474948,10.987663860159508,23.80971901157836,12.82205515141885,0.0,,,,,,,,,,,,,,,,,,,,,,,,,,,,,,,,,,,,,,,,
KERBIN-EVE-KERBIN-KERBIN-JOOL,KERBIN EVE KERBIN KERBIN JOOL,99.36733274330669,6.079238139715876,2.6519119441951067,2.801944214976462,0.6253819805443079,0.0,9.304303451871405,2135.0,"414720081.851686,436320081.851686,461376081.851686,555984081.851686,599184081.851686","250,290,1095,500","left_cw0,right_cw0,left_cw1,0rev_cw0",414720081.8516864,436320081.8516864,461376081.8516864,555984081.8516865,599184081.8516865,left_cw0,250.0,2.438900831725193,-0.12847686038306383,-13.188440213169219,-18.02861122107398,0.008167257919460848,-5.883658533077227,right_cw0,290.0,-19.492766087770388,-0.067100483959706,-8.403046966267311,-5.15968954995522,-0.1588719344753326,-15.697914117248498,left_cw1,1095.0,-4.311482443655754,0.3654213630891702,-17.89470334529733,-4.314213508556403,0.36542131318455007,-17.894986892965935,0rev_cw0,500.0,-2.9216941031142527,-0.12356719493484729,-19.131492478853552,1.5533400688065562,0.019899200600131242,3.1898428680901816,4.177801987280152,4.299697600861142,0.12189561358098988,40.18980843825903,73.55350821735969,33.36369977910066,0.0,6.463171333925947,6.3390244221779,0.12414691174804737,21.69603518932046,31.000338641191867,9.304303451871405,0.0,6.33931647557861,5.95997702036334,0.3793394552152707,17.665458260369533,32.90568251505762,15.240224254688085,0.0,5,,,,,,,,,,,,,,,,,,,,,,,,,,,,,,,,,,,,,,,,,,,,,,,,,
KERBIN-DUNA-KERBIN-JOOL,KERBIN DUNA KERBIN JOOL,118.19779086259494,6.0812151751980155,2.573634906405838,2.7567119323135505,0.7508683364786268,0.0,5.7994599729264245,2580.0,"362880081.851686,421632081.851686,459648081.851686,585792081.851686","680,440,1460","left_cw0,right_cw0,left_cw1",362880081.8516864,,459648081.8516864,,,left_cw0,680.0,-17.767557151217616,-0.01775101938137643,-1.3860612827507208,-1.2714772432190977,-0.0008825152800646303,11.991821220553383,right_cw0,440.0,-1.701303412029728,0.026410343604282127,11.746062758783594,-12.954932283239364,-0.052445310286561964,-11.887364819570129,left_cw1,1460.0,-12.668650023307904,0.3476825506953316,-14.827020129534501,3.210316109135859,-0.0591924856407881,1.8208827647542671,,,,,,,,,,,,,,,,4.3392940477118795,4.7015950326480995,0.36230098493622,38.233243281333834,49.971861227530866,11.738617946197031,0.0,,,,,,,,4,585792081.8516865,421632081.8516864,5.214688968352201,5.603256319894608,0.38856735154240685,3.2658674100158867,9.065327382942312,5.7994599729264245,0.0,,,,,,,,,,,,,,,,,,,,,,,,,,,,,,,,,,,,,,,,
KERBIN-EVE-KERBIN-KERBIN-JOOL,KERBIN EVE KERBIN KERBIN JOOL,126.32062332014756,6.083955595087993,2.2758619324829428,3.0030332265143533,0.805060436090697,0.0,4.5184711100517045,2725.0,"751680081.851686,759456081.851686,822528081.851686,854064081.851686,987120081.851686","90,730,365,1540","0rev_cw1,left_cw1,0rev_cw1,left_cw1",751680081.8516864,759456081.8516864,822528081.8516864,854064081.8516864,987120081.8516864,0rev_cw1,90.0,7.028997830899752,-0.31521830296651426,10.649796361419398,13.64243873456616,0.09397227060371637,-12.341221599451906,left_cw1,730.0,18.454365656691376,0.03792877827484917,-11.846377746778975,-0.9480957520765747,0.39505289845686004,-17.698742604712407,0rev_cw1,365.0,-1.4074197456108255,0.14989039660877104,-17.574703994916007,-1.4095276902763043,0.14989014861266575,-17.57353904762353,left_cw1,1540.0,-2.7997883221900652,0.4589205687255198,-19.2581957989775,-2.0358860443670235,-0.037851654460929474,2.829233536617861,4.504598734683511,4.65921848669075,0.154619752007239,63.70182956989358,68.22030067994528,4.5184711100517045,0.0,8.041853618759498,7.587882888342871,0.4539707304166276,2.0796022914786207,22.67455739023175,20.59495509875313,0.0,7.5960432216162594,7.79251317528309,0.1964699536668304,16.419181238258588,23.254382113932724,6.835200875674138,0.0,5,,,,,,,,,,,,,,,,,,,,,,,,,,,,,,,,,,,,,,,,,,,,,,,,,
KERBIN-EVE-KERBIN-JOOL,KERBIN EVE KERBIN JOOL,53.36534895459893,6.084431845172532,2.4582456061536595,3.309997654149237,0.31618858486963575,0.0,3.8794303495608773,1800.0,"896832081.851686,916704081.851686,943488081.851686,1052352081.85169","230,310,1260","left_cw0,right_cw0,left_cw0",896832081.8516864,916704081.8516864,943488081.8516864,,,left_cw0,230.0,-8.240971947849202,0.29149897412309306,10.464829554731097,14.284295247967616,-0.03656559830155496,11.502990053866341,right_cw0,310.0,14.432229418155329,0.15599421916384454,15.456258724391315,-1.606015176530268,0.3672052240836384,16.843438951547515,left_cw0,1260.0,-3.3170071217548482,0.1452637680229251,19.034121442819547,-2.053076698450857,-0.014577120844596515,-3.2276270248726853,,,,,,,,,4.029954609568035,4.074891165829721,0.04493655626168547,58.505273073228125,76.6461867308953,18.140913657667173,0.0,6.968590070407662,7.239842099015612,0.2712520286079503,22.531852819458436,26.41128316901931,3.8794303495608773,0.0,,,,,,,,4,1052352081.8516864,,,,,,,,,,,,,,,,,,,,,,,,,,,,,,,,,,,,,,,,,,,,,,,,
KERBIN-DUNA-KERBIN-KERBIN-JOOL,KERBIN DUNA KERBIN KERBIN JOOL,102.17751890159846,6.086178157628138,2.3264251900737594,3.116869618361245,0.6428833491931347,0.0,4.462168910460566,2856.0,"108864081.851686,139968081.851686,157248081.851686,232934481.851686,355622481.851686","360,200,876,1420","right_cw1,0rev_cw1,left_cw1,left_cw1",108864081.8516864,,157248081.85168642,232934481.85168642,355622481.8516864,right_cw1,360.0,-13.11993203090497,-0.017236016948001667,10.979515480498764,-7.759975223914157,-0.0009088559543139986,-8.983523787267593,0rev_cw1,200.0,-7.041568917646452,-0.005250442576928267,-8.595890427755805,-15.174830265951394,-0.01639389501627301,6.8194176182446045,left_cw1,876.0,-16.99490248727474,-0.00029279289326466335,6.726276961391604,-5.766847523747821,-0.00043048380796721283,17.115578711595447,left_cw1,1420.0,-3.6549184308521734,-1.2784276621331234,18.893192239427776,2.1394090959271717,0.23900281599296144,-3.38313184015249,,,,,,,,4.151039523093292,4.510305143949853,0.35926562085656055,23.8310653794205,52.64844272499972,28.81737734557921,0.0,4.540904739400794,4.599257005824478,0.058352266423684185,38.87232983953881,49.30026351100766,10.427933671468852,0.0,5,,139968081.85168642,4.079109364105006,3.8538439021921156,0.22526546191288999,11.357116683953372,15.819285594413937,4.462168910460566,0.0,,,,,,,,,,,,,,,,,,,,,,,,,,,,,,,,,,,,,,,,
KERBIN-EVE-KERBIN-KERBIN-JOOL,KERBIN EVE KERBIN KERBIN JOOL,67.52829740304585,6.088918550260139,2.9814346852526747,2.696491404204555,0.41099246080290897,0.0,1.4512421562121915,1684.0,"107136081.851686,128736081.851686,158976081.851686,209433681.851686,252633681.851686","250,350,584,500","left_cw1,left_cw1,right_cw1,0rev_cw0",107136081.8516864,128736081.8516864,158976081.85168642,209433681.85168642,252633681.85168642,left_cw1,250.0,-1.1564910845744159,-1.1052798500964047,13.975529171996726,12.806625792893438,1.349179048180661,-14.260307921156892,left_cw1,350.0,12.602023598006376,-0.09514844396978916,-15.676119597386085,-10.29927407855597,0.4995700926591844,-11.50871819557975,right_cw1,584.0,-13.711647641216134,0.0002126881486260877,-12.67650884599278,-0.03159694171930383,0.0004493330995498459,-18.408290741686567,0rev_cw0,500.0,1.8647460370695241,-0.6513664824367488,-19.241024023521213,0.43032574322709527,0.11530376866029607,3.592787934996967,2.522933699566054,2.4788443974213887,0.04408930214466533,47.95088368295518,108.35053486766316,60.39965118470797,0.0,4.830603177870045,5.066069053957451,0.23546587608740577,43.091284046210205,44.5425262024224,1.4512421562121915,0.0,5.100514122588648,4.96907684001781,0.13143728257083787,24.860342958323276,43.53898797991863,18.678645021595354,0.0,5,,,,,,,,,,,,,,,,,,,,,,,,,,,,,,,,,,,,,,,,,,,,,,,,,
KERBIN-DUNA-KERBIN-KERBIN-JOOL,KERBIN DUNA KERBIN KERBIN JOOL,151.98315689500217,6.0931072378123226,2.321323541981472,2.79416190192707,0.9776217939037806,0.0,9.067356056321621,2964.0,"385344081.851686,433728081.851686,461376081.851686,511833681.851686,641433681.851686","560,320,584,1500","left_cw1,right_cw1,right_cw1,left_cw0",385344081.8516864,,461376081.8516864,511833681.8516864,641433681.8516865,left_cw1,560.0,15.374932057995574,0.02160190348052976,-6.9741536226021275,-8.080516785517458,-0.005032841307455053,-8.638779133288768,right_cw1,320.0,-7.345311387663694,0.008141001270258703,-8.25146069549044,6.339449479720118,0.01771287357310451,-15.30927612883295,right_cw1,584.0,5.536011332189895,0.0015833551132065676,-17.591358702765746,16.255766958048977,0.0010781693015413877,-8.250895807523616,left_cw0,1500.0,17.189663667152633,-0.9339895468544616,-8.351031968858104,-3.044452081649735,0.1727484806642477,2.0973559385760034,,,,,,,,5.109743145263068,5.0772299916753685,0.032513153587699684,27.476037107522657,42.87443073744023,15.398393629917573,0.0,5.108820970954079,5.709330982670437,0.6005100117163584,12.559469620885407,39.51932990770427,26.959860286818863,0.0,5,,433728081.8516864,3.03469173063997,3.3792903592396923,0.34459862859972246,13.562909781369942,22.630265837691564,9.067356056321621,0.0,,,,,,,,,,,,,,,,,,,,,,,,,,,,,,,,,,,,,,,,
KERBIN-EVE-KERBIN-JOOL,KERBIN EVE KERBIN JOOL,30.14359106203643,6.093873001612387,2.3691181956380785,3.5639246067487105,0.1608301992255985,0.0,3.091278334763413,1080.0,"267840081.851686,287712081.851686,314496081.851686,361152081.851686","230,310,540","left_cw0,right_cw0,0rev_cw0",267840081.8516864,287712081.85168636,314496081.85168636,,,left_cw0,230.0,-13.18457199083686,0.47810637513627335,2.4998154588892114,3.4901021341510647,-0.06703155349428093,18.030373308882933,right_cw0,310.0,0.9637742539252054,0.24891432437827588,21.142768436105925,-12.354533786093505,0.6001012948045847,11.725156529090416,0rev_cw0,540.0,-15.284020531089922,0.7193082094836265,12.067945896628117,3.2828495328815075,-0.14996656440151357,-2.2584568233597766,,,,,,,,,3.9578721410738185,3.982828955115836,0.024956814042017328,60.846328832942795,78.05405151132165,17.207722678378854,0.0,6.783642607286774,6.919515992470355,0.13587338518358116,24.85433820236597,27.945616537129382,3.091278334763413,0.0,,,,,,,,4,361152081.85168636,,,,,,,,,,,,,,,,,,,,,,,,,,,,,,,,,,,,,,,,,,,,,,,,
KERBIN-EVE-KERBIN-JOOL,KERBIN EVE KERBIN JOOL,135.66575307908414,6.100545321180297,2.1299614426777542,3.1022112471357457,0.868372631366797,0.0,6.995250352811864,2320.0,"575424081.851686,583200081.851686,646272081.851686,775872081.851686","90,730,1500","0rev_cw0,left_cw0,left_cw0",575424081.8516864,583200081.8516864,646272081.8516864,,,0rev_cw0,90.0,12.638419888176754,-0.43987192001718084,-1.1928461924281613,-5.813980298140475,0.17713247466528928,-17.699512807313397,left_cw0,730.0,-3.5402823393646905,0.05586127665794974,-21.77461844217622,-16.69316016813339,0.5576040026256575,-6.312240862022373,left_cw0,1500.0,-18.42642247537703,0.03850373099637058,-6.57052271466763,1.4456359398018666,-0.0027902327550682984,2.9909570601166493,,,,,,,,,4.513406624431158,4.655381661730382,0.14197503729922367,61.18807751080541,68.18332786361727,6.995250352811864,0.0,7.84063700373192,8.567034597799493,0.7263975940675733,11.745068683841431,20.93659654321331,9.19152785937188,0.0,,,,,,,,4,775872081.8516864,,,,,,,,,,,,,,,,,,,,,,,,,,,,,,,,,,,,,,,,,,,,,,,,
KERBIN-DUNA-KERBIN-DUNA-JOOL,KERBIN DUNA KERBIN DUNA JOOL,132.1896994070714,6.105868811386436,1.9243565283353048,3.3389516643035884,0.8425606187475432,0.0,1.4956206104782468,4180.0,"620352081.851686,637632081.851686,665280081.851686,817344081.851686,981504081.851686","200,320,1760,1900","0rev_cw1,right_cw1,left_cw1,left_cw1",620352081.8516864,,665280081.8516864,,981504081.8516864,0rev_cw1,200.0,9.453327552274851,0.01333538014157296,-13.776850462066243,-10.970055072336146,-0.005006406139720499,0.36837791842526135,right_cw1,320.0,-10.131744919700937,0.0007814613944080436,0.6306454913250561,-0.9624746035254557,0.008785888565019715,-16.395593617708286,left_cw1,1760.0,-3.5374555364241966,0.016911556740420858,-18.98698989379563,-11.458826205098458,0.010079834453883357,-8.900372712432574,left_cw1,1900.0,-11.594936982137854,0.23205611891871947,-9.294901321571352,-2.9577553018980423,0.046007482074171546,2.9899191959111695,,,,,,,,4.7358049594574245,5.091097353624574,0.3552923941671491,43.460289622067606,44.955910232545854,1.4956206104782468,0.0,,,,,,,,5,,637632081.8516864,2.185889010327214,2.2793826575821217,0.0934936472549075,22.564572674869503,39.13894351943554,16.574370844566037,0.0,,,,,,,,,,,,,,,,,817344081.8516864,7.284435144411561,7.678209721737048,0.3937745773254866,2.0036686493956433,4.920783748191729,2.9171150987960863,0.0,,,,,,,,,,,,,,,,
KERBIN-DUNA-KERBIN-KERBIN-JOOL,KERBIN DUNA KERBIN KERBIN JOOL,84.71823852543902,6.1065567625458765,1.6825252202111356,3.897752202091739,0.5262793402430019,0.0,7.281185577411404,2496.0,"207360081.851686,238464081.851686,273024081.851686,348710481.851686,423014481.851686","360,400,876,860","right_cw1,left_cw1,left_cw1,0rev_cw1",207360081.8516864,,273024081.85168636,348710481.85168636,423014481.85168636,right_cw1,360.0,-9.378626983074454,0.02038532590249538,-13.926100723585185,11.343486910388398,-0.007344712813780472,-0.11073575797794133,left_cw1,400.0,10.36201258393061,0.0036501518325397506,0.35385772745310695,2.313400465585697,0.013664301830495319,-15.700069185439268,left_cw1,876.0,3.950472160088686,0.0009410113671141458,-17.486446572004095,-10.790747102325875,0.0005644737664713291,-14.67499626465084,0rev_cw1,860.0,-13.974139495875642,0.28847603063416793,-13.97032315568984,-1.1002235407953633,-0.03264730509708659,4.445415032197848,,,,,,,,4.410834712575426,4.5450955115334954,0.13426079895806975,31.34882350308316,50.55583732886521,19.207013825782045,0.0,4.516892234965751,4.67324878822626,0.15635655326050912,41.68528873655315,48.966474313964554,7.281185577411404,0.0,5,,238464081.8516864,2.1327770758668665,2.3684390638912896,0.23566198802442306,27.280902147822005,38.705980019314204,11.4250778714922,0.0,,,,,,,,,,,,,,,,,,,,,,,,,,,,,,,,,,,,,,,,
KERBIN-DUNA-KERBIN-JOOL,KERBIN DUNA KERBIN JOOL,118.15417723797064,6.113883132970868,2.290815879542877,3.073000881189606,0.7500663722383845,0.0,3.638905502977311,2580.0,"919296081.851686,953856081.851686,995328081.851686,1142208081.85169","400,480,1700","right_cw1,left_cw0,left_cw1",919296081.8516864,,995328081.8516864,,,right_cw1,400.0,6.257063659191015,0.021805977961080796,-15.888407469328039,9.595789366399382,-0.003711829649019513,6.625053283718122,left_cw0,480.0,9.302356695949694,0.08728165533264479,6.110685626288546,-8.601856650014629,-0.13155443815597087,-14.65947167428805,left_cw1,1700.0,-12.019147813792742,0.3451136921574704,-15.481087743652255,-0.07241471337006211,-0.04857354130175451,3.8608642486899347,,,,,,,,,,,,,,,,4.456468881657186,4.933563348489118,0.47709446683193235,44.02097138825404,47.65987689123135,3.638905502977311,0.0,,,,,,,,4,1142208081.8516865,953856081.8516864,3.1306636757647968,3.403635581171249,0.2729719054064521,9.371621380680747,21.953340623211158,12.58171924253041,0.0,,,,,,,,,,,,,,,,,,,,,,,,,,,,,,,,,,,,,,,,
KERBIN-EVE-KERBIN-DUNA-JOOL,KERBIN EVE KERBIN DUNA JOOL,61.257836095268566,6.1158718668757475,2.580211767898784,3.168204148546013,0.3674559504309505,0.0,2.077640509283441,3160.0,"374976081.851686,382752081.851686,445824081.851686,525312081.851686,648000081.851686","90,730,920,1420","0rev_cw0,left_cw0,0rev_cw1,left_cw1",374976081.8516864,382752081.8516864,445824081.8516864,,648000081.8516865,0rev_cw0,90.0,-1.0884120665546893,0.05858835993207995,12.684572841752457,17.99160281068072,-0.0041681275627677775,1.8398482793421431,left_cw0,730.0,21.17684995124789,0.005844133999696386,5.305820660408534,10.685069990595927,-0.07179866971053099,-13.943535157957477,0rev_cw1,920.0,10.470393448437783,0.02890363812870567,-16.165840996824404,2.2261575575237345,0.024327375270352825,-14.908659421439086,left_cw1,1420.0,2.3236780871370257,0.27895299325980094,-14.888452942177377,-2.8225940087475503,-0.014855997938776098,2.0836572584946125,4.962941792969729,5.133199841232637,0.1702580482629079,55.55129549276415,61.679662395713514,6.128366902949362,0.0,8.211103390499222,8.097565343721906,0.11353804677731638,15.732976176161051,21.14716010110714,5.414183924946087,0.0,,,,,,,,5,,,,,,,,,,,,,,,,,,,,,,,,,,525312081.8516864,8.482909810785635,8.566569666176362,0.08365985539072618,1.7495662811018162,3.827206790385257,2.077640509283441,0.0,,,,,,,,,,,,,,,,
KERBIN-EVE-DUNA-KERBIN-JOOL,KERBIN EVE DUNA KERBIN JOOL,135.3280054038489,6.126996983347065,2.3345874862042058,2.927509457260828,0.8649000398820315,0.0,1.5931375607941174,2650.0,"544320081.851686,564192081.851686,595296081.851686,647136081.851686,773280081.851686","230,360,600,1460","left_cw1,right_cw1,left_cw0,left_cw1",544320081.8516864,564192081.8516864,,647136081.8516864,773280081.8516864,left_cw1,230.0,12.814733852297051,-0.46692897376115927,0.337587665045032,-1.1319479273621424,0.1264128830759378,-18.656100106556096,right_cw1,360.0,0.7023251363520204,0.2944227847875505,-21.5614368528756,11.633706914059683,-0.3742761575462892,-1.795903813117516,left_cw0,600.0,12.107682471934313,0.08895672675030675,-1.5494222178408137,-14.187086375629365,-0.12820750962109748,-10.355874740959093,left_cw1,1460.0,-16.62665104417068,0.0011583869103980154,-10.357644803039243,2.5943923593769918,-0.00026849911127036353,2.401057113661763,4.37463606886823,4.750341705028135,0.37570563615990515,44.055149196981056,68.50997524176181,24.454826044780745,0.0,,,,,,,,6.42918638839111,6.6849775642344325,0.25579117584332245,21.35700299375537,29.8931385775281,8.536135583772728,0.0,5,,,,,,,,,,,,,,,,,,,,,,,,,,,,,,,,,,595296081.8516864,5.763505474356335,5.530102246477531,0.23340322787880385,6.77792040412415,8.371057964918267,1.5931375607941174,0.0,,,,,,,,
KERBIN-DUNA-KERBIN-JOOL,KERBIN DUNA KERBIN JOOL,122.1548857392497,6.12796808372686,2.228233805565403,3.123018135493247,0.7767161426682101,0.0,2.0271624428859933,2460.0,"278208081.851686,312768081.851686,354240081.851686,490752081.851686","400,480,1580","right_cw1,left_cw1,left_cw1",278208081.8516864,,354240081.8516864,,,right_cw1,400.0,10.30098824179066,-0.01709575600408434,13.450531548238162,-11.127389377925903,0.004533040463896031,2.9444053541089303,left_cw1,480.0,-10.598275432890993,-0.0327003131822991,3.2805423235353626,16.541675035690485,0.04700972325727248,0.9945546827720224,left_cw1,1580.0,19.045303555585214,0.5242567509255157,-1.5953802240606132,-3.338683860121507,-0.0758909715755732,-2.5052414667879503,,,,,,,,,,,,,,,,4.631403511356917,4.963464534624572,0.33206102326765485,44.339630079119395,46.36679252200538,2.0271624428859933,0.0,,,,,,,,4,490752081.8516864,312768081.8516864,4.016146337282083,4.460801456682638,0.44465511940055524,6.005118870568873,14.085754633813973,8.0806357632451,0.0,,,,,,,,,,,,,,,,,,,,,,,,,,,,,,,,,,,,,,,,
KERBIN-DUNA-KERBIN-KERBIN-JOOL,KERBIN DUNA KERBIN KERBIN JOOL,65.95361618422315,6.132262774137982,2.6681196773057763,3.0649585303825213,0.3991845664496845,0.0,5.14345495314642,3256.0,"663552081.851686,691200081.851686,729216081.851686,804902481.851686,944870481.851686","320,440,876,1620","0rev_cw0,right_cw0,left_cw1,left_cw0",663552081.8516864,,729216081.8516864,804902481.8516864,944870481.8516864,0rev_cw0,320.0,-15.342772594594871,-0.010564237891181846,-9.171562778439894,-6.981646663665998,-0.0019092108813162515,9.784196404494637,right_cw0,440.0,-6.979950711912093,0.02815904068564709,9.328844209157056,-4.057959335804117,-0.05081480209661065,-16.92591344514061,left_cw1,876.0,-3.698041248543296,0.002190517251464837,-17.647498729944893,-16.05377109147546,0.0005587741404940478,-8.722846604767797,left_cw0,1620.0,-18.123408840951086,-0.3157095216884734,-7.511255572177266,2.263589781212721,0.049418515859731935,3.06747368396764,,,,,,,,4.475751162174223,4.542405606206019,0.06665444403179599,10.247356797610827,50.127276018461885,39.87991922085106,0.0,4.513502943410224,4.689609682365217,0.17610673895499307,30.400369102256626,48.8803121406318,18.479943038375172,0.0,5,,691200081.8516864,5.074230126113744,5.23065350957664,0.15642338346289542,4.769130305752125,9.912585258898543,5.14345495314642,0.0,,,,,,,,,,,,,,,,,,,,,,,,,,,,,,,,,,,,,,,,
KERBIN-EVE-KERBIN-DUNA-JOOL,KERBIN EVE KERBIN DUNA JOOL,62.49717087577073,6.140184713793792,2.057261247908072,3.707453515860149,0.3754699500255705,0.0,1.0308408099965556,3160.0,"820800081.851686,840672081.851686,867456081.851686,953856081.851686,1093824081.85169","230,310,1000,1620","left_cw1,right_cw1,0rev_cw1,left_cw1",820800081.8516864,840672081.8516864,867456081.8516864,,1093824081.8516865,left_cw1,230.0,-12.973395296116193,0.4943066217773115,-3.7381699174959557,-1.9988309789071814,-0.16885066172916285,18.35882838096191,right_cw1,310.0,-5.948529962807941,0.152169437915083,20.3135231126485,-16.22281286904802,0.5865024270786745,5.145157411869572,0rev_cw1,1000.0,-19.238692553286725,-0.025889481433797847,4.110370949287845,0.21755316922057322,-3.673814766191191e-05,14.808385668179174,left_cw1,1620.0,0.07373808186671216,-0.2713237133434853,14.661481981798325,4.014028201391755,-0.055357959459800515,0.2267448294480301,3.568234958101207,3.7127298125482335,0.14449485444702637,74.69746120793937,84.00323118101029,9.305769973070928,0.0,6.558665860234248,6.758519546835736,0.1998536866014886,28.170584594777374,29.20142540477393,1.0308408099965556,0.0,,,,,,,,5,,,,,,,,,,,,,,,,,,,,,,,,,,953856081.8516864,9.395291341265748,9.426412750242804,0.03112140897705551,2.063772440305849,3.1591542190672,1.095381778761351,0.0,,,,,,,,,,,,,,,,
KERBIN-EVE-KERBIN-JOOL,KERBIN EVE KERBIN JOOL,35.036282969865645,6.144571812599986,2.4582456061536595,3.4939327313594464,0.19239347508688098,0.0,1.066160076074804,1800.0,"896832081.851686,916704081.851686,943488081.851686,1052352081.85169","230,310,1260","left_cw0,right_cw0,right_cw0",896832081.8516864,916704081.8516864,943488081.8516864,,,left_cw0,230.0,-8.240971947849202,0.29149897412309306,10.464829554731097,14.284295247967616,-0.03656559830155496,11.502990053866341,right_cw0,310.0,14.432229418155329,0.15599421916384454,15.456258724391315,-1.606015176530268,0.3672052240836384,16.843438951547515,right_cw0,1260.0,-3.9665985955256824,0.1472279772875022,18.957544048786044,-2.7193683205288557,-0.010500954702948035,-3.010062831574655,,,,,,,,,4.029954609568035,4.074891165829721,0.04493655626168547,58.505273073228125,76.6461867308953,18.140913657667173,0.0,6.968590070407662,6.821133151582466,0.14745691882519552,26.608025722456258,27.674185798531063,1.066160076074804,0.0,,,,,,,,4,1052352081.8516864,,,,,,,,,,,,,,,,,,,,,,,,,,,,,,,,,,,,,,,,,,,,,,,,
KERBIN-EVE-KERBIN-JOOL,KERBIN EVE KERBIN JOOL,67.1893477519662,6.1472326246931726,2.5846968413089866,3.15429218967552,0.4082435937086659,0.0,4.5040886344938755,2220.0,"369792081.851686,387936081.851686,438912081.851686,561600081.851686","210,590,1420","left_cw0,left_cw0,left_cw1",369792081.8516864,387936081.8516864,438912081.8516864,,,left_cw0,210.0,12.853853105097246,-0.1947991701533186,-1.9955858210265027,-17.684464102753893,0.22859430052549073,-6.461262405186504,left_cw0,590.0,-18.923815999138217,-0.00011811210441847741,-10.428485713977633,-13.785564556816968,0.18035437738411714,10.21450215200758,left_cw1,1420.0,-14.59941273645338,-0.4731522774451108,12.742014779662243,3.5720685177784843,0.05295246034289484,-0.36276352329534484,,,,,,,,,4.444542927492756,4.237929182261696,0.2066137452310599,57.23621550876467,71.91239291165633,14.676177402891657,0.0,6.920160378387899,7.121790226865505,0.201629848477606,22.399617452488656,26.90370608698253,4.5040886344938755,0.0,,,,,,,,4,561600081.8516865,,,,,,,,,,,,,,,,,,,,,,,,,,,,,,,,,,,,,,,,,,,,,,,,
