cost,raw_sum_km_s,departure_vinf_km_s,arrival_vinf_km_s,powered_flyby_dv_km_s,turn_excess_deg,min_turn_margin_deg,tof_total_days,epochs_et_s,tofs_days,leg_paths,event0_KERBIN_et_s,event1_KERBIN_et_s,event2_JOOL_et_s,leg1_path,leg1_tof_days,leg2_path,leg2_tof_days,flyby1_KERBIN_vinf_in_km_s,flyby1_KERBIN_vinf_out_km_s,flyby1_KERBIN_vinf_mismatch_km_s,flyby1_KERBIN_turn_required_deg,flyby1_KERBIN_turn_max_deg,flyby1_KERBIN_turn_margin_deg,flyby1_KERBIN_turn_excess_deg
7.892064420549173,7.248718757129434,4.499343418922029,2.745180693488305,0.00419464471910036,0.0,16.437186546921772,1595.0,"632448081.851686,727056081.851686,770256081.851686","1095,500","left_cw1,0rev_cw0",632448081.8516864,727056081.8516864,770256081.8516864,left_cw1,1095.0,0rev_cw0,500.0,4.500313718736776,4.496119074017676,0.00419464471910036,33.839181828743335,50.27636837566511,16.437186546921772,0.0
12.74449068926948,7.292383000524155,4.384155892173304,2.872751134216848,0.03547597413400272,0.0,12.742270473176651,2675.0,"1728081.8516864,96336081.8516864,232848081.851686","1095,1580","left_cw1,left_cw0",1728081.8516864013,96336081.8516864,232848081.85168642,left_cw1,1095.0,left_cw0,1580.0,4.384525043061053,4.420001017195056,0.03547597413400272,38.8757575546891,51.618028027865755,12.742270473176651,0.0
13.140458452648522,7.31031717330025,4.541556541522134,2.730018952019229,0.038741679758887315,0.0,6.5366569440313596,1376.0,"651456081.851686,727142481.851686,770342481.851686","876,500","left_cw1,0rev_cw0",651456081.8516864,727142481.8516864,770342481.8516864,left_cw1,876.0,0rev_cw0,500.0,4.5167555286806635,4.478013848921776,0.038741679758887315,43.751150580857285,50.28780752488864,6.5366569440313596,0.0
8.58014469550935,7.310565877304375,4.541556541522134,2.760447329188443,0.008562006593798799,0.0,12.387489306501498,1416.0,"651456081.851686,727142481.851686,773798481.851686","876,540","left_cw1,0rev_cw1",651456081.8516864,727142481.8516864,773798481.8516864,left_cw1,876.0,0rev_cw1,540.0,4.5167555286806635,4.525317535274462,0.008562006593798799,37.57629404375072,49.96378335025222,12.387489306501498,0.0
10.552295610860304,7.317012963730785,4.5514371842356915,2.744254854177608,0.021320925317485084,0.0,6.768753045235596,1416.0,"478656081.851686,554342481.851686,600998481.851686","876,540","left_cw1,0rev_cw1",478656081.8516864,554342481.8516865,600998481.8516865,left_cw1,876.0,0rev_cw1,540.0,4.510995236488405,4.53231616180589,0.021320925317485084,43.186583379840755,49.955336425076354,6.768753045235596,0.0
16.63687772329753,7.340953686872769,4.550953888933184,2.7292678733916516,0.06073192454793386,0.0,4.193254815147029,2416.0,"746496081.851686,822182481.851686,955238481.851686","876,1540","left_cw1,left_cw1",746496081.8516864,822182481.8516864,955238481.8516864,left_cw1,876.0,left_cw1,1540.0,4.514115756949633,4.453383832401699,0.06073192454793386,46.28255391559364,50.47580873074067,4.193254815147029,0.0
10.936420351851737,7.351169088118902,4.550953888933184,2.7770672583328793,0.023147940852839,0.0,10.662416380876172,2456.0,"746496081.851686,822182481.851686,958694481.851686","876,1580","left_cw1,left_cw1",746496081.8516864,822182481.8516864,958694481.8516864,left_cw1,876.0,left_cw1,1580.0,4.514115756949633,4.537263697802472,0.023147940852839,39.237930423943766,49.90034680481994,10.662416380876172,0.0
19.681139980542365,7.362388519568842,4.499343418922029,2.7805287774312055,0.0825163232156072,0.0,23.0636521313406,1635.0,"632448081.851686,727056081.851686,773712081.851686","1095,540","left_cw1,0rev_cw1",632448081.8516864,727056081.8516864,773712081.8516864,left_cw1,1095.0,0rev_cw1,540.0,4.500313718736776,4.582830041952383,0.0825163232156072,26.62094100943524,49.68459314077584,23.0636521313406,0.0
34.06172229068303,7.364866678761559,4.185409478457267,3.000071443334407,0.1793857569698849,0.0,32.64074533373289,1230.0,"404352081.851686,467424081.851686,510624081.851686","730,500","0rev_cw1,0rev_cw1",404352081.8516864,467424081.8516864,510624081.8516864,0rev_cw1,730.0,0rev_cw1,500.0,4.193137058557236,4.3725228155271205,0.1793857569698849,20.710667045828487,53.351412379561374,32.64074533373289,0.0
18.333150108112232,7.381088836450576,4.550375900627514,2.758183928375355,0.07252900744770674,0.0,2.4300336887798832,1416.0,"115776081.851686,191462481.851686,238118481.851686","876,540","left_cw1,0rev_cw1",115776081.8516864,191462481.85168642,238118481.85168642,left_cw1,876.0,0rev_cw1,540.0,4.514445834746703,4.441916827298996,0.07252900744770674,48.12280946457863,50.552843153358516,2.4300336887798832,0.0
26.19826998817491,7.382092129376153,4.546341154385947,2.7094265587279924,0.12632441626221347,0.0,10.985180077349389,1416.0,"841536081.851686,917222481.851686,963878481.851686","876,540","left_cw1,0rev_cw1",841536081.8516864,917222481.8516864,963878481.8516864,left_cw1,876.0,0rev_cw1,540.0,4.510808603950959,4.637133020213173,0.12632441626221347,38.26293577721052,49.248115854559906,10.985180077349389,0.0
8.310100205780506,7.394791181841825,4.550375900627514,2.838506651437832,0.005908629776479657,0.0,8.219617503000306,1456.0,"115776081.851686,191462481.851686,241574481.851686","876,580","left_cw1,0rev_cw1",115776081.8516864,191462481.85168642,241574481.85168642,left_cw1,876.0,0rev_cw1,580.0,4.514445834746703,4.5085372049702235,0.005908629776479657,41.8746115380918,50.094229041092106,8.219617503000306,0.0
15.553234042631836,7.396496718996056,4.539627082892539,2.803331048648851,0.05353858745466589,0.0,7.562229109749776,2416.0,"919296081.851686,994982481.851686,1128038481.85169","876,1540","left_cw1,left_cw0",919296081.8516864,994982481.8516864,1128038481.8516865,left_cw1,876.0,left_cw0,1540.0,4.512906178943458,4.4593675914887925,0.05353858745466589,42.88060184906286,50.44283095881264,7.562229109749776,0.0
7.577098996300568,7.401457489379483,4.543227605266412,2.8571135831193373,0.001116300993734498,0.0,9.22635884371546,1416.0,"461376081.851686,537062481.851686,583718481.851686","876,540","left_cw1,0rev_cw0",461376081.8516864,537062481.8516865,583718481.8516865,left_cw1,876.0,0rev_cw0,540.0,4.511659079574155,4.51277538056789,0.001116300993734498,40.857937258006345,50.084296101721804,9.22635884371546,0.0
16.617941898702263,7.41144940194238,4.541354044037104,2.808464352305152,0.061631005600124134,0.0,8.244573590665192,1376.0,"824256081.851686,899942481.851686,943142481.851686","876,500","left_cw1,0rev_cw0",824256081.8516864,899942481.8516864,943142481.8516864,left_cw1,876.0,0rev_cw0,500.0,4.50932210344821,4.570953109048334,0.061631005600124134,41.45945511157874,49.70402870224393,8.244573590665192,0.0
10.811228857834132,7.41568589243936,4.434390084422611,2.9594385333154922,0.021857274701256202,0.0,15.301977151350112,2475.0,"120960081.851686,215568081.851686,334800081.851686","1095,1380","left_cw1,left_cw1",120960081.8516864,215568081.85168642,334800081.8516864,left_cw1,1095.0,left_cw1,1380.0,4.434060100194484,4.412202825493228,0.021857274701256202,36.020460702808755,51.32243785415887,15.301977151350112,0.0
16.58531921107715,7.420194413762263,4.539373853416405,2.8196964821266906,0.061124078219166655,0.0,6.810134653494784,1416.0,"288576081.851686,364262481.851686,410918481.851686","876,540","left_cw1,0rev_cw0",288576081.8516864,364262481.8516864,410918481.8516864,left_cw1,876.0,0rev_cw0,540.0,4.512425087310885,4.451301009091718,0.061124078219166655,43.691758825899655,50.50189347939444,6.810134653494784,0.0
29.68038615730046,7.431160612802295,4.543173169970868,2.740515200988514,0.1474722418429133,0.0,3.0173283377870352,2456.0,"573696081.851686,649382481.851686,785894481.851686","876,1580","left_cw1,left_cw1",573696081.8516864,649382481.8516864,785894481.8516864,left_cw1,876.0,left_cw1,1580.0,4.514754375519308,4.662226617362221,0.1474722418429133,46.03675697761159,49.05408531539863,3.0173283377870352,0.0
18.69436372654578,7.433423411447951,4.545543385295406,2.81379031315828,0.07408971299426526,0.0,5.731749885375727,2456.0,"383616081.851686,459302481.851686,595814481.851686","876,1580","left_cw1,left_cw1",383616081.8516864,459302481.8516864,595814481.8516865,left_cw1,876.0,left_cw1,1580.0,4.517348055524469,4.4432583425302035,0.07408971299426526,44.79172175070755,50.52347163608328,5.731749885375727,0.0
17.08555099034834,7.44588442386117,4.548343030491475,2.83417521767339,0.06336617569630398,0.0,7.178869524810331,2496.0,"210816081.851686,286502481.851686,426470481.851686","876,1620","left_cw1,left_cw1",210816081.8516864,286502481.85168636,426470481.85168636,left_cw1,876.0,left_cw1,1620.0,4.511656733479689,4.575022909175993,0.06336617569630398,42.48177984135066,49.66064936616099,7.178869524810331,0.0
26.6597536516546,7.446034919518908,4.384155892173304,2.9340799972262586,0.12779903011934568,0.0,21.573484417434837,2715.0,"1728081.8516864,96336081.8516864,236304081.851686","1095,1620","left_cw1,left_cw1",1728081.8516864013,96336081.8516864,236304081.85168642,left_cw1,1095.0,left_cw1,1620.0,4.384525043061053,4.512324073180399,0.12779903011934568,29.393537928367216,50.96702234580205,21.573484417434837,0.0
15.996515738356088,7.452169178386181,4.365453793308984,3.0291585479190672,0.057556837158129426,0.0,29.68984463280702,1230.0,"231552081.851686,294624081.851686,337824081.851686","730,500","0rev_cw1,0rev_cw1",231552081.8516864,294624081.85168636,337824081.85168636,0rev_cw1,730.0,0rev_cw1,500.0,4.363774273089749,4.421331110247879,0.057556837158129426,22.066454149286347,51.75629878209336,29.68984463280702,0.0
16.38180628868595,7.454189072576491,4.539627082892539,2.8555592437816055,0.059002745902346554,0.0,14.514029298977034,2456.0,"919296081.851686,994982481.851686,1131494481.85169","876,1580","left_cw1,left_cw0",919296081.8516864,994982481.8516864,1131494481.8516865,left_cw1,876.0,left_cw0,1580.0,4.512906178943458,4.571908924845805,0.059002745902346554,35.15924426056765,49.673273559544675,14.514029298977034,0.0
13.530270889729502,7.457558754801117,4.539918769339566,2.877961183138467,0.03967880232308385,0.0,8.781874393546595,2456.0,"556416081.851686,632102481.851686,768614481.851686","876,1580","left_cw1,left_cw0",556416081.8516864,632102481.8516864,768614481.8516864,left_cw1,876.0,left_cw0,1580.0,4.509660590823299,4.469981788500215,0.03967880232308385,41.61011108162729,50.39198547517388,8.781874393546595,0.0
19.00064293383394,7.466191884233678,4.541354044037104,2.8473840736605247,0.07745376653604907,0.0,15.593053657525358,1416.0,"824256081.851686,899942481.851686,946598481.851686","876,540","left_cw1,0rev_cw0",824256081.8516864,899942481.8516864,946598481.8516864,left_cw1,876.0,0rev_cw0,540.0,4.50932210344821,4.586775869984259,0.07745376653604907,34.003889283569805,49.596942941095165,15.593053657525358,0.0
10.856403001061462,7.469099148823244,4.520380884457077,2.926751830930762,0.02196643343540572,0.0,13.066438431484888,2296.0,"658368081.851686,734054481.851686,856742481.851686","876,1420","left_cw1,left_cw0",658368081.8516864,734054481.8516864,856742481.8516864,left_cw1,876.0,left_cw0,1420.0,4.544725200555985,4.5666916339913906,0.02196643343540572,36.427107346441204,49.493545777926094,13.066438431484888,0.0
11.958948342454253,7.479111528138739,4.539373853416405,2.9096670621249348,0.03007061259739796,0.0,12.781529192297146,1456.0,"288576081.851686,364262481.851686,414374481.851686","876,580","left_cw1,0rev_cw0",288576081.8516864,364262481.8516864,414374481.8516864,left_cw1,876.0,0rev_cw0,580.0,4.512425087310885,4.542495699908283,0.03007061259739796,37.094705062220214,49.87623425451736,12.781529192297146,0.0
15.259391908775727,7.479782363835065,4.545543385295406,2.8829777317832392,0.051261246756419965,0.0,12.559040825548504,2496.0,"383616081.851686,459302481.851686,599270481.851686","876,1620","left_cw1,left_cw1",383616081.8516864,459302481.8516864,599270481.8516865,left_cw1,876.0,left_cw1,1620.0,4.517348055524469,4.568609302280889,0.051261246756419965,37.10649841702305,49.66553924257155,12.559040825548504,0.0
22.187780281114925,7.480438923271674,4.5514371842356915,2.830290156347794,0.09871158268818814,0.0,12.453701546158035,1456.0,"478656081.851686,554342481.851686,604454481.851686","876,580","left_cw1,0rev_cw1",478656081.8516864,554342481.8516865,604454481.8516865,left_cw1,876.0,0rev_cw1,580.0,4.510995236488405,4.609706819176593,0.09871158268818814,36.97730505530501,49.43100660146304,12.453701546158035,0.0
36.7379211653894,7.484594179678187,4.54417780787681,2.745286441922469,0.19512992987890865,0.0,7.862032145299717,2456.0,"936576081.851686,1012262481.85169,1148774481.85169","876,1580","left_cw1,left_cw1",936576081.8516864,1012262481.8516864,1148774481.8516865,left_cw1,876.0,left_cw1,1580.0,4.520898935080938,4.7160288649598465,0.19512992987890865,40.79457117174593,48.656603317045644,7.862032145299717,0.0
13.660413069067465,7.489997794564545,4.742450143275232,2.706308424609278,0.04123922668003388,0.0,9.902440133508833,1635.0,"649728081.851686,744336081.851686,790992081.851686","1095,540","0rev_cw1,0rev_cw1",649728081.8516864,744336081.8516864,790992081.8516864,0rev_cw1,1095.0,0rev_cw1,540.0,4.743647137130204,4.784886363810238,0.04123922668003388,36.87813303365041,46.78057316715924,9.902440133508833,0.0
11.586472066497757,7.491460952058121,4.434390084422611,3.030555925501566,0.026514942133944785,0.0,22.33439125085695,2515.0,"120960081.851686,215568081.851686,338256081.851686","1095,1420","left_cw1,left_cw1",120960081.8516864,215568081.85168642,338256081.8516864,left_cw1,1095.0,left_cw1,1420.0,4.434060100194484,4.460575042328429,0.026514942133944785,28.648121389080167,50.98251263993712,22.33439125085695,0.0
30.791692880272922,7.497876112646258,4.543260159724537,2.798912668467981,0.1557032844537405,0.0,5.264407664194305,1456.0,"305856081.851686,381542481.851686,431654481.851686","876,580","left_cw1,0rev_cw1",305856081.8516864,381542481.8516864,431654481.8516864,left_cw1,876.0,0rev_cw1,580.0,4.518767457945279,4.674470742399019,0.1557032844537405,43.68147653375312,48.94588419794742,5.264407664194305,0.0
31.047944553956885,7.499940271718522,4.543173169970868,2.799677702391921,0.1570893993557334,0.0,11.344653982706312,2496.0,"573696081.851686,649382481.851686,789350481.851686","876,1620","left_cw1,left_cw1",573696081.8516864,649382481.8516864,789350481.8516864,left_cw1,876.0,left_cw1,1620.0,4.514754375519308,4.671843774875041,0.1570893993557334,37.64538693540282,48.99004091810913,11.344653982706312,0.0
14.246015579893715,7.502258722570275,4.539942496171931,2.9183192173691093,0.0439970090292352,0.0,7.674063313334619,2496.0,"20736081.8516864,96422481.8516864,236390481.851686","876,1620","left_cw1,left_cw1",20736081.851686403,96422481.8516864,236390481.85168642,left_cw1,876.0,left_cw1,1620.0,4.516761879116079,4.472764870086844,0.0439970090292352,42.64981878637128,50.3238820997059,7.674063313334619,0.0
16.089241416130108,7.507549896922648,4.526729869682073,2.9245433617962537,0.056276665444321416,0.0,5.891845117959867,2296.0,"295488081.851686,371174481.851686,493862481.851686","876,1420","left_cw1,left_cw0",295488081.8516864,371174481.8516864,493862481.8516864,left_cw1,876.0,left_cw0,1420.0,4.54564900243147,4.601925667875792,0.056276665444321416,43.358728814415734,49.2505739323756,5.891845117959867,0.0
21.870287986723397,7.514797624115549,4.612742022952762,2.806863598355643,0.0951920028071438,0.0,9.98906500048807,2715.0,"19008081.8516864,113616081.851686,253584081.851686","1095,1620","left_cw1,left_cw1",19008081.851686403,113616081.8516864,253584081.85168642,left_cw1,1095.0,left_cw1,1620.0,4.613032498829267,4.708224501636411,0.0951920028071438,38.115295262060094,48.10436026254816,9.98906500048807,0.0
14.139727117668954,7.515170566561112,4.49702748432746,2.9743540864459774,0.0437889957876747,0.0,3.419082233215628,1230.0,"214272081.851686,277344081.851686,320544081.851686","730,500","0rev_cw1,0rev_cw0",214272081.8516864,277344081.85168636,320544081.85168636,0rev_cw1,730.0,0rev_cw0,500.0,4.49436683721243,4.538155833000105,0.0437889957876747,46.6099069779726,50.028989211188225,3.419082233215628,0.0
15.513220362185143,7.522549357017473,4.696844085428808,2.7741514658281763,0.051553805760489624,0.0,2.3041096387837,2595.0,"209088081.851686,303696081.851686,433296081.851686","1095,1500","left_cw1,left_cw0",209088081.8516864,303696081.85168636,433296081.85168636,left_cw1,1095.0,left_cw0,1500.0,4.694766618540778,4.6432128127802885,0.051553805760489624,45.69169131249222,47.99580095127592,2.3041096387837,0.0
13.889471385161807,7.523971845897658,4.526729869682073,2.9553244019382223,0.0419175742773632,0.0,13.854012100593346,2336.0,"295488081.851686,371174481.851686,497318481.851686","876,1460","left_cw1,left_cw0",295488081.8516864,371174481.8516864,497318481.8516864,left_cw1,876.0,left_cw0,1460.0,4.54564900243147,4.587566576708833,0.0419175742773632,35.49286997560341,49.34688207619676,13.854012100593346,0.0
21.840242693710437,7.527451559574506,4.513513162296498,2.9194045536745326,0.09453384360347616,0.0,4.3528416572393445,2296.0,"122688081.851686,198374481.851686,321062481.851686","876,1420","left_cw1,left_cw0",122688081.8516864,198374481.85168642,321062481.8516864,left_cw1,876.0,left_cw0,1420.0,4.550851148355972,4.4563173047524955,0.09453384360347616,45.849777605598646,50.20261926283799,4.3528416572393445,0.0
10.535730700362889,7.52859386955041,4.520039089115794,2.9891398035188463,0.019414976915769877,0.0,16.534974959738157,2296.0,"848448081.851686,924134481.851686,1046822481.85169","876,1420","left_cw1,left_cw1",848448081.8516864,924134481.8516864,1046822481.8516864,left_cw1,876.0,left_cw1,1420.0,4.549783519208175,4.569198496123945,0.019414976915769877,32.90760914650591,49.44258410624408,16.534974959738157,0.0
11.269320148068925,7.534789305056542,4.742450143275232,2.7679286271145993,0.024410534666710504,0.0,6.596691287489769,1675.0,"649728081.851686,744336081.851686,794448081.851686","1095,580","0rev_cw1,0rev_cw1",649728081.8516864,744336081.8516864,794448081.8516864,0rev_cw1,1095.0,0rev_cw1,580.0,4.743647137130204,4.768057671796915,0.024410534666710504,40.289607850552294,46.88629913804206,6.596691287489769,0.0
10.799464512264818,7.537506227793547,4.671310243535025,2.845272000714969,0.02092398354355307,0.0,22.388412890280808,2515.0,"710208081.851686,804816081.851686,927504081.851686","1095,1420","0rev_cw1,left_cw1",710208081.8516864,804816081.8516864,927504081.8516864,0rev_cw1,1095.0,left_cw1,1420.0,4.672180232227502,4.651256248683949,0.02092398354355307,25.701780809829398,48.090193700110206,22.388412890280808,0.0
30.078922331768048,7.540956948054981,4.541556541522134,2.8481343001811035,0.15126610635174398,0.0,17.244940645158934,1456.0,"651456081.851686,727142481.851686,777254481.851686","876,580","left_cw1,0rev_cw1",651456081.8516864,727142481.8516864,777254481.8516864,left_cw1,876.0,0rev_cw1,580.0,4.5167555286806635,4.6680216350324075,0.15126610635174398,31.757218779899972,49.002159425058906,17.244940645158934,0.0
8.303996132615303,7.54109319703112,4.516718262725961,3.0199851801655906,0.004389754139568325,0.0,12.1739773954386,2256.0,"865728081.851686,941414481.851686,1060646481.85169","876,1380","left_cw1,left_cw1",865728081.8516864,941414481.8516864,1060646481.8516864,left_cw1,876.0,left_cw1,1380.0,4.543441552082236,4.539051797942668,0.004389754139568325,37.515021694040605,49.6889990894792,12.1739773954386,0.0
9.555872360038382,7.542245013093896,4.514328631665747,3.016194338447434,0.011722042980714775,0.0,2.089331298525913,2256.0,"330048081.851686,405734481.851686,524966481.851686","876,1380","left_cw1,left_cw1",330048081.8516864,405734481.8516864,524966481.8516864,left_cw1,876.0,left_cw1,1380.0,4.536128041625485,4.5478500846062,0.011722042980714775,47.589610488631855,49.67894178715777,2.089331298525913,0.0
17.81591851779915,7.544176448562736,4.5324188478939345,2.9427783910479457,0.06897920962085546,0.0,11.22228374402625,1416.0,"634176081.851686,709862481.851686,756518481.851686","876,540","left_cw1,0rev_cw0",634176081.8516864,709862481.8516864,756518481.8516864,left_cw1,876.0,0rev_cw0,540.0,4.517844191889536,4.586823401510391,0.06897920962085546,38.316783452386076,49.539067196412326,11.22228374402625,0.0
9.06605945802086,7.549555924593625,4.755377987117481,2.7850051650239878,0.009172772452155087,0.0,23.700400819408035,2555.0,"900288081.851686,994896081.851686,1121040081.85169","1095,1460","0rev_cw1,left_cw1",900288081.8516864,994896081.8516864,1121040081.8516865,0rev_cw1,1095.0,left_cw1,1460.0,4.754849232999672,4.745676460547517,0.009172772452155087,23.256300179721244,46.95670099912928,23.700400819408035,0.0
14.207857592709043,7.5496102105914735,4.5430722643176775,2.9639485620166575,0.04258938425713854,0.0,1.1889474427947924,2456.0,"193536081.851686,269222481.851686,405734481.851686","876,1580","left_cw1,left_cw0",193536081.8516864,269222481.85168636,405734481.85168636,left_cw1,876.0,left_cw0,1580.0,4.508386109763978,4.46579672550684,0.04258938425713854,49.24070421577718,50.42965165857197,1.1889474427947924,0.0
8.963915688456703,7.552270636696546,4.542405606206019,3.0013050507918675,0.008559979698659959,0.0,10.673756169142893,2456.0,"729216081.851686,804902481.851686,941414481.851686","876,1580","left_cw1,left_cw0",729216081.8516864,804902481.8516864,941414481.8516864,left_cw1,876.0,left_cw0,1580.0,4.513502943410224,4.522062923108884,0.008559979698659959,39.33444376893317,50.00819993807606,10.673756169142893,0.0
40.01476955535272,7.552763256227969,4.548679543348595,2.786241251759088,0.21784246112028605,0.0,9.791797255054375,1456.0,"668736081.851686,744422481.851686,794534481.851686","876,580","left_cw1,0rev_cw1",668736081.8516864,744422481.8516864,794534481.8516864,left_cw1,876.0,0rev_cw1,580.0,4.521961926239761,4.739804387360047,0.21784246112028605,38.70131242777605,48.49310968283042,9.791797255054375,0.0
14.31564715274651,7.5534169761455265,4.513513162296498,2.995323617844573,0.04458019600445606,0.0,11.735600095198723,2336.0,"122688081.851686,198374481.851686,324518481.851686","876,1460","left_cw1,left_cw0",122688081.8516864,198374481.85168642,324518481.8516864,left_cw1,876.0,left_cw0,1460.0,4.550851148355972,4.506270952351516,0.04458019600445606,38.12565308318463,49.86125317838335,11.735600095198723,0.0
21.385706353169617,7.5538887005417745,4.520039089115794,2.941749020259273,0.09210059116670699,0.0,11.248537071408794,2256.0,"848448081.851686,924134481.851686,1043366481.85169","876,1380","left_cw1,left_cw0",848448081.8516864,924134481.8516864,1043366481.8516864,left_cw1,876.0,left_cw0,1380.0,4.549783519208175,4.457682928041468,0.09210059116670699,38.95203705712111,50.2005741285299,11.248537071408794,0.0
41.15153295894166,7.558220302805635,4.546341154385947,2.786416080508059,0.22546306791162962,0.0,16.293530090044754,1456.0,"841536081.851686,917222481.851686,967334481.851686","876,580","left_cw1,0rev_cw1",841536081.8516864,917222481.8516864,967334481.8516864,left_cw1,876.0,0rev_cw1,580.0,4.510808603950959,4.736271671862589,0.22546306791162962,32.29616235480687,48.58969244485162,16.293530090044754,0.0
18.53307766983902,7.559766262210065,4.516540793699087,2.9710776205252074,0.07214784798577067,0.0,4.277375551968805,2256.0,"485568081.851686,561254481.851686,680486481.851686","876,1380","left_cw1,left_cw0",485568081.8516864,561254481.8516865,680486481.8516865,left_cw1,876.0,left_cw0,1380.0,4.553687230201813,4.4815393822160425,0.07214784798577067,45.73314142346923,50.01051697543804,4.277375551968805,0.0
7.7206079166729245,7.565031365699577,4.541439646198851,3.0225429878653554,0.0010487316353700038,0.0,10.057367404720926,1456.0,"98496081.8516864,174182481.851686,224294481.851686","876,580","left_cw1,0rev_cw0",98496081.8516864,174182481.85168642,224294481.85168642,left_cw1,876.0,0rev_cw0,580.0,4.516239151547409,4.517287883182779,0.0010487316353700038,39.964759388709815,50.02212679343074,10.057367404720926,0.0
8.482211731489532,7.565131942617541,4.5430722643176775,3.016855678228468,0.0052040000713953205,0.0,10.711286300018235,2496.0,"193536081.851686,269222481.851686,409190481.851686","876,1620","left_cw1,left_cw0",193536081.8516864,269222481.85168636,409190481.85168636,left_cw1,876.0,left_cw0,1620.0,4.508386109763978,4.503182109692583,0.0052040000713953205,39.461148052980526,50.17243435299876,10.711286300018235,0.0
19.601447606377494,7.567633168520266,4.516540793699087,2.9710956689990686,0.07999670582211049,0.0,10.990119204292647,2296.0,"485568081.851686,561254481.851686,683942481.851686","876,1420","left_cw1,left_cw0",485568081.8516864,561254481.8516865,683942481.8516865,left_cw1,876.0,left_cw0,1420.0,4.553687230201813,4.473690524379703,0.07999670582211049,39.074041813281546,50.06416101757419,10.990119204292647,0.0
19.738862042533686,7.568428441921402,4.50936854190812,2.977538998679293,0.08152090133398815,0.0,20.1811237734741,1635.0,"252288081.851686,346896081.851686,393552081.851686","1095,540","0rev_cw1,0rev_cw1",252288081.8516864,346896081.85168636,393552081.85168636,0rev_cw1,1095.0,0rev_cw1,540.0,4.507879726651536,4.589400627985524,0.08152090133398815,29.407828751394813,49.58895252486891,20.1811237734741,0.0
29.220027722279067,7.572035748461849,4.314444616393404,3.113009107833196,0.14458202423524824,0.0,33.060983175853465,2230.0,"672192081.851686,735264081.851686,864864081.851686","730,1500","right_cw0,left_cw0",672192081.8516864,735264081.8516864,864864081.8516864,right_cw0,730.0,left_cw0,1500.0,4.317769105225006,4.462351129460254,0.14458202423524824,18.730883688836443,51.79186686468991,33.060983175853465,0.0
13.282811511443919,7.574622350571482,4.516718262725961,3.0210235500329614,0.036880537812559844,0.0,4.518242020660826,2216.0,"865728081.851686,941414481.851686,1057190481.85169","876,1340","left_cw1,left_cw1",865728081.8516864,941414481.8516864,1057190481.8516864,left_cw1,876.0,left_cw1,1340.0,4.543441552082236,4.580322089894796,0.036880537812559844,44.89216569871099,49.41040771937181,4.518242020660826,0.0
8.126052291299347,7.575051457969267,4.537817441378142,3.0354305642895945,0.0018034523015311166,0.0,2.6960818128939805,2456.0,"366336081.851686,442022481.851686,578534481.851686","876,1580","left_cw1,left_cw0",366336081.8516864,442022481.8516864,578534481.8516865,left_cw1,876.0,left_cw0,1580.0,4.517112914958531,4.515309462657,0.0018034523015311166,47.333592722536274,50.02967453543025,2.6960818128939805,0.0
34.36020736370811,7.575417739859359,4.550953888933184,2.84565106001601,0.17881279091016555,0.0,16.779398624521153,2496.0,"746496081.851686,822182481.851686,962150481.851686","876,1620","left_cw1,left_cw1",746496081.8516864,822182481.8516864,962150481.8516864,left_cw1,876.0,left_cw1,1620.0,4.514115756949633,4.692928547859799,0.17881279091016555,32.07483589681496,48.85423452133611,16.779398624521153,0.0
9.457501659956261,7.575556244714026,4.51097368946929,3.0527191985676927,0.011863356677043413,0.0,14.638946272017103,2296.0,"675648081.851686,751334481.851686,874022481.851686","876,1420","left_cw1,left_cw1",675648081.8516864,751334481.8516864,874022481.8516864,left_cw1,876.0,left_cw1,1420.0,4.544279567785433,4.53241621110839,0.011863356677043413,35.08934802715551,49.72829429917261,14.638946272017103,0.0
33.94653610730655,7.578554282467269,4.525152811854735,2.877282644299649,0.17611882631288456,0.0,9.675213385877436,2336.0,"105408081.851686,181094481.851686,307238481.851686","876,1460","left_cw1,left_cw1",105408081.8516864,181094481.85168642,307238481.8516864,left_cw1,876.0,left_cw1,1460.0,4.547211587246422,4.723330413559307,0.17611882631288456,38.76029956226058,48.43551294813802,9.675213385877436,0.0
21.57491169764387,7.586275893112389,4.543227605266412,2.9491602323612236,0.09388805548475343,0.0,15.909547028461658,1456.0,"461376081.851686,537062481.851686,587174481.851686","876,580","left_cw1,0rev_cw0",461376081.8516864,537062481.8516865,587174481.8516865,left_cw1,876.0,0rev_cw0,580.0,4.511659079574155,4.605547135058909,0.09388805548475343,33.544993509129164,49.45454053759082,15.909547028461658,0.0
34.75232634443302,7.58741510366427,4.54641175218791,2.8599455176443813,0.1810578338319786,0.0,7.993274000220381,2536.0,"38016081.8516864,113702481.851686,257126481.851686","876,1660","left_cw1,left_cw1",38016081.8516864,113702481.8516864,257126481.85168642,left_cw1,876.0,left_cw1,1660.0,4.521344520898967,4.702402354730945,0.1810578338319786,40.75037439269685,48.74364839291723,7.993274000220381,0.0
23.82284057053828,7.590094784457833,4.539918769339566,2.9421823103676195,0.10799370475064674,0.0,16.088794551734683,2496.0,"556416081.851686,632102481.851686,772070481.851686","876,1620","left_cw1,left_cw0",556416081.8516864,632102481.8516864,772070481.8516864,left_cw1,876.0,left_cw0,1620.0,4.509660590823299,4.617654295573946,0.10799370475064674,33.29773341127358,49.38652796300826,16.088794551734683,0.0
33.08803390056071,7.59242272769848,4.529658558806777,2.892419833975599,0.1703443349161038,0.0,15.16486642283055,2296.0,"831168081.851686,906854481.851686,1029542481.85169","876,1420","left_cw1,left_cw0",831168081.8516864,906854481.8516864,1029542481.8516864,left_cw1,876.0,left_cw0,1420.0,4.549750475002513,4.720094809918617,0.1703443349161038,33.27521603942228,48.44008246225283,15.16486642283055,0.0
9.484195892063916,7.595098195964723,4.513782190882455,3.0694046465202782,0.011911358561989438,0.0,12.985235874811693,2296.0,"502848081.851686,578534481.851686,701222481.851686","876,1420","left_cw1,left_cw1",502848081.8516864,578534481.8516865,701222481.8516865,left_cw1,876.0,left_cw1,1420.0,4.54717093084658,4.53525957228459,0.011911358561989438,36.70418897219825,49.689424847009946,12.985235874811693,0.0
21.243399509436983,7.596237906043444,4.513782190882455,2.992216682739114,0.09023903242187536,0.0,5.364189812719425,2256.0,"502848081.851686,578534481.851686,697766481.851686","876,1380","left_cw1,left_cw1",502848081.8516864,578534481.8516865,697766481.8516865,left_cw1,876.0,left_cw1,1380.0,4.54717093084658,4.456931898424704,0.09023903242187536,44.85947494503422,50.223664757753646,5.364189812719425,0.0
15.50424067587578,7.597370740881856,4.509979927434846,3.0350549720630813,0.052335841383928994,0.0,10.324166879689109,2256.0,"692928081.851686,768614481.851686,887846481.851686","876,1380","left_cw1,left_cw1",692928081.8516864,768614481.8516864,887846481.8516864,left_cw1,876.0,left_cw1,1380.0,4.536490639985847,4.588826481369776,0.052335841383928994,39.075792923484485,49.399959803173594,10.324166879689109,0.0
24.662367135109715,7.59776746890772,4.612742022952762,2.87168678340278,0.11333866255217817,0.0,18.41072582646446,2755.0,"19008081.8516864,113616081.851686,257040081.851686","1095,1660","left_cw1,left_cw1",19008081.851686403,113616081.8516864,257040081.85168642,left_cw1,1095.0,left_cw1,1660.0,4.613032498829267,4.726371161381445,0.11333866255217817,29.575843703498904,47.98656952996337,18.41072582646446,0.0
15.300933862688863,7.600078072062657,4.464333070303061,3.0838491764762566,0.05189582528333947,0.0,20.231323087055557,1230.0,"421632081.851686,484704081.851686,527904081.851686","730,500","right_cw0,0rev_cw1",421632081.8516864,484704081.8516864,527904081.8516864,right_cw0,730.0,0rev_cw1,500.0,4.470988458037332,4.522884283320671,0.05189582528333947,30.062651884366574,50.29397497142213,20.231323087055557,0.0
18.391439421544842,7.611616141211635,4.49702748432746,3.0420653699355156,0.07252328694865984,0.0,15.55625945337432,1270.0,"214272081.851686,277344081.851686,324000081.851686","730,540","0rev_cw1,0rev_cw0",214272081.8516864,277344081.85168636,324000081.85168636,0rev_cw1,730.0,0rev_cw0,540.0,4.49436683721243,4.4218435502637705,0.07252328694865984,35.27555206245614,50.83181151583046,15.55625945337432,0.0
21.592399956672697,7.616094900486329,4.365453793308984,3.1566649224041674,0.0939761847731777,0.0,37.308130804217676,1270.0,"231552081.851686,294624081.851686,341280081.851686","730,540","0rev_cw1,0rev_cw1",231552081.8516864,294624081.85168636,341280081.85168636,0rev_cw1,730.0,0rev_cw1,540.0,4.363774273089749,4.457750457862927,0.0939761847731777,14.189251138178763,51.49738194239644,37.308130804217676,0.0
22.780271536448797,7.617827968757961,4.529792730138161,2.9872373010113034,0.10079793760849665,0.0,2.514448585205817,1416.0,"271296081.851686,346982481.851686,393638481.851686","876,540","left_cw1,0rev_cw0",271296081.8516864,346982481.8516864,393638481.8516864,left_cw1,876.0,0rev_cw0,540.0,4.513638386251827,4.614436323860324,0.10079793760849665,46.866971969136856,49.381420554342675,2.514448585205817,0.0
25.56130751540385,7.617828223914243,4.550375900627514,2.9470584437389964,0.1203938795477324,0.0,13.822061153175023,1496.0,"115776081.851686,191462481.851686,245030481.851686","876,620","left_cw1,0rev_cw1",115776081.8516864,191462481.85168642,245030481.85168642,left_cw1,876.0,0rev_cw1,620.0,4.514445834746703,4.6348397142944355,0.1203938795477324,35.41705361226614,49.239114765441165,13.822061153175023,0.0
26.70190554975905,7.618870654988936,4.51097368946929,2.9807571722788477,0.12713979324079894,0.0,8.481193344871327,2256.0,"675648081.851686,751334481.851686,870566481.851686","876,1380","left_cw1,left_cw1",675648081.8516864,751334481.8516864,870566481.8516864,left_cw1,876.0,left_cw1,1380.0,4.544279567785433,4.417139774544634,0.12713979324079894,42.036654242665065,50.51784758753639,8.481193344871327,0.0
10.07467815033905,7.619336827849596,4.514328631665747,3.0892965448272935,0.015711651356554945,0.0,11.591754187668279,2296.0,"330048081.851686,405734481.851686,528422481.851686","876,1420","left_cw1,left_cw1",330048081.8516864,405734481.8516864,528422481.8516864,left_cw1,876.0,left_cw1,1420.0,4.536128041625485,4.55183969298204,0.015711651356554945,38.0601762948439,49.65193048251218,11.591754187668279,0.0
33.84765363024044,7.621823167956357,4.526055638982237,2.920559143132864,0.17520838584125542,0.0,16.010879630180625,2336.0,"468288081.851686,543974481.851686,670118481.851686","876,1460","left_cw1,left_cw1",468288081.8516864,543974481.8516865,670118481.8516865,left_cw1,876.0,left_cw1,1460.0,4.550584556313913,4.725792942155168,0.17520838584125542,32.386381880904025,48.39726151108465,16.010879630180625,0.0
26.095197784443286,7.628365242758965,4.517166442869246,2.9881918724775196,0.12300692741220054,0.0,8.77524565481624,2296.0,"312768081.851686,388454481.851686,511142481.851686","876,1420","left_cw1,left_cw1",312768081.8516864,388454481.8516864,511142481.8516864,left_cw1,876.0,left_cw1,1420.0,4.542826616564944,4.419819689152743,0.12300692741220054,41.73411514478115,50.50936079959739,8.77524565481624,0.0
8.460584288525986,7.628991692750833,4.776813557028745,2.8473769892129517,0.004801146509136878,0.0,13.356168557208965,2310.0,"395712081.851686,458784081.851686,595296081.851686","730,1580","0rev_cw1,left_cw1",395712081.8516864,458784081.8516864,595296081.8516865,0rev_cw1,730.0,left_cw1,1580.0,4.7800817576839725,4.784882904193109,0.004801146509136878,33.19657123723822,46.552739794447184,13.356168557208965,0.0
24.11836523589936,7.633663583873106,4.539942496171931,2.9840731536594434,0.1096479340417309,0.0,14.800387528183004,2536.0,"20736081.8516864,96422481.8516864,239846481.851686","876,1660","left_cw1,left_cw1",20736081.851686403,96422481.8516864,239846481.85168642,left_cw1,876.0,left_cw1,1660.0,4.516761879116079,4.62640981315781,0.1096479340417309,34.4796923419465,49.28007987012951,14.800387528183004,0.0
21.569026034503203,7.633726538563493,4.314444616393404,3.2264996843741143,0.09278223779597461,0.0,26.516832488308246,2270.0,"672192081.851686,735264081.851686,868320081.851686","730,1540","right_cw0,left_cw1",672192081.8516864,735264081.8516864,868320081.8516864,right_cw0,730.0,left_cw1,1540.0,4.317769105225006,4.41055134302098,0.09278223779597461,25.646436638400356,52.163269126708606,26.516832488308246,0.0
34.88802372246608,7.638908235032231,4.548343030491475,2.908672882341927,0.1818923221988289,0.0,14.243076598230935,2536.0,"210816081.851686,286502481.851686,429926481.851686","876,1660","left_cw1,left_cw1",210816081.8516864,286502481.85168636,429926481.85168636,left_cw1,876.0,left_cw1,1660.0,4.511656733479689,4.693549055678518,0.1818923221988289,34.623350031682854,48.86642662991379,14.243076598230935,0.0
11.300630103198277,7.63990286027055,4.517166442869246,3.098971677327541,0.023764740073763058,0.0,15.744242528824083,2336.0,"312768081.851686,388454481.851686,514598481.851686","876,1460","left_cw1,left_cw1",312768081.8516864,388454481.8516864,514598481.8516864,left_cw1,876.0,left_cw1,1460.0,4.542826616564944,4.566591356638707,0.023764740073763058,33.76277938689526,49.50702191571934,15.744242528824083,0.0
37.62583153813181,7.6413894542566725,4.543260159724537,2.8969235841630234,0.20120571036911183,0.0,12.100397685919424,1496.0,"305856081.851686,381542481.851686,435110481.851686","876,620","left_cw1,0rev_cw1",305856081.8516864,381542481.8516864,435110481.8516864,left_cw1,876.0,0rev_cw1,620.0,4.518767457945279,4.71997316831439,0.20120571036911183,36.54424943418405,48.64464712010348,12.100397685919424,0.0
36.21025739212439,7.642398646722679,4.517166442869246,2.935228644806971,0.19000355904646238,0.0,2.575056065484349,2256.0,"312768081.851686,388454481.851686,507686481.851686","876,1380","left_cw1,left_cw1",312768081.8516864,388454481.8516864,507686481.8516864,left_cw1,876.0,left_cw1,1380.0,4.542826616564944,4.352823057518481,0.19000355904646238,48.40035756451897,50.97541363000332,2.575056065484349,0.0
17.257118205933764,7.646033164621144,4.516540793699087,3.065792343610812,0.06370002731124558,0.0,17.344071613572495,2336.0,"485568081.851686,561254481.851686,687398481.851686","876,1460","left_cw1,left_cw1",485568081.8516864,561254481.8516865,687398481.8516865,left_cw1,876.0,left_cw1,1460.0,4.553687230201813,4.617387257513059,0.06370002731124558,31.749400117467054,49.09347173103955,17.344071613572495,0.0
40.873324680486476,7.647782311726505,4.552441454255177,2.8730282258686044,0.22231263160272352,0.0,5.191548946165919,1496.0,"133056081.851686,208742481.851686,262310481.851686","876,620","left_cw1,0rev_cw1",133056081.8516864,208742481.85168642,262310481.85168642,left_cw1,876.0,0rev_cw1,620.0,4.522149282313306,4.744461913916029,0.22231263160272352,43.2697519516404,48.461300897806325,5.191548946165919,0.0
25.879890448601724,7.648369991807665,4.517174152535869,3.0097135177176506,0.1214823215541454,0.0,8.90875117810529,2256.0,"520128081.851686,595814481.851686,715046481.851686","876,1380","left_cw1,left_cw1",520128081.8516864,595814481.8516865,715046481.8516865,left_cw1,876.0,left_cw1,1380.0,4.53901505794498,4.660497379499126,0.1214823215541454,39.995455419794354,48.904206597899645,8.90875117810529,0.0
39.751041249739224,7.656419611782984,4.517776076682236,2.9230311605064685,0.2156123745942793,0.0,24.337501811137464,1230.0,"283392081.851686,346464081.851686,389664081.851686","730,500","0rev_cw0,0rev_cw1",283392081.8516864,346464081.8516864,389664081.8516864,0rev_cw0,730.0,0rev_cw1,500.0,4.511110505199972,4.726722879794251,0.2156123745942793,24.313128402295742,48.65063021343321,24.337501811137464,0.0
25.509063193905313,7.6634529941330145,4.53344478593066,3.0101976688463585,0.11981053935599562,0.0,12.92406645516044,1416.0,"806976081.851686,882662481.851686,929318481.851686","876,540","left_cw1,0rev_cw1",806976081.8516864,882662481.8516864,929318481.8516864,left_cw1,876.0,0rev_cw1,540.0,4.511892505720309,4.631703045076304,0.11981053935599562,36.353172011499794,49.277238466660236,12.92406645516044,0.0
28.84273317534486,7.663919787138438,4.520380884457077,3.002203114652708,0.14133578802865365,0.0,19.141433270516632,2336.0,"658368081.851686,734054481.851686,860198481.851686","876,1460","left_cw1,left_cw0",658368081.8516864,734054481.8516864,860198481.8516864,left_cw1,876.0,left_cw0,1460.0,4.544725200555985,4.6860609885846385,0.14133578802865365,29.55570381738548,48.697137087902114,19.141433270516632,0.0
17.028174401991617,7.665724865180169,4.529940893634294,3.0738628879206957,0.061921083625178674,0.0,11.970223712156272,2456.0,"902016081.851686,977702481.851686,1114214481.85169","876,1580","left_cw1,left_cw0",902016081.8516864,977702481.8516864,1114214481.8516865,left_cw1,876.0,left_cw0,1580.0,4.515456417492937,4.577377501118115,0.061921083625178674,37.648785858517215,49.619009570673484,11.970223712156272,0.0
39.269987793360144,7.669467696558652,4.525152811854735,2.933071506024117,0.21124337867980003,0.0,17.309900730803726,2376.0,"105408081.851686,181094481.851686,310694481.851686","876,1500","left_cw1,left_cw1",105408081.8516864,181094481.85168642,310694481.8516864,left_cw1,876.0,left_cw1,1500.0,4.547211587246422,4.758454965926222,0.21124337867980003,30.895952268901134,48.20585299970486,17.309900730803726,0.0
15.382939063507141,7.673387183114103,4.537817441378142,3.0847786806476463,0.050791061088315104,0.0,12.715495286064916,2496.0,"366336081.851686,442022481.851686,581990481.851686","876,1620","left_cw1,left_cw0",366336081.8516864,442022481.8516864,581990481.8516865,left_cw1,876.0,left_cw0,1620.0,4.517112914958531,4.567903976046846,0.050791061088315104,36.95641184100057,49.671907127065495,12.715495286064916,0.0
18.07887843444667,7.673497552886526,4.517352908648573,3.0872383006090827,0.06890634362887038,0.0,3.0489928222379223,1456.0,"910656081.851686,986342481.851686,1036454481.85169","876,580","left_cw1,0rev_cw0",910656081.8516864,986342481.8516864,1036454481.8516864,left_cw1,876.0,0rev_cw0,580.0,4.5499453529812595,4.481039009352389,0.06890634362887038,46.990509334409346,50.039502156647266,3.0489928222379223,0.0
24.821955072808553,7.67567705154581,4.510495483836382,3.051360882724386,0.11382068498504161,0.0,6.365465593561112,2296.0,"139968081.851686,215654481.851686,338342481.851686","876,1420","left_cw1,left_cw1",139968081.8516864,215654481.8516864,338342481.85168636,left_cw1,876.0,left_cw1,1420.0,4.547788428211591,4.43396774322655,0.11382068498504161,44.01194606226267,50.377411655823785,6.365465593561112,0.0
17.530918785661363,7.675764669072346,4.529792730138161,3.079825371287971,0.0661465676462134,0.0,12.201692148759737,1456.0,"271296081.851686,346982481.851686,397094481.851686","876,580","left_cw1,0rev_cw0",271296081.8516864,346982481.8516864,397094481.8516864,left_cw1,876.0,0rev_cw0,580.0,4.513638386251827,4.579784953898041,0.0661465676462134,37.413331720012174,49.61502386877191,12.201692148759737,0.0
32.11680188555589,7.6759341404463095,4.603772784675156,2.909097040277007,0.1630643154941458,0.0,32.33131432135807,2515.0,"347328081.851686,441936081.851686,564624081.851686","1095,1420","0rev_cw1,left_cw1",347328081.8516864,441936081.8516864,564624081.8516865,0rev_cw1,1095.0,left_cw1,1420.0,4.605389564199991,4.768453879694137,0.1630643154941458,15.432714916863171,47.76402923822125,32.33131432135807,0.0
16.494319996234704,7.685527028735052,4.51030514394991,3.1168696183614046,0.058352266423737476,0.0,10.427933671470162,2296.0,"157248081.851686,232934481.851686,355622481.851686","876,1420","left_cw1,left_cw1",157248081.8516864,232934481.8516864,355622481.85168636,left_cw1,876.0,left_cw1,1420.0,4.5409047394007205,4.599257005824458,0.058352266423737476,38.87232983953814,49.300263511008296,10.427933671470162,0.0
22.151481061615353,7.6855275411934505,4.690827816250087,2.8987600156243984,0.0959397093189649,0.0,8.941180307999687,2555.0,"449280081.851686,543888081.851686,670032081.851686","1095,1460","0rev_cw0,left_cw1",449280081.8516864,543888081.8516865,670032081.8516865,0rev_cw0,1095.0,left_cw1,1460.0,4.691043568880431,4.786983278199396,0.0959397093189649,38.157620839020645,47.09880114702033,8.941180307999687,0.0
22.857681114779993,7.686640924470874,4.53496220787471,3.050550887155983,0.1011278294401805,0.0,4.54231160033637,1416.0,"444096081.851686,519782481.851686,566438481.851686","876,540","left_cw1,0rev_cw1",444096081.8516864,519782481.8516864,566438481.8516865,left_cw1,876.0,0rev_cw1,540.0,4.5176882187032446,4.618816048143425,0.1011278294401805,44.78249178058341,49.32480338091978,4.54231160033637,0.0
10.034896763855967,7.691305713980107,4.510495483836382,3.165885330291786,0.014924899851938456,0.0,14.226928158721519,2336.0,"139968081.851686,215654481.851686,341798481.851686","876,1460","left_cw1,left_cw1",139968081.8516864,215654481.8516864,341798481.85168636,left_cw1,876.0,left_cw1,1460.0,4.547788428211591,4.56271332806353,0.014924899851938456,35.27278641502599,49.49971457374751,14.226928158721519,0.0
23.66213115880745,7.695266846537976,4.669712805167689,2.919362232136813,0.10619180923347393,0.0,11.246712647076683,2515.0,"812160081.851686,906768081.851686,1029456081.85169","1095,1420","0rev_cw1,left_cw0",812160081.8516864,906768081.8516864,1029456081.8516864,0rev_cw1,1095.0,left_cw0,1420.0,4.670715514154455,4.776907323387929,0.10619180923347393,36.044992393885046,47.29170504096173,11.246712647076683,0.0
10.813942175368263,7.696291060064106,4.89570586029079,2.7804413786364677,0.020143821136848317,0.0,32.65419810916301,2310.0,"585792081.851686,648864081.851686,785376081.851686","730,1580","0rev_cw1,left_cw1",585792081.8516864,648864081.8516864,785376081.8516864,0rev_cw1,730.0,left_cw1,1580.0,4.889758799478583,4.869614978341735,0.020143821136848317,12.706545362887637,45.36074347205065,32.65419810916301,0.0
30.40053549696347,7.701379189050553,4.51097368946929,3.039427793092568,0.15097770648869524,0.0,4.993791305845565,2216.0,"675648081.851686,751334481.851686,867110481.851686","876,1340","left_cw1,left_cw1",675648081.8516864,751334481.8516864,867110481.8516864,left_cw1,876.0,left_cw1,1340.0,4.544279567785433,4.393301861296738,0.15097770648869524,45.68929840516957,50.68308971101514,4.993791305845565,0.0
23.8774607249095,7.7018211108422125,4.690827816250087,2.9036972594631196,0.1072960351290062,0.0,7.787717831824834,2515.0,"449280081.851686,543888081.851686,666576081.851686","1095,1420","0rev_cw0,left_cw1",449280081.8516864,543888081.8516865,666576081.8516865,0rev_cw0,1095.0,left_cw1,1420.0,4.691043568880431,4.7983396040094375,0.1072960351290062,39.239289345997754,47.02700717782259,7.787717831824834,0.0
12.574758410940765,7.703421574895808,4.531764363248137,3.1395435542430965,0.03211365740457417,0.0,5.919467805703798,1496.0,"720576081.851686,796262481.851686,849830481.851686","876,620","left_cw1,0rev_cw1",720576081.8516864,796262481.8516864,849830481.8516864,left_cw1,876.0,0rev_cw1,620.0,4.548512077815303,4.580625735219877,0.03211365740457417,43.45480787150745,49.374275677211244,5.919467805703798,0.0
25.955376051457428,7.704129544993901,4.50936854190812,3.072466026555302,0.12229497653047794,0.0,22.55359578835901,1675.0,"252288081.851686,346896081.851686,397008081.851686","1095,580","0rev_cw1,0rev_cw1",252288081.8516864,346896081.85168636,397008081.85168636,0rev_cw1,1095.0,0rev_cw1,580.0,4.507879726651536,4.630174703182014,0.12229497653047794,26.760804874957557,49.31440066331657,22.55359578835901,0.0
10.546074782895097,7.712970104616738,4.49702748432746,3.1967897649085986,0.019152855380679235,0.0,14.658099297365833,1310.0,"214272081.851686,277344081.851686,327456081.851686","730,580","0rev_cw1,0rev_cw0",214272081.8516864,277344081.85168636,327456081.85168636,0rev_cw1,730.0,0rev_cw0,580.0,4.49436683721243,4.51351969259311,0.019152855380679235,35.53959198264672,50.197691280012556,14.658099297365833,0.0
25.8471318935036,7.713661024071508,4.755377987117481,2.8376972428154157,0.12058579413861192,0.0,37.05789257260257,2675.0,"900288081.851686,994896081.851686,1131408081.85169","1095,1580","0rev_cw1,left_cw0",900288081.8516864,994896081.8516864,1131408081.8516865,0rev_cw1,1095.0,left_cw0,1580.0,4.754849232999672,4.63426343886106,0.12058579413861192,10.607892626099328,47.665785198701904,37.05789257260257,0.0
25.00331341157076,7.720433330399142,4.882876885448528,2.722082836265535,0.11547360868507806,0.0,2.054982972423747,865.0,"713664081.851686,745200081.851686,788400081.851686","365,500","0rev_cw0,0rev_cw0",713664081.8516864,745200081.8516864,788400081.8516864,0rev_cw0,365.0,0rev_cw0,500.0,4.888187673777964,4.772714065092886,0.11547360868507806,43.904560617534585,45.95954358995833,2.054982972423747,0.0
9.07177342726867,7.7277510609760665,4.531440749484844,3.1888207846236427,0.0074895268675803095,0.0,5.680045760547405,2496.0,"3456081.8516864,79142481.8516864,219110481.851686","876,1620","left_cw1,left_cw0",3456081.8516864013,79142481.8516864,219110481.85168642,left_cw1,876.0,left_cw0,1620.0,4.51561536366691,4.50812583679933,0.0074895268675803095,44.40899442177371,50.08904018232112,5.680045760547405,0.0
19.310095377587636,7.72895699056632,4.73604150726923,2.9165349864230317,0.07638049687405779,0.0,4.693730341499716,2150.0,"844992081.851686,908064081.851686,1030752081.85169","730,1420","left_cw1,left_cw1",844992081.8516864,908064081.8516864,1030752081.8516864,left_cw1,730.0,left_cw1,1420.0,4.73174228183933,4.808122778713388,0.07638049687405779,42.0158245809293,46.709554922429014,4.693730341499716,0.0
37.81037901618722,7.729374789500051,4.520380884457077,3.008608327258898,0.2003855777840764,0.0,4.263821596435892,2256.0,"658368081.851686,734054481.851686,853286481.851686","876,1380","left_cw1,left_cw0",658368081.8516864,734054481.8516864,853286481.8516864,left_cw1,876.0,left_cw0,1380.0,4.544725200555985,4.745110778340061,0.2003855777840764,44.045366685819616,48.309188282255505,4.263821596435892,0.0
30.310306780431798,7.731247443440877,4.534768050937462,3.046138366579222,0.15034102592419263,0.0,1.3272382295631062,1496.0,"530496081.851686,606182481.851686,659750481.851686","876,620","left_cw1,0rev_cw1",530496081.8516864,606182481.8516865,659750481.8516865,left_cw1,876.0,0rev_cw1,620.0,4.538560807270127,4.688901833194319,0.15034102592419263,47.39185171875012,48.719089948313226,1.3272382295631062,0.0
12.0771766913915,7.7336492864025805,4.531496806312198,3.174725361627458,0.027427118462924227,0.0,3.9660661323307043,2456.0,"539136081.851686,614822481.851686,751334481.851686","876,1580","left_cw1,left_cw1",539136081.8516864,614822481.8516864,751334481.8516864,left_cw1,876.0,left_cw1,1580.0,4.511251932734229,4.538679051197153,0.027427118462924227,45.94414740354942,49.910213535880125,3.9660661323307043,0.0
10.982599761054917,7.733712616903629,4.603772784675156,3.109287322833855,0.020652509394618157,0.0,13.67094170383987,2715.0,"347328081.851686,441936081.851686,581904081.851686","1095,1620","0rev_cw1,left_cw0",347328081.8516864,441936081.8516864,581904081.8516865,0rev_cw1,1095.0,left_cw0,1620.0,4.605389564199991,4.6260420735946095,0.020652509394618157,35.02193349477621,48.692875198616086,13.67094170383987,0.0
26.76156561572488,7.736528502069997,4.671310243535025,2.938612048652756,0.12660620988221627,0.0,16.691134343790427,2635.0,"710208081.851686,804816081.851686,937872081.851686","1095,1540","0rev_cw1,left_cw0",710208081.8516864,804816081.8516864,937872081.8516864,0rev_cw1,1095.0,left_cw0,1540.0,4.672180232227502,4.545574022345286,0.12660620988221627,32.09215398815046,48.78328833194089,16.691134343790427,0.0
19.28023289240268,7.741602176467247,4.929221900669491,2.7353127432919644,0.0770675325057919,0.0,3.1421836985512437,865.0,"730944081.851686,762480081.851686,805680081.851686","365,500","right_cw1,0rev_cw0",730944081.8516864,762480081.8516864,805680081.8516864,right_cw1,365.0,0rev_cw0,500.0,4.935911375464324,5.0129789079701155,0.0770675325057919,41.094163871175,44.23634756972624,3.1421836985512437,0.0
21.049135940795654,7.745281932689656,4.603772784675156,3.0533368898579423,0.0881722581565576,0.0,16.191015072790197,2675.0,"347328081.851686,441936081.851686,578448081.851686","1095,1580","0rev_cw1,left_cw0",347328081.8516864,441936081.8516864,578448081.8516865,0rev_cw1,1095.0,left_cw0,1580.0,4.605389564199991,4.517217306043434,0.0881722581565576,33.22717432757252,49.418189400362714,16.191015072790197,0.0
26.170544581870903,7.7457897633229,4.5293626798557645,3.093044249420117,0.12338283404701933,0.0,8.203934666767847,1496.0,"893376081.851686,969062481.851686,1022630481.85169","876,620","left_cw1,0rev_cw1",893376081.8516864,969062481.8516864,1022630481.8516864,left_cw1,876.0,0rev_cw1,620.0,4.543971916828232,4.667354750875251,0.12338283404701933,40.62191636756041,48.82585103432825,8.203934666767847,0.0
39.34509840165052,7.748413206594407,4.541692796181841,2.9954040471376633,0.21131636327490266,0.0,4.7122085890932635,1496.0,"703296081.851686,778982481.851686,832550481.851686","876,620","left_cw1,0rev_cw1",703296081.8516864,778982481.8516864,832550481.8516864,left_cw1,876.0,0rev_cw1,620.0,4.542614931959999,4.753931295234902,0.21131636327490266,43.55314361502963,48.2653522041229,4.7122085890932635,0.0
35.432471417452376,7.748562333072984,4.776813557028745,2.7866939906748445,0.18505478536939535,0.0,12.289140033800438,2270.0,"395712081.851686,458784081.851686,591840081.851686","730,1540","0rev_cw1,left_cw0",395712081.8516864,458784081.8516864,591840081.8516865,0rev_cw1,730.0,left_cw0,1540.0,4.7800817576839725,4.595026972314577,0.18505478536939535,35.46673838483598,47.755878418636414,12.289140033800438,0.0
27.216301745347383,7.749230179087527,4.6570118542381485,2.9616899492387336,0.1305283756106448,0.0,24.283443470921117,1595.0,"183168081.851686,277776081.851686,320976081.851686","1095,500","0rev_cw1,0rev_cw1",183168081.8516864,277776081.85168636,320976081.85168636,0rev_cw1,1095.0,0rev_cw1,500.0,4.655939656337156,4.786468031947801,0.1305283756106448,23.041451541237716,47.324895012158834,24.283443470921117,0.0
9.148149837324423,7.75023844069582,4.518087442050449,3.2238634143001224,0.0082875843452479,0.0,1.5389253271143604,1416.0,"772416081.851686,848102481.851686,894758481.851686","876,540","left_cw1,0rev_cw1",772416081.8516864,848102481.8516864,894758481.8516864,left_cw1,876.0,0rev_cw1,540.0,4.533149703924757,4.5414372882700045,0.0082875843452479,48.20367182144137,49.74259714855573,1.5389253271143604,0.0
34.377665481535146,7.754606564565304,4.5324188478939345,3.0435048751970966,0.1786828414742727,0.0,18.197476930287603,1456.0,"634176081.851686,709862481.851686,759974481.851686","876,580","left_cw1,0rev_cw0",634176081.8516864,709862481.8516864,759974481.8516864,left_cw1,876.0,0rev_cw0,580.0,4.517844191889536,4.696527033363808,0.1786828414742727,30.60820753158132,48.80568446186892,18.197476930287603,0.0
33.030123236116665,7.755664248755948,4.755377987117481,2.832618546713378,0.1676677149250887,0.0,3.163333805394616,2595.0,"900288081.851686,994896081.851686,1124496081.85169","1095,1500","0rev_cw1,left_cw0",900288081.8516864,994896081.8516864,1124496081.8516865,0rev_cw1,1095.0,left_cw0,1500.0,4.754849232999672,4.922516947924761,0.1676677149250887,42.695385577834294,45.85871938322891,3.163333805394616,0.0
23.092758595108567,7.757216537746779,4.671310243535025,2.9840985457917344,0.10180774842001927,0.0,25.293433777203557,2675.0,"710208081.851686,804816081.851686,941328081.851686","1095,1580","0rev_cw1,left_cw0",710208081.8516864,804816081.8516864,941328081.8516864,0rev_cw1,1095.0,left_cw0,1580.0,4.672180232227502,4.570372483807483,0.10180774842001927,23.326083519900433,48.61951729710399,25.293433777203557,0.0
23.88582109889673,7.758021813354162,4.521939602779381,3.1283075223530172,0.10777468822176406,0.0,6.223454761461585,1416.0,"616896081.851686,692582481.851686,739238481.851686","876,540","left_cw1,0rev_cw1",616896081.8516864,692582481.8516864,739238481.8516864,left_cw1,876.0,0rev_cw1,540.0,4.522013016412294,4.629787704634058,0.10777468822176406,42.99881996194906,49.22227472341064,6.223454761461585,0.0
21.87110386084574,7.764321950383228,4.524638030233881,3.145289618566723,0.09439430158262407,0.0,7.590443053871314,1416.0,"789696081.851686,865382481.851686,912038481.851686","876,540","left_cw1,0rev_cw1",789696081.8516864,865382481.8516864,912038481.8516864,left_cw1,876.0,0rev_cw1,540.0,4.522401199824816,4.61679550140744,0.09439430158262407,41.716293920670125,49.30673697454144,7.590443053871314,0.0
40.350952567669324,7.76451905821382,4.5157164508679415,3.031121622544123,0.21768098480175535,0.0,7.8431397397271585,2256.0,"347328081.851686,423014481.851686,542246481.851686","876,1380","left_cw1,left_cw1",347328081.8516864,423014481.8516864,542246481.8516865,left_cw1,876.0,left_cw1,1380.0,4.526832607006449,4.744513591808205,0.21768098480175535,40.58709943907345,48.430239178800605,7.8431397397271585,0.0
26.718624513977097,7.765545860350982,4.513513162296498,3.1256714767114313,0.1263612213430525,0.0,18.60694062707243,2376.0,"122688081.851686,198374481.851686,327974481.851686","876,1500","left_cw1,left_cw1",122688081.8516864,198374481.85168642,327974481.8516864,left_cw1,876.0,left_cw1,1500.0,4.550851148355972,4.677212369699024,0.1263612213430525,30.10817944458092,48.71512007165335,18.60694062707243,0.0
37.06477192590396,7.766446440662655,4.539373853416405,3.030471686263942,0.19660090098230754,0.0,18.142216508163372,1496.0,"288576081.851686,364262481.851686,417830481.851686","876,620","left_cw1,0rev_cw1",288576081.8516864,364262481.8516864,417830481.8516864,left_cw1,876.0,0rev_cw1,620.0,4.512425087310885,4.709025988293193,0.19660090098230754,30.616613283190503,48.758829791353875,18.142216508163372,0.0
35.69872329795786,7.7680363302836195,4.434390084422611,3.1471970745212894,0.18644917133971894,0.0,29.499636559141482,2555.0,"120960081.851686,215568081.851686,341712081.851686","1095,1460","left_cw1,left_cw1",120960081.8516864,215568081.85168642,341712081.8516864,left_cw1,1095.0,left_cw1,1460.0,4.434060100194484,4.620509271534203,0.18644917133971894,20.378989786563167,49.878626345704646,29.499636559141482,0.0
20.01588817035586,7.76942746420599,4.709706733264665,2.9785326430470795,0.08118808789424659,0.0,1.2208957537880207,1270.0,"24192081.8516864,87264081.8516864,133920081.851686","730,540","0rev_cw1,0rev_cw0",24192081.851686403,87264081.8516864,133920081.8516864,0rev_cw1,730.0,0rev_cw0,540.0,4.704118152150941,4.622930064256694,0.08118808789424659,46.845833472703596,48.06672922649162,1.2208957537880207,0.0
37.92010855341711,7.770651956759782,4.661480252444945,2.907059718464765,0.20211198585007217,0.0,20.310207612234212,1715.0,"131328081.851686,225936081.851686,279504081.851686","1095,620","0rev_cw0,0rev_cw1",131328081.8516864,225936081.85168642,279504081.8516864,0rev_cw0,1095.0,0rev_cw1,620.0,4.663032688088567,4.865144673938639,0.20211198585007217,26.47259982559009,46.7828074378243,20.310207612234212,0.0
23.07514763110879,7.772224185083612,4.755377987117481,2.9152941160757146,0.10155208189041609,0.0,34.09388059936016,2715.0,"900288081.851686,994896081.851686,1134864081.85169","1095,1620","0rev_cw1,left_cw1",900288081.8516864,994896081.8516864,1134864081.8516865,0rev_cw1,1095.0,left_cw1,1620.0,4.754849232999672,4.856401314890088,0.10155208189041609,12.171445287247636,46.2653258866078,34.09388059936016,0.0
14.295035140677241,7.776472241954301,4.510771758551965,3.222821489819504,0.04287899358283198,0.0,3.212349042398955,1416.0,"945216081.851686,1020902481.85169,1067558481.85169","876,540","left_cw1,0rev_cw1",945216081.8516864,1020902481.8516864,1067558481.8516864,left_cw1,876.0,0rev_cw1,540.0,4.542575511419734,4.499696517836902,0.04287899358283198,46.750077004100156,49.96242604649911,3.212349042398955,0.0
16.22962997255975,7.777384255794518,4.4588145696847,3.263346128032095,0.0552235580777225,0.0,8.481524373282998,2875.0,"711936081.851686,806544081.851686,960336081.851686","1095,1780","left_cw1,left_cw1",711936081.8516864,806544081.8516864,960336081.8516864,left_cw1,1095.0,left_cw1,1780.0,4.457144686168682,4.512368244246405,0.0552235580777225,41.98037383809404,50.46189821137703,8.481524373282998,0.0
30.14686904783963,7.778545475298828,4.516718262725961,3.112471385041471,0.1493558275313962,0.0,19.000776354193647,2296.0,"865728081.851686,941414481.851686,1064102481.85169","876,1420","left_cw1,left_cw1",865728081.8516864,941414481.8516864,1064102481.8516864,left_cw1,876.0,left_cw1,1420.0,4.543441552082236,4.692797379613633,0.1493558275313962,29.660371260526635,48.661147614720285,19.000776354193647,0.0
16.403761423594265,7.781025771476399,4.585690657006693,3.1384281656218342,0.056906948847871064,0.0,20.21573607121828,2510.0,"397440081.851686,460512081.851686,614304081.851686","730,1780","0rev_cw1,left_cw1",397440081.8516864,460512081.8516864,614304081.8516865,0rev_cw1,730.0,left_cw1,1780.0,4.588875030613335,4.645781979461206,0.056906948847871064,28.45584914044346,48.671585211661736,20.21573607121828,0.0
7.941973484304602,7.783210402624757,4.603772784675156,3.179303698172606,0.00013391977699495072,0.0,40.5699881813997,2475.0,"347328081.851686,441936081.851686,561168081.851686","1095,1380","0rev_cw1,right_cw1",347328081.8516864,441936081.8516864,561168081.8516865,0rev_cw1,1095.0,right_cw1,1380.0,4.605389564199991,4.605255644422996,0.00013391977699495072,8.260378159154698,48.8303663405544,40.5699881813997,0.0
34.16505875807158,7.783470875543533,4.542405606206019,3.0649585303825213,0.17610673895499307,0.0,18.479943038375172,2496.0,"729216081.851686,804902481.851686,944870481.851686","876,1620","left_cw1,left_cw0",729216081.8516864,804902481.8516864,944870481.8516864,left_cw1,876.0,left_cw0,1620.0,4.513502943410224,4.689609682365217,0.17610673895499307,30.400369102256626,48.8803121406318,18.479943038375172,0.0
19.99749796047981,7.78487648626024,4.526412957013674,3.178596625109815,0.07986690413675035,0.0,1.7353360982291979,2536.0,"625536081.851686,701222481.851686,844646481.851686","876,1660","left_cw1,left_cw1",625536081.8516864,701222481.8516864,844646481.8516864,left_cw1,876.0,left_cw1,1660.0,4.549178370469958,4.629045274606709,0.07986690413675035,47.31046793383735,49.04580403206655,1.7353360982291979,0.0
14.719017636834286,7.787781811416917,4.741131939347926,3.0005984281447478,0.04605144392424343,0.0,4.940357135176332,1230.0,"628992081.851686,692064081.851686,735264081.851686","730,500","left_cw0,0rev_cw1",628992081.8516864,692064081.8516864,735264081.8516864,left_cw0,730.0,0rev_cw1,500.0,4.735103816036725,4.781155259960968,0.04605144392424343,41.91729970736276,46.85765684253909,4.940357135176332,0.0
38.05276065752256,7.792410569223661,4.526729869682073,3.0634317504490545,0.20224894909253432,0.0,20.358470905765508,2376.0,"295488081.851686,371174481.851686,500774481.851686","876,1500","left_cw1,left_cw0",295488081.8516864,371174481.8516864,500774481.8516864,left_cw1,876.0,left_cw0,1500.0,4.54564900243147,4.7478979515240045,0.20224894909253432,27.92646840363915,48.284939309404656,20.358470905765508,0.0
31.67018949891535,7.794071167128431,4.8231270141867855,2.811539711585841,0.15940444135580378,0.0,5.221921682507736,1675.0,"459648081.851686,554256081.851686,604368081.851686","1095,580","0rev_cw1,0rev_cw1",459648081.8516864,554256081.8516865,604368081.8516865,0rev_cw1,1095.0,0rev_cw1,580.0,4.822920540220828,4.663516098865024,0.15940444135580378,41.82369982741994,47.04562150992767,5.221921682507736,0.0
10.17276163038101,7.796044754568037,4.517352908648573,3.2627728819131856,0.015918964006278458,0.0,10.621297229655827,1496.0,"910656081.851686,986342481.851686,1039910481.85169","876,620","left_cw1,0rev_cw0",910656081.8516864,986342481.8516864,1039910481.8516864,left_cw1,876.0,0rev_cw0,620.0,4.5499453529812595,4.565864316987538,0.015918964006278458,38.842648790279036,49.463946019934866,10.621297229655827,0.0
25.781437710918016,7.7976453804604065,4.464333070303061,3.2124402376373813,0.12087207251996457,0.0,27.81690811341947,1270.0,"421632081.851686,484704081.851686,531360081.851686","730,540","right_cw0,0rev_cw1",421632081.8516864,484704081.8516864,531360081.8516864,right_cw0,730.0,0rev_cw1,540.0,4.470988458037332,4.591860530557296,0.12087207251996457,22.0053972994148,49.82230541283427,27.81690811341947,0.0
33.87243154684549,7.798089221991865,4.509979927434846,3.1138808579496975,0.17422843660732124,0.0,18.140167961440216,2296.0,"692928081.851686,768614481.851686,891302481.851686","876,1420","left_cw1,left_cw1",692928081.8516864,768614481.8516864,891302481.8516864,left_cw1,876.0,left_cw1,1420.0,4.536490639985847,4.710719076593168,0.17422843660732124,30.448672147409063,48.58884010884928,18.140167961440216,0.0
30.96132222407145,7.798399526278118,4.384155892173304,3.259792880683759,0.15445075342105508,0.0,14.464843566625504,2555.0,"1728081.8516864,96336081.8516864,222480081.851686","1095,1460","left_cw1,right_cw1",1728081.8516864013,96336081.8516864,222480081.85168642,left_cw1,1095.0,right_cw1,1460.0,4.384525043061053,4.5389757964821085,0.15445075342105508,36.316171703040155,50.78101526966566,14.464843566625504,0.0
15.275605848832708,7.798458644146323,4.5293090119902475,3.2194452043675965,0.0497044277884795,0.0,6.406403655013898,1456.0,"81216081.8516864,156902481.851686,207014481.851686","876,580","left_cw1,0rev_cw1",81216081.8516864,156902481.85168642,207014481.85168642,left_cw1,876.0,0rev_cw1,580.0,4.522615571649869,4.572319999438348,0.0497044277884795,43.1983962770456,49.6047999320595,6.406403655013898,0.0
12.781462633544214,7.79913410289042,4.520298590515022,3.2462304910098148,0.0326050213655833,0.0,4.0305445847799755,1496.0,"547776081.851686,623462481.851686,677030481.851686","876,620","left_cw1,0rev_cw0",547776081.8516864,623462481.8516864,677030481.8516864,left_cw1,876.0,0rev_cw0,620.0,4.545193223428994,4.5125882020634105,0.0326050213655833,45.826222655719846,49.85676724049982,4.0305445847799755,0.0
38.33222608013217,7.799983199965578,4.517174152535869,3.0786618151491463,0.20414723228056264,0.0,17.607182957116187,2296.0,"520128081.851686,595814481.851686,718502481.851686","876,1420","left_cw1,left_cw1",520128081.8516864,595814481.8516865,718502481.8516865,left_cw1,876.0,left_cw1,1420.0,4.53901505794498,4.743162290225543,0.20414723228056264,30.752098887079228,48.359281844195415,17.607182957116187,0.0
24.731294134156226,7.802828457134271,4.53496220787471,3.154247791946012,0.11361845731354858,0.0,13.838659581917453,1456.0,"444096081.851686,519782481.851686,569894481.851686","876,580","left_cw1,0rev_cw1",444096081.8516864,519782481.8516864,569894481.8516865,left_cw1,876.0,0rev_cw1,580.0,4.5176882187032446,4.631306676016793,0.11361845731354858,35.402401696879195,49.24106127879665,13.838659581917453,0.0
19.899624585109763,7.803190790874907,4.951737210764069,2.771384813322543,0.08006876678829489,0.0,10.27115687105563,2675.0,"381888081.851686,476496081.851686,613008081.851686","1095,1580","0rev_cw1,left_cw1",381888081.8516864,476496081.8516864,613008081.8516865,0rev_cw1,1095.0,left_cw1,1580.0,4.953451451682455,5.03352021847075,0.08006876678829489,33.74361827514193,44.01477514619756,10.27115687105563,0.0
9.429434325482346,7.805273127756314,5.068470579735282,2.7265112631610817,0.010291284859950345,0.0,19.77161562590443,2124.0,"254016081.851686,304473681.851686,437529681.851686","584,1540","right_cw1,left_cw0",254016081.8516864,304473681.85168636,437529681.85168636,right_cw1,584.0,left_cw0,1540.0,5.0964760948020995,5.086184809942149,0.010291284859950345,23.12699440361357,42.898610029518,19.77161562590443,0.0
30.48902318268195,7.806741436049257,4.538739909739521,3.1174173060126713,0.1505842202970653,0.0,5.09632787191922,2536.0,"798336081.851686,874022481.851686,1017446481.85169","876,1660","left_cw1,left_cw1",798336081.8516864,874022481.8516864,1017446481.8516864,left_cw1,876.0,left_cw1,1660.0,4.538406559524716,4.688990779821781,0.1505842202970653,43.62319353244619,48.7195214043654,5.09632787191922,0.0
27.86906696640281,7.808721431059013,4.4588145696847,3.2165360211980194,0.13337084017629408,0.0,17.766332850514452,2835.0,"711936081.851686,806544081.851686,956880081.851686","1095,1740","left_cw1,left_cw1",711936081.8516864,806544081.8516864,956880081.8516864,left_cw1,1095.0,left_cw1,1740.0,4.457144686168682,4.590515526344976,0.13337084017629408,32.15935375291612,49.92568660343056,17.766332850514452,0.0
34.44087897949466,7.809463297599323,4.5430722643176775,3.0886443473615985,0.17774668592004694,0.0,18.097183245101,2536.0,"193536081.851686,269222481.851686,412646481.851686","876,1660","left_cw1,left_cw0",193536081.8516864,269222481.85168636,412646481.85168636,left_cw1,876.0,left_cw0,1660.0,4.508386109763978,4.686132795684025,0.17774668592004694,30.840190005259338,48.93737325036034,18.097183245101,0.0
35.94791165150739,7.812132954001537,4.89570586029079,2.7283396263740602,0.18808746733668702,0.0,28.64856651827841,2270.0,"585792081.851686,648864081.851686,781920081.851686","730,1540","0rev_cw1,left_cw1",585792081.8516864,648864081.8516864,781920081.8516864,0rev_cw1,730.0,left_cw1,1540.0,4.889758799478583,4.701671332141896,0.18808746733668702,17.739555323996004,46.388121842274415,28.64856651827841,0.0
29.459566343964013,7.818684254898504,4.314444616393404,3.3597788309671697,0.14446080753793122,0.0,20.07635752910695,2310.0,"672192081.851686,735264081.851686,871776081.851686","730,1580","right_cw0,left_cw1",672192081.8516864,735264081.8516864,871776081.8516864,right_cw0,730.0,left_cw1,1580.0,4.317769105225006,4.462229912762937,0.14446080753793122,31.716374575508603,51.79273210461555,20.07635752910695,0.0
11.467198230973972,7.819100716831288,4.535783178765731,3.2601814545069003,0.023136083558657816,0.0,7.043135716570884,2496.0,"176256081.851686,251942481.851686,391910481.851686","876,1620","left_cw1,left_cw1",176256081.8516864,251942481.8516864,391910481.85168636,left_cw1,876.0,left_cw1,1620.0,4.512660704709922,4.53579678826858,0.023136083558657816,42.87711751567621,49.92025323224709,7.043135716570884,0.0
26.98897317160391,7.820376711378075,4.5210126640651715,3.1718614134707566,0.12750263384214744,0.0,1.4305759778674236,1456.0,"737856081.851686,813542481.851686,863654481.851686","876,580","left_cw1,0rev_cw0",737856081.8516864,813542481.8516864,863654481.8516864,left_cw1,876.0,0rev_cw0,580.0,4.550179080355178,4.42267644651303,0.12750263384214744,49.008238343203985,50.438814321071405,1.4305759778674236,0.0
13.452400061552373,7.821291637126076,4.530958463348674,3.25413419552398,0.03619897825342111,0.0,4.937370599663534,2456.0,"711936081.851686,787622481.851686,924134481.851686","876,1580","left_cw1,left_cw1",711936081.8516864,787622481.8516864,924134481.8516864,left_cw1,876.0,left_cw1,1580.0,4.5226116792884605,4.558810657541882,0.03619897825342111,44.75888472143911,49.69625532110265,4.937370599663534,0.0
35.65571384785744,7.821985401001111,4.4588145696847,3.1775928863543,0.18557794496211155,0.0,20.448986201334478,2795.0,"711936081.851686,806544081.851686,953424081.851686","1095,1700","left_cw1,left_cw0",711936081.8516864,806544081.8516864,953424081.8516864,left_cw1,1095.0,left_cw0,1700.0,4.457144686168682,4.642722631130794,0.18557794496211155,29.122489570024896,49.571475771359374,20.448986201334478,0.0
28.395802375967946,7.822495781856177,4.541439646198851,3.143012408440988,0.1380437272163375,0.0,16.726094411208187,1496.0,"98496081.8516864,174182481.851686,227750481.851686","876,620","left_cw1,0rev_cw0",98496081.8516864,174182481.85168642,227750481.85168642,left_cw1,876.0,0rev_cw0,620.0,4.516239151547409,4.6542828787637465,0.1380437272163375,32.37106333063218,49.09715774184037,16.726094411208187,0.0
22.770104029374597,7.827464138570828,4.671310243535025,3.057019823583114,0.09913407145268849,0.0,24.12736736867705,2715.0,"710208081.851686,804816081.851686,944784081.851686","1095,1620","0rev_cw1,left_cw0",710208081.8516864,804816081.8516864,944784081.8516864,0rev_cw1,1095.0,left_cw0,1620.0,4.672180232227502,4.771314303680191,0.09913407145268849,23.1906083300573,47.31797569873435,24.12736736867705,0.0
9.750456236516197,7.828572289067362,5.074346959542691,2.7409804138549654,0.013244915669706536,0.0,16.463794225864305,1084.0,"539136081.851686,589593681.851686,632793681.851686","584,500","right_cw1,0rev_cw0",539136081.8516864,589593681.8516864,632793681.8516864,right_cw1,584.0,0rev_cw0,500.0,5.101849742676758,5.088604827007051,0.013244915669706536,26.391128571009205,42.85492279687351,16.463794225864305,0.0
8.390591599773343,7.833357311941969,5.071253413502663,2.7589731968672395,0.003130701572066741,0.0,14.352339399065011,2124.0,"806976081.851686,857433681.851686,990489681.851686","584,1540","right_cw1,left_cw0",806976081.8516864,857433681.8516864,990489681.8516864,right_cw1,584.0,left_cw0,1540.0,5.105373195639106,5.102242494067039,0.003130701572066741,28.40659109165847,42.75893049072348,14.352339399065011,0.0
12.197259650554376,7.834057989111512,5.064196373087023,2.741150759585403,0.02871085643908522,0.0,20.06829913511205,2084.0,"616896081.851686,667353681.851686,796953681.851686","584,1500","right_cw1,left_cw0",616896081.8516864,667353681.8516864,796953681.8516864,right_cw1,584.0,left_cw0,1500.0,5.096797894007475,5.0680870375683895,0.02871085643908522,22.9301708594334,42.998469994545445,20.06829913511205,0.0
10.608755287429858,7.838125357631083,4.775583312182348,3.0445802268569087,0.017961818591825995,0.0,31.096725429642106,2150.0,"464832081.851686,527904081.851686,650592081.851686","730,1420","0rev_cw0,left_cw0",464832081.8516864,527904081.8516864,650592081.8516865,0rev_cw0,730.0,left_cw0,1420.0,4.778143089686549,4.796104908278375,0.017961818591825995,15.398185827958427,46.494911257600535,31.096725429642106,0.0
29.571240866014527,7.839093558668902,4.661480252444945,3.032030078701979,0.1455832275219784,0.0,28.413287152662576,1755.0,"131328081.851686,225936081.851686,282960081.851686","1095,660","0rev_cw0,0rev_cw1",131328081.8516864,225936081.85168642,282960081.8516864,0rev_cw0,1095.0,0rev_cw1,660.0,4.663032688088567,4.808615915610545,0.1455832275219784,18.725898374064368,47.13918552672694,28.413287152662576,0.0
18.677083271131295,7.844366288351788,5.062836904290168,2.7084802198326465,0.07304916422897278,0.0,17.47100525463999,1084.0,"349056081.851686,399513681.851686,442713681.851686","584,500","right_cw1,0rev_cw0",349056081.8516864,399513681.8516864,442713681.8516864,right_cw1,584.0,0rev_cw0,500.0,5.099489734147225,5.026440569918252,0.07304916422897278,25.74735972476965,43.21836497940964,17.47100525463999,0.0
29.797329137983454,7.8444506330458825,4.520039089115794,3.178323960295368,0.14608758363472063,0.0,5.876266192502172,2216.0,"848448081.851686,924134481.851686,1039910481.85169","876,1340","left_cw1,left_cw0",848448081.8516864,924134481.8516864,1039910481.8516864,left_cw1,876.0,left_cw0,1340.0,4.549783519208175,4.695871102842895,0.14608758363472063,42.72281509457835,48.59908128708052,5.876266192502172,0.0
40.72259904809158,7.848855697046973,4.669712805167689,2.9597066852959153,0.21943620658336904,0.0,8.600593396675139,2555.0,"812160081.851686,906768081.851686,1032912081.85169","1095,1460","0rev_cw1,left_cw0",812160081.8516864,906768081.8516864,1032912081.8516864,0rev_cw1,1095.0,left_cw0,1460.0,4.670715514154455,4.8901517207378244,0.21943620658336904,37.97769978433303,46.57829318100818,8.600593396675139,0.0
18.17701181437403,7.853076125910627,4.5221008723505305,3.2619719532573903,0.06900330030270663,0.0,7.843579697155144,1456.0,"254016081.851686,329702481.851686,379814481.851686","876,580","left_cw1,0rev_cw1",254016081.8516864,329702481.85168636,379814481.85168636,left_cw1,876.0,0rev_cw1,580.0,4.519728916347091,4.588732216649798,0.06900330030270663,41.66989479216962,49.513474489324764,7.843579697155144,0.0
17.420223877061517,7.857725509395953,5.059852254112799,2.7343045397524692,0.06356871553068544,0.0,21.266265282500306,2124.0,"63936081.8516864,114393681.851686,247449681.851686","584,1540","right_cw1,left_cw0",63936081.8516864,114393681.8516864,247449681.85168642,right_cw1,584.0,left_cw0,1540.0,5.096141987315112,5.032573271784426,0.06356871553068544,21.936330431913365,43.20259571441367,21.266265282500306,0.0
8.614290827242238,7.858282962000915,5.074346959542691,2.778705827777851,0.005230174680373345,0.0,8.857768818556401,1124.0,"539136081.851686,589593681.851686,636249681.851686","584,540","right_cw1,0rev_cw0",539136081.8516864,589593681.8516864,636249681.8516864,right_cw1,584.0,0rev_cw0,540.0,5.101849742676758,5.107079917357131,0.005230174680373345,33.89382340339796,42.75159222195436,8.857768818556401,0.0
20.898865391650908,7.858742991834952,4.509029881502652,3.2626040023230214,0.08710910800927874,0.0,6.92251154348961,1456.0,"927936081.851686,1003622481.85169,1053734481.85169","876,580","left_cw1,0rev_cw1",927936081.8516864,1003622481.8516864,1053734481.8516864,left_cw1,876.0,0rev_cw1,580.0,4.54934710163741,4.462237993628131,0.08710910800927874,43.24980707597872,50.17231861946833,6.92251154348961,0.0
23.686738942669333,7.862406100498829,4.531496806312198,3.225656615905178,0.10525267828145246,0.0,14.174224655861353,2496.0,"539136081.851686,614822481.851686,754790481.851686","876,1620","left_cw1,left_cw1",539136081.8516864,614822481.8516864,754790481.8516864,left_cw1,876.0,left_cw1,1620.0,4.511251932734229,4.6165046110156815,0.10525267828145246,35.2093344783593,49.383559134220654,14.174224655861353,0.0
11.658446422617914,7.862777609052265,5.071165056988726,2.7667106409122204,0.02490191115131868,0.0,23.543698111264867,2084.0,"236736081.851686,287193681.851686,416793681.851686","584,1500","right_cw1,left_cw0",236736081.8516864,287193681.85168636,416793681.85168636,right_cw1,584.0,left_cw0,1500.0,5.08704141438048,5.062139503229162,0.02490191115131868,19.543243999857868,43.08694211112273,23.543698111264867,0.0
9.394755809898848,7.865084276229016,4.526079343657418,3.3303174859859066,0.008687446585691205,0.0,5.595874370325395,2536.0,"815616081.851686,891302481.851686,1034726481.85169","876,1660","left_cw1,left_cw0",815616081.8516864,891302481.8516864,1034726481.8516864,left_cw1,876.0,left_cw0,1660.0,4.543643737237077,4.552331183822768,0.008687446585691205,44.00190024033493,49.59777461066033,5.595874370325395,0.0
26.528979783012826,7.86768843192783,4.734305866135266,3.0093278516639903,0.12405471412857416,0.0,19.522580884569894,2755.0,"902016081.851686,996624081.851686,1140048081.85169","1095,1660","left_cw1,left_cw0",902016081.8516864,996624081.8516864,1140048081.8516865,left_cw1,1095.0,left_cw0,1660.0,4.734665665111236,4.85872037923981,0.12405471412857416,26.853404646741293,46.37598553131119,19.522580884569894,0.0
18.306882714128314,7.870165524747946,5.0611559030328115,2.73953691609526,0.06947270561987384,0.0,21.20146861226636,2084.0,"426816081.851686,477273681.851686,606873681.851686","584,1500","right_cw1,left_cw0",426816081.8516864,477273681.8516864,606873681.8516865,right_cw1,584.0,left_cw0,1500.0,5.100437339399698,5.030964633779824,0.06947270561987384,21.985921196244135,43.187389808510495,21.20146861226636,0.0
9.67753317536005,7.87099184707745,5.070899250246622,2.7876217926991496,0.012470804131678115,0.0,15.732251100604023,1084.0,"729216081.851686,779673681.851686,822873681.851686","584,500","right_cw1,0rev_cw0",729216081.8516864,779673681.8516864,822873681.8516864,right_cw1,584.0,0rev_cw0,500.0,5.109904843562865,5.122375647694543,0.012470804131678115,26.889204467768337,42.62145556837236,15.732251100604023,0.0
40.078652292666426,7.871655523627601,4.537896999905885,3.11805331652501,0.21570520719670672,0.0,7.167302186111155,1536.0,"340416081.851686,416102481.851686,473126481.851686","876,660","left_cw1,0rev_cw1",340416081.8516864,416102481.8516864,473126481.8516864,left_cw1,876.0,0rev_cw1,660.0,4.5414357460673545,4.757140953264061,0.21570520719670672,41.08479552687415,48.25209771298531,7.167302186111155,0.0
38.82419190474666,7.872953546129925,4.599872772903208,3.0652156112665865,0.2078651619601315,0.0,39.783204083053036,1310.0,"648000081.851686,711072081.851686,761184081.851686","730,580","0rev_cw1,0rev_cw1",648000081.8516864,711072081.8516864,761184081.8516864,0rev_cw1,730.0,0rev_cw1,580.0,4.602960748758421,4.8108259107185525,0.2078651619601315,7.724370501218001,47.50757458427104,39.783204083053036,0.0
29.629080917248505,7.873188631242428,4.540221286887199,3.1878758029975014,0.1450915413577274,0.0,3.650715837352568,1536.0,"167616081.851686,243302481.851686,300326481.851686","876,660","left_cw1,0rev_cw1",167616081.8516864,243302481.8516864,300326481.85168636,left_cw1,876.0,0rev_cw1,660.0,4.538919936804718,4.684011478162446,0.1450915413577274,45.09832425043845,48.74904008779102,3.650715837352568,0.0
36.258651111090536,7.873298169878634,4.53847501845378,3.1463170409949845,0.18850611042986998,0.0,2.734634711067124,2576.0,"72576081.8516864,148262481.851686,295142481.851686","876,1700","left_cw1,left_cw1",72576081.8516864,148262481.85168642,295142481.8516864,left_cw1,876.0,left_cw1,1700.0,4.5444600375941,4.73296614802397,0.18850611042986998,45.65575677774289,48.39039148881001,2.734634711067124,0.0
32.55250213494876,7.876583361880422,4.6570118542381485,3.054121175620661,0.16545033202161274,0.0,22.973931224885273,1635.0,"183168081.851686,277776081.851686,324432081.851686","1095,540","0rev_cw1,0rev_cw0",183168081.8516864,277776081.85168636,324432081.85168636,0rev_cw1,1095.0,0rev_cw0,540.0,4.655939656337156,4.4904893243155435,0.16545033202161274,26.28431822803798,49.25824945292325,22.973931224885273,0.0
37.12742698391397,7.880049348901624,4.51097368946929,3.173588433505654,0.19548722592668,0.0,21.10673744284501,2336.0,"675648081.851686,751334481.851686,877478481.851686","876,1460","left_cw1,left_cw1",675648081.8516864,751334481.8516864,877478481.8516864,left_cw1,876.0,left_cw1,1460.0,4.544279567785433,4.739766793712113,0.19548722592668,27.24031346220753,48.34705090505254,21.10673744284501,0.0
13.010038970746065,7.882131529281153,5.069255053202952,2.7781513738820394,0.03472510219616165,0.0,14.849347342339298,1124.0,"176256081.851686,226713681.851686,273369681.851686","584,540","right_cw1,0rev_cw0",176256081.8516864,226713681.8516864,273369681.85168636,right_cw1,584.0,0rev_cw0,540.0,5.107754425072162,5.142479527268324,0.03472510219616165,27.67240250597587,42.52174984831517,14.849347342339298,0.0
9.255146652293,7.882615642937477,4.5270751856493625,3.3470218095094193,0.008518647778695154,0.0,5.350722506090061,1536.0,"184896081.851686,260582481.851686,317606481.851686","876,660","left_cw1,0rev_cw0",184896081.8516864,260582481.8516864,317606481.85168636,left_cw1,876.0,0rev_cw0,660.0,4.544873239332979,4.553391887111674,0.008518647778695154,44.23157627214585,49.582298778235916,5.350722506090061,0.0
20.264395519016027,7.884197863419295,4.54641175218791,3.2562379198633775,0.0815481913680065,0.0,4.786976587376559,2376.0,"38016081.8516864,113702481.851686,243302481.851686","876,1500","left_cw1,right_cw0",38016081.8516864,113702481.8516864,243302481.85168642,left_cw1,876.0,right_cw0,1500.0,4.521344520898967,4.602892712266973,0.0815481913680065,44.62024570050108,49.40722228787764,4.786976587376559,0.0
36.04640099080127,7.887746707837245,4.513782190882455,3.185784159162663,0.1881803577921275,0.0,20.09738011242804,2336.0,"502848081.851686,578534481.851686,704678481.851686","876,1460","left_cw1,left_cw1",502848081.8516864,578534481.8516865,704678481.8516865,left_cw1,876.0,left_cw1,1460.0,4.54717093084658,4.735351288638707,0.1881803577921275,28.25964457608705,48.35702468851509,20.09738011242804,0.0
14.286932350896512,7.889542267943345,4.545259122884126,3.3036107808095805,0.04067236424963916,0.0,1.5927238174237932,2696.0,"730944081.851686,806630481.851686,963878481.851686","876,1820","left_cw1,left_cw1",730944081.8516864,806630481.8516864,963878481.8516864,left_cw1,876.0,left_cw1,1820.0,4.509625883641995,4.550298247891634,0.04067236424963916,48.24946832825488,49.84219214567867,1.5927238174237932,0.0
18.975648372219876,7.891260190346422,5.071253413502663,2.7461872860393677,0.07381949080439121,0.0,20.111639502297724,2084.0,"806976081.851686,857433681.851686,987033681.851686","584,1500","right_cw1,left_cw0",806976081.8516864,857433681.8516864,987033681.8516864,right_cw1,584.0,left_cw0,1500.0,5.105373195639106,5.179192686443497,0.07381949080439121,22.220290931723806,42.33193043402153,20.111639502297724,0.0
27.42654435645602,7.893997740733059,5.066069053956559,2.6964914042056245,0.13143728257087517,0.0,18.678645021594626,1084.0,"158976081.851686,209433681.851686,252633681.851686","584,500","right_cw1,0rev_cw0",158976081.8516864,209433681.8516864,252633681.8516864,right_cw1,584.0,0rev_cw0,500.0,5.100514122588718,4.969076840017843,0.13143728257087517,24.860342958323425,43.53898797991805,18.678645021594626,0.0
35.37410484326037,7.8956504723250855,4.541020143479572,3.1714232351367975,0.18320709370871668,0.0,8.601888652305929,2576.0,"435456081.851686,511142481.851686,658022481.851686","876,1700","left_cw1,left_cw1",435456081.8516864,511142481.8516864,658022481.8516865,left_cw1,876.0,left_cw1,1700.0,4.542077120185156,4.725284213893873,0.18320709370871668,39.85448963497943,48.45637828728536,8.601888652305929,0.0
25.129272826098855,7.8958629114847305,4.531440749484844,3.249749340289781,0.11467282171010584,0.0,15.002204431344703,2536.0,"3456081.8516864,79142481.8516864,222566481.851686","876,1660","left_cw1,left_cw0",3456081.8516864013,79142481.8516864,222566481.85168642,left_cw1,876.0,left_cw0,1660.0,4.51561536366691,4.630288185377016,0.11467282171010584,34.25956564566763,49.26177007701233,15.002204431344703,0.0
14.566249233093073,7.896904646343954,4.834326751610925,3.0183767066103373,0.044201188122690915,0.0,33.3553616421016,2070.0,"877824081.851686,940896081.851686,1056672081.85169","730,1340","0rev_cw1,left_cw1",877824081.8516864,940896081.8516864,1056672081.8516864,0rev_cw1,730.0,left_cw1,1340.0,4.841907238745128,4.797706050622437,0.044201188122690915,12.734970145621613,46.090331787723215,33.3553616421016,0.0
20.046924999167093,7.900348143799497,5.065175256198038,2.754261363428478,0.08091152417298098,0.0,18.919669496766502,2124.0,"444096081.851686,494553681.851686,627609681.851686","584,1540","right_cw1,left_cw0",444096081.8516864,494553681.8516864,627609681.8516865,right_cw1,584.0,left_cw0,1540.0,5.108527118473157,5.189438642646138,0.08091152417298098,23.338473636970388,42.25814313373689,18.919669496766502,0.0
31.812067328026927,7.901099440783005,4.534768050937462,3.205932850139795,0.16039853970574836,0.0,9.934073468216233,1536.0,"530496081.851686,606182481.851686,663206481.851686","876,660","left_cw1,0rev_cw1",530496081.8516864,606182481.8516865,663206481.8516865,left_cw1,876.0,0rev_cw1,660.0,4.538560807270127,4.698959346975875,0.16039853970574836,38.71862266312941,48.65269613134564,9.934073468216233,0.0
15.421036524015348,7.9013880632389215,5.062927093777339,2.7885499205753885,0.049911048886193576,0.0,3.5482518751620757,1124.0,"711936081.851686,762393681.851686,809049681.851686","584,540","right_cw1,0rev_cw0",711936081.8516864,762393681.8516864,809049681.8516864,right_cw1,584.0,0rev_cw0,540.0,5.105787593679394,5.0558765447932,0.049911048886193576,39.46834390699025,43.01659578215232,3.5482518751620757,0.0
22.791595979716856,7.9017109786632975,5.062836904290168,2.7386323442602656,0.10024173011286397,0.0,10.899421505209926,1124.0,"349056081.851686,399513681.851686,446169681.851686","584,540","right_cw1,0rev_cw0",349056081.8516864,399513681.8516864,446169681.8516864,right_cw1,584.0,0rev_cw0,540.0,5.099489734147225,4.999248004034361,0.10024173011286397,32.47330995983523,43.37273146504515,10.899421505209926,0.0
20.830539103992688,7.903944592305745,4.518839927662214,3.2994168793786236,0.08568778526490739,0.0,2.283836583086835,1496.0,"374976081.851686,450662481.851686,504230481.851686","876,620","left_cw1,0rev_cw0",374976081.8516864,450662481.8516864,504230481.8516864,left_cw1,876.0,0rev_cw0,620.0,4.553320883607626,4.467633098342719,0.08568778526490739,47.824282690020915,50.10811927310775,2.283836583086835,0.0
12.845392278429816,7.906423255012425,5.065175256198038,2.808746431242241,0.03250156757214562,0.0,10.799398079702705,2164.0,"444096081.851686,494553681.851686,631065681.851686","584,1580","right_cw1,left_cw0",444096081.8516864,494553681.8516864,631065681.8516865,right_cw1,584.0,left_cw0,1580.0,5.108527118473157,5.141028686045303,0.03250156757214562,31.726112378678813,42.52551045838152,10.799398079702705,0.0
15.59297496512676,7.907579725252901,4.508705061518663,3.3480666094339533,0.05080805430028512,0.0,4.216019408592109,1456.0,"582336081.851686,658022481.851686,708134481.851686","876,580","left_cw1,0rev_cw1",582336081.8516864,658022481.8516864,708134481.8516864,left_cw1,876.0,0rev_cw1,580.0,4.539196811413775,4.48838875711349,0.05080805430028512,45.84672034010733,50.06273974869944,4.216019408592109,0.0
19.28898488236215,7.907948755908327,4.5276040077911786,3.3043753987582827,0.07596934935886601,0.0,7.433193423447957,1536.0,"357696081.851686,433382481.851686,490406481.851686","876,660","left_cw1,0rev_cw1",357696081.8516864,433382481.8516864,490406481.8516864,left_cw1,876.0,0rev_cw1,660.0,4.5516510293879735,4.6276203787468395,0.07596934935886601,41.60562948482483,49.03882290827279,7.433193423447957,0.0
12.881965751072077,7.912437542991429,4.5210126640651715,3.358227630798358,0.033197248127899925,0.0,9.082650092696124,1496.0,"737856081.851686,813542481.851686,867110481.851686","876,620","left_cw1,0rev_cw1",737856081.8516864,813542481.8516864,867110481.8516864,left_cw1,876.0,0rev_cw1,620.0,4.550179080355178,4.516981832227278,0.033197248127899925,40.71035593114675,49.79300602384287,9.082650092696124,0.0
15.47947304528853,7.913621043299283,4.520236365125873,3.3440976890548018,0.04928698911860785,0.0,5.705872667157191,2456.0,"884736081.851686,960422481.851686,1096934481.85169","876,1580","left_cw1,left_cw1",884736081.8516864,960422481.8516864,1096934481.8516865,left_cw1,876.0,left_cw1,1580.0,4.520855138210623,4.57014212732923,0.04928698911860785,43.92555905680456,49.631431723961754,5.705872667157191,0.0
13.559911508141166,7.915280033419274,4.530385584794782,3.349054676860842,0.03583977176364961,0.0,2.4064849722256763,2576.0,"89856081.8516864,165542481.851686,312422481.851686","876,1700","left_cw1,left_cw1",89856081.8516864,165542481.85168642,312422481.8516864,left_cw1,876.0,left_cw1,1700.0,4.550470685630144,4.586310457393793,0.03583977176364961,46.91646016466184,49.32294513688752,2.4064849722256763,0.0
24.46032495392391,7.916153342258891,4.529928924907763,3.2768455111829424,0.10937890616818535,0.0,5.2960294388606375,2576.0,"262656081.851686,338342481.851686,485222481.851686","876,1700","left_cw1,left_cw1",262656081.8516864,338342481.85168636,485222481.85168636,left_cw1,876.0,left_cw1,1700.0,4.5420299549344785,4.651408861102664,0.10937890616818535,43.648521439897365,48.944550878758,5.2960294388606375,0.0
25.416863648832532,7.916654310423903,5.064196373087023,2.73561599381463,0.11684194352224964,0.0,15.114982761502867,2124.0,"616896081.851686,667353681.851686,800409681.851686","584,1540","right_cw1,left_cw0",616896081.8516864,667353681.8516864,800409681.8516864,right_cw1,584.0,left_cw0,1540.0,5.096797894007475,4.979955950485225,0.11684194352224964,28.383070723882902,43.49805348538577,15.114982761502867,0.0
37.67034690560096,7.917533239136521,4.514328631665747,3.2043251934135433,0.19887941405723097,0.0,19.385276532416853,2336.0,"330048081.851686,405734481.851686,531878481.851686","876,1460","left_cw1,left_cw1",330048081.8516864,405734481.8516864,531878481.8516864,left_cw1,876.0,left_cw1,1460.0,4.536128041625485,4.735007455682716,0.19887941405723097,29.04634431395777,48.43162084637462,19.385276532416853,0.0
18.082103599027377,7.919630574610063,5.062590382167375,2.7894815510383277,0.06755864140435985,0.0,16.53413710927902,2164.0,"81216081.8516864,131673681.851686,268185681.851686","584,1580","right_cw1,left_cw0",81216081.8516864,131673681.8516864,268185681.85168642,right_cw1,584.0,left_cw0,1580.0,5.104063376398499,5.171622017802859,0.06755864140435985,25.846786937263015,42.380924046542034,16.53413710927902,0.0
25.64375020163136,7.920220823673264,4.585690657006693,3.2165808149712776,0.11794935169529364,0.0,28.969535653355926,2550.0,"397440081.851686,460512081.851686,617760081.851686","730,1820","0rev_cw1,left_cw1",397440081.8516864,460512081.8516864,617760081.8516865,0rev_cw1,730.0,left_cw1,1820.0,4.588875030613335,4.706824382308628,0.11794935169529364,19.301345745057198,48.270881398413124,28.969535653355926,0.0
11.900551724977452,7.921157212504745,4.516281616808953,3.379106871549189,0.02576872414660336,0.0,2.973046133720597,1456.0,"409536081.851686,485222481.851686,535334481.851686","876,580","left_cw1,0rev_cw1",409536081.8516864,485222481.8516864,535334481.8516864,left_cw1,876.0,0rev_cw1,580.0,4.540413312126001,4.514644587979397,0.02576872414660336,46.90225483042649,49.875300964147094,2.973046133720597,0.0
19.287926492352618,7.9222952110316855,5.066098536550671,2.7804528964214446,0.07574377805957067,0.0,25.56514206104857,2044.0,"409536081.851686,459993681.851686,586137681.851686","584,1460","right_cw1,left_cw1",409536081.8516864,459993681.8516864,586137681.8516865,right_cw1,584.0,left_cw1,1460.0,5.088656297280511,5.164400075340081,0.07574377805957067,16.940960955999707,42.506103017048275,25.56514206104857,0.0
27.955599939264108,7.92363380930985,5.059852254112799,2.7299112056807084,0.1338703495163429,0.0,25.567893034457303,2084.0,"63936081.8516864,114393681.851686,243993681.851686","584,1500","right_cw1,left_cw0",63936081.8516864,114393681.8516864,243993681.85168642,right_cw1,584.0,left_cw0,1500.0,5.096141987315112,5.230012336831455,0.1338703495163429,16.53557506213526,42.103468096592565,25.567893034457303,0.0
18.793679605510754,7.924491615247836,4.80798022663414,3.044160081686042,0.07235130692765424,0.0,27.111552886483516,2110.0,"342144081.851686,405216081.851686,524448081.851686","730,1380","0rev_cw1,left_cw1",342144081.8516864,405216081.8516864,524448081.8516864,0rev_cw1,730.0,left_cw1,1380.0,4.807820069385096,4.735468762457442,0.07235130692765424,19.576571437183542,46.688124323667054,27.111552886483516,0.0
12.821547062249998,7.924588529538693,4.612742022952762,3.2800228663639115,0.031823640222019556,0.0,12.062314098463087,2595.0,"19008081.8516864,113616081.851686,243216081.851686","1095,1500","left_cw1,right_cw0",19008081.851686403,113616081.8516864,243216081.85168642,left_cw1,1095.0,right_cw0,1500.0,4.613032498829267,4.644856139051287,0.031823640222019556,36.45627337611249,48.518587474575575,12.062314098463087,0.0
11.461207191182844,7.925437999049109,5.075645824320595,2.8265978066634885,0.023194368065025728,0.0,24.47357693933268,2044.0,"582336081.851686,632793681.851686,758937681.851686","584,1460","right_cw1,left_cw1",582336081.8516864,632793681.8516864,758937681.8516864,right_cw1,584.0,left_cw1,1460.0,5.075397064957043,5.098591433022069,0.023194368065025728,18.473714262223265,42.94729120155594,24.47357693933268,0.0
10.520404092161522,7.927155123735048,4.514163954023506,3.396684176972132,0.016306992739409054,0.0,1.790424352434631,1456.0,"236736081.851686,312422481.851686,362534481.851686","876,580","left_cw1,0rev_cw1",236736081.8516864,312422481.85168636,362534481.85168636,left_cw1,876.0,0rev_cw1,580.0,4.528677710701383,4.544984703440792,0.016306992739409054,47.95844539058658,49.74886974302122,1.790424352434631,0.0
8.76253941694061,7.9297224870168455,4.671310243535025,3.253791222049324,0.004621021432495986,0.0,39.39166359703771,2515.0,"710208081.851686,804816081.851686,927504081.851686","1095,1420","0rev_cw1,right_cw1",710208081.8516864,804816081.8516864,927504081.8516864,0rev_cw1,1095.0,right_cw1,1420.0,4.672180232227502,4.676801253659998,0.004621021432495986,8.532884144272408,47.924547741310114,39.39166359703771,0.0
24.307530577794903,7.929779630569224,5.069255053202952,2.7502604200873253,0.11026415727894712,0.0,20.641420522275723,1084.0,"176256081.851686,226713681.851686,269913681.851686","584,500","right_cw1,0rev_cw0",176256081.8516864,226713681.8516864,269913681.85168636,right_cw1,584.0,0rev_cw0,500.0,5.107754425072162,5.218018582351109,0.11026415727894712,21.464134982890442,42.105555505166166,20.641420522275723,0.0
9.01626712530537,7.931508744044666,5.081577940355729,2.8423041804097555,0.007626623279182176,0.0,15.36921397144147,1084.0,"919296081.851686,969753681.851686,1012953681.85169","584,500","right_cw1,0rev_cw1",919296081.8516864,969753681.8516864,1012953681.8516864,right_cw1,584.0,0rev_cw1,500.0,5.09910430447982,5.0914776812006375,0.007626623279182176,27.484995078919887,42.854209050361355,15.36921397144147,0.0
32.01394585951156,7.93253763307609,4.521939602779381,3.2489732471481707,0.16162478314853868,0.0,15.117767755338349,1456.0,"616896081.851686,692582481.851686,742694481.851686","876,580","left_cw1,0rev_cw1",616896081.8516864,692582481.8516864,742694481.8516864,left_cw1,876.0,0rev_cw1,580.0,4.522013016412294,4.683637799560833,0.16162478314853868,33.74570732655551,48.86347508189386,15.117767755338349,0.0
15.195493912433827,7.933688640346033,4.736863178605709,3.1479865332573955,0.0488389284829287,0.0,33.888330425222264,1350.0,"112320081.851686,175392081.851686,228960081.851686","730,620","0rev_cw1,0rev_cw1",112320081.8516864,175392081.85168642,228960081.85168642,0rev_cw1,730.0,0rev_cw1,620.0,4.72883600231063,4.777674930793559,0.0488389284829287,13.030660960189826,46.91899138541209,33.888330425222264,0.0
18.104971606534942,7.93520650308876,4.5121283405503885,3.3548346572073364,0.06824350533103551,0.0,9.89163640906629,1456.0,"599616081.851686,675302481.851686,725414481.851686","876,580","left_cw1,0rev_cw1",599616081.8516864,675302481.8516864,725414481.8516864,left_cw1,876.0,0rev_cw1,580.0,4.53186734129141,4.600110846622446,0.06824350533103551,39.463556171858464,49.35519258092476,9.89163640906629,0.0
22.146951854267265,7.936148171430011,5.072618144252898,2.7678091401289606,0.09572088704815229,0.0,11.512053639718935,1084.0,"902016081.851686,952473681.851686,995673681.851686","584,500","right_cw1,0rev_cw0",902016081.8516864,952473681.8516864,995673681.8516864,right_cw1,584.0,0rev_cw0,500.0,5.099361943675806,5.003641056627654,0.09572088704815229,31.836417500236134,43.34847113995507,11.512053639718935,0.0
20.413020013537633,7.93670810272393,4.517590135221686,3.335984165103232,0.08313380239901313,0.0,5.49700919712368,1456.0,"755136081.851686,830822481.851686,880934481.851686","876,580","left_cw1,0rev_cw1",755136081.8516864,830822481.8516864,880934481.8516864,left_cw1,876.0,0rev_cw1,580.0,4.54253164831377,4.459397845914757,0.08313380239901313,44.741582249085674,50.238591446209355,5.49700919712368,0.0
12.133101090506713,7.937111112325365,5.066069053956559,2.84372770103457,0.027314357334235595,0.0,1.6596090215422004,1164.0,"158976081.851686,209433681.851686,259545681.851686","584,580","right_cw1,0rev_cw0",158976081.8516864,209433681.8516864,259545681.8516864,right_cw1,584.0,0rev_cw0,580.0,5.100514122588718,5.073199765254483,0.027314357334235595,41.28922483432511,42.94883385586731,1.6596090215422004,0.0
18.642365741320194,7.937651805427219,5.064196373087023,2.8028451531646885,0.070610279175507,0.0,5.622655821262966,2164.0,"616896081.851686,667353681.851686,803865681.851686","584,1580","right_cw1,left_cw0",616896081.8516864,667353681.8516864,803865681.8516864,right_cw1,584.0,left_cw0,1580.0,5.096797894007475,5.026187614831968,0.070610279175507,37.61239162760881,43.235047448871775,5.622655821262966,0.0
18.19430471701672,7.939441010169971,4.524128743199058,3.3466235625928396,0.06868870437807306,0.0,8.953439139467795,1456.0,"426816081.851686,502502481.851686,552614481.851686","876,580","left_cw1,0rev_cw1",426816081.8516864,502502481.8516864,552614481.8516865,left_cw1,876.0,0rev_cw1,580.0,4.52680233929604,4.595491043674113,0.06868870437807306,40.46685937835952,49.42029851782732,8.953439139467795,0.0
28.535698713316417,7.939719043312428,5.068470579735282,2.7335927882886573,0.13765567528848877,0.0,24.086639129536753,2084.0,"254016081.851686,304473681.851686,434073681.851686","584,1500","right_cw1,left_cw0",254016081.8516864,304473681.85168636,434073681.85168636,right_cw1,584.0,left_cw0,1500.0,5.0964760948020995,5.234131770090588,0.13765567528848877,17.992459343362196,42.07909847289895,24.086639129536753,0.0
23.331948079150944,7.940679908645327,5.068470579735282,2.7695581026326095,0.10265122627743573,0.0,12.672098179065319,2164.0,"254016081.851686,304473681.851686,440985681.851686","584,1580","right_cw1,left_cw0",254016081.8516864,304473681.85168636,440985681.85168636,right_cw1,584.0,left_cw0,1580.0,5.0964760948020995,4.993824868524664,0.10265122627743573,30.74867267995913,43.42077085902445,12.672098179065319,0.0
16.977925749028326,7.94119088391054,4.8110158469571,3.0695820058042638,0.06059303114917647,0.0,5.5019411326485805,865.0,"107136081.851686,138672081.851686,181872081.851686","365,500","0rev_cw1,0rev_cw1",107136081.8516864,138672081.85168642,181872081.85168642,0rev_cw1,365.0,0rev_cw1,500.0,4.814922207749244,4.754329176600067,0.06059303114917647,41.02408398981005,46.526025122458634,5.5019411326485805,0.0
15.500596981100664,7.942588856500066,4.518087442050449,3.373771933997957,0.05072948045166026,0.0,10.750237929592238,1456.0,"772416081.851686,848102481.851686,898214481.851686","876,580","left_cw1,0rev_cw1",772416081.8516864,848102481.8516864,898214481.8516864,left_cw1,876.0,0rev_cw1,580.0,4.533149703924757,4.583879184376417,0.05072948045166026,38.705496743963714,49.45573467355595,10.750237929592238,0.0
13.906956104142036,7.943506273627523,4.510771758551965,3.392706768141253,0.040027746934304,0.0,11.635928538322347,1456.0,"945216081.851686,1020902481.85169,1071014481.85169","876,580","left_cw1,0rev_cw1",945216081.8516864,1020902481.8516864,1071014481.8516864,left_cw1,876.0,0rev_cw1,580.0,4.542575511419734,4.582603258354038,0.040027746934304,37.7649616339631,49.40089017228544,11.635928538322347,0.0
40.190488610289556,7.946020906657587,4.336052927420318,3.394805098418845,0.21516288081842383,0.0,6.277380132633246,2270.0,"706752081.851686,769824081.851686,902880081.851686","730,1540","0rev_cw0,left_cw1",706752081.8516864,769824081.8516864,902880081.8516864,0rev_cw0,730.0,left_cw1,1540.0,4.344029140859521,4.559192021677945,0.21516288081842383,44.64509260650891,50.92247273914216,6.277380132633246,0.0
40.75124175709657,7.947054394900342,4.51030514394991,3.2173908188010425,0.21935843214939066,0.0,18.81742676062955,2336.0,"157248081.851686,232934481.851686,359078481.851686","876,1460","left_cw1,left_cw1",157248081.8516864,232934481.8516864,359078481.85168636,left_cw1,876.0,left_cw1,1460.0,4.5409047394007205,4.760263171550111,0.21935843214939066,29.417762806562237,48.23518956719179,18.81742676062955,0.0
20.6499575870688,7.959259003429719,5.068390184188857,2.80538672951333,0.0854820897275319,0.0,13.560225302014405,1124.0,"366336081.851686,416793681.851686,463449681.851686","584,540","right_cw1,0rev_cw0",366336081.8516864,416793681.8516864,463449681.8516864,right_cw1,584.0,0rev_cw0,540.0,5.106032569339993,5.191514659067525,0.0854820897275319,28.700219969035977,42.260445271050386,13.560225302014405,0.0
39.59541437769014,7.96140269586839,4.951737210764069,2.798508784181714,0.21115670092260785,0.0,26.662843026204897,2715.0,"381888081.851686,476496081.851686,616464081.851686","1095,1620","0rev_cw1,left_cw1",381888081.8516864,476496081.8516864,616464081.8516865,0rev_cw1,1095.0,left_cw1,1620.0,4.953451451682455,4.742294750759847,0.21115670092260785,19.08365748324818,45.74650050945308,26.662843026204897,0.0
15.5042572319493,7.961845875307858,4.524331493910011,3.3881177062762746,0.049396675121571754,0.0,7.96885073534182,2496.0,"349056081.851686,424742481.851686,564710481.851686","876,1620","left_cw1,left_cw1",349056081.8516864,424742481.8516864,564710481.8516865,left_cw1,876.0,left_cw1,1620.0,4.523922179542796,4.573318854664368,0.049396675121571754,41.620367486921666,49.58921822226348,7.96885073534182,0.0
41.4143169777131,7.963683531035012,4.529792730138161,3.209422061247182,0.22446873964966851,0.0,19.04903110719128,1496.0,"271296081.851686,346982481.851686,400550481.851686","876,620","left_cw1,0rev_cw0",271296081.8516864,346982481.8516864,400550481.8516864,left_cw1,876.0,0rev_cw0,620.0,4.513638386251827,4.738107125901496,0.22446873964966851,29.5099538964884,48.55898500367968,19.04903110719128,0.0
27.634769539831357,7.9638789882751455,4.951737210764069,2.8813112298222925,0.13083054768878366,0.0,34.037130093845136,2755.0,"381888081.851686,476496081.851686,619920081.851686","1095,1660","0rev_cw1,left_cw1",381888081.8516864,476496081.8516864,619920081.8516865,0rev_cw1,1095.0,left_cw1,1660.0,4.953451451682455,4.822620903993672,0.13083054768878366,11.223069286375274,45.260199380220406,34.037130093845136,0.0
32.020312503903064,7.968166280749771,5.062927093777339,2.743469021130212,0.1617701658422197,0.0,12.605975806115145,1084.0,"711936081.851686,762393681.851686,805593681.851686","584,500","right_cw1,0rev_cw0",711936081.8516864,762393681.8516864,805593681.8516864,right_cw1,584.0,0rev_cw0,500.0,5.105787593679394,4.944017427837174,0.1617701658422197,31.046345210672897,43.65232101678804,12.605975806115145,0.0
40.191623511414214,7.970113739933622,4.89570586029079,2.8589728977368423,0.21543498190599042,0.0,35.88048858825052,2350.0,"585792081.851686,648864081.851686,788832081.851686","730,1620","0rev_cw1,left_cw1",585792081.8516864,648864081.8516864,788832081.8516864,0rev_cw1,730.0,left_cw1,1620.0,4.889758799478583,5.105193781384574,0.21543498190599042,8.088032866382958,43.968521454633475,35.88048858825052,0.0
28.90707058549392,7.976901080647196,5.068390184188857,2.767693594497372,0.14081730196096753,0.0,19.997534102978967,1084.0,"366336081.851686,416793681.851686,459993681.851686","584,500","right_cw1,0rev_cw0",366336081.8516864,416793681.8516864,459993681.8516864,right_cw1,584.0,0rev_cw0,500.0,5.106032569339993,5.24684987130096,0.14081730196096753,21.9599547403239,41.95748884330287,19.997534102978967,0.0
12.867712466848836,7.978147401758193,4.54775585266287,3.3991609544717405,0.03123059462358313,0.0,6.642790996432537,2696.0,"903744081.851686,979430481.851686,1136678481.85169","876,1820","left_cw1,left_cw1",903744081.8516864,979430481.8516864,1136678481.8516865,left_cw1,876.0,left_cw1,1820.0,4.5150635724365165,4.5462941670601,0.03123059462358313,43.18965248514782,49.832443481580356,6.642790996432537,0.0
36.34821965423124,7.979267835246323,4.709706733264665,3.0790267221667063,0.19053437981495147,0.0,14.84139767504316,1310.0,"24192081.8516864,87264081.8516864,137376081.851686","730,580","0rev_cw1,0rev_cw0",24192081.851686403,87264081.8516864,137376081.85168642,0rev_cw1,730.0,0rev_cw0,580.0,4.704118152150941,4.5135837723359895,0.19053437981495147,33.94223698994854,48.7836346649917,14.84139767504316,0.0
29.48772914262439,7.9800893118583405,4.526412957013674,3.3103541759897444,0.14332217885492238,0.0,11.05512866597937,2576.0,"625536081.851686,701222481.851686,848102481.851686","876,1700","left_cw1,left_cw1",625536081.8516864,701222481.8516864,848102481.8516864,left_cw1,876.0,left_cw1,1700.0,4.549178370469958,4.692500549324881,0.14332217885492238,37.5701473578969,48.625276023876275,11.05512866597937,0.0
37.695207313325604,7.980852376843155,4.736863178605709,3.04442526729835,0.19956393093909597,0.0,38.282152546444905,1310.0,"112320081.851686,175392081.851686,225504081.851686","730,580","0rev_cw1,0rev_cw1",112320081.8516864,175392081.85168642,225504081.85168642,0rev_cw1,730.0,0rev_cw1,580.0,4.72883600231063,4.928399933249726,0.19956393093909597,7.699878316370537,45.98203086281544,38.282152546444905,0.0
32.01777045134771,7.9818341231384755,4.751500931996004,3.0697981940800863,0.16053499706238572,0.0,12.3354672684102,2310.0,"827712081.851686,890784081.851686,1027296081.85169","730,1580","0rev_cw0,left_cw1",827712081.8516864,890784081.8516864,1027296081.8516864,0rev_cw0,730.0,left_cw1,1580.0,4.7539314033775275,4.593396406315142,0.16053499706238572,35.5997816471529,47.93524891556311,12.3354672684102,0.0
19.102999572835635,7.983455264831036,5.070899250246622,2.838025167367967,0.07453084721644743,0.0,6.970957074144726,1124.0,"729216081.851686,779673681.851686,826329681.851686","584,540","right_cw1,0rev_cw0",729216081.8516864,779673681.8516864,826329681.8516864,right_cw1,584.0,0rev_cw0,540.0,5.109904843562865,5.1844356907793125,0.07453084721644743,35.307132034959025,42.278089109103746,6.970957074144726,0.0
14.750570446222733,7.983522850651919,4.5121314895633216,3.4263057339941647,0.045085627094433534,0.0,7.775104018863238,1496.0,"565056081.851686,640742481.851686,694310481.851686","876,620","left_cw1,0rev_cw1",565056081.8516864,640742481.8516864,694310481.8516864,left_cw1,876.0,0rev_cw1,620.0,4.544435466927001,4.4993498398325675,0.045085627094433534,42.177000260069605,49.95210427893284,7.775104018863238,0.0
29.623495057086554,7.985036341174975,5.066098536550671,2.7742856256720065,0.1446521789522981,0.0,21.59426584519128,2084.0,"409536081.851686,459993681.851686,589593681.851686","584,1500","right_cw1,left_cw1",409536081.8516864,459993681.8516864,589593681.8516865,right_cw1,584.0,left_cw1,1500.0,5.088656297280511,4.944004118328213,0.1446521789522981,22.15656855789296,43.75083440308424,21.59426584519128,0.0
14.04184048306747,7.985391311239388,4.518313779341988,3.428300233732024,0.03877729816537556,0.0,3.426386731061473,2536.0,"642816081.851686,718502481.851686,861926481.851686","876,1660","left_cw1,left_cw0",642816081.8516864,718502481.8516864,861926481.8516864,left_cw1,876.0,left_cw0,1660.0,4.551959883229593,4.513182585064217,0.03877729816537556,46.3803318431997,49.80671857426117,3.426386731061473,0.0
8.32887438128702,7.987914212676328,5.07638748621217,2.909774029697945,0.0017526967662133686,0.0,22.86869868009218,2044.0,"755136081.851686,805593681.851686,931737681.851686","584,1460","right_cw1,left_cw1",755136081.8516864,805593681.8516864,931737681.8516864,right_cw1,584.0,left_cw1,1460.0,5.080591469482371,5.078838772716158,0.0017526967662133686,20.160474729686236,43.029173409778416,22.86869868009218,0.0
34.33328892934473,7.989170996334239,4.547976404238463,3.2663882830501954,0.1748063090455796,0.0,1.363939414607841,2376.0,"228096081.851686,303782481.851686,433382481.851686","876,1500","left_cw1,right_cw0",228096081.8516864,303782481.85168636,433382481.85168636,left_cw1,876.0,right_cw0,1500.0,4.518648638643045,4.6934549476886245,0.1748063090455796,47.45676445165527,48.82070386626311,1.363939414607841,0.0
25.933055203083907,7.989613955962345,4.834326751610925,3.0354576876461907,0.11982951670522901,0.0,32.799864851769925,2110.0,"877824081.851686,940896081.851686,1060128081.85169","730,1380","0rev_cw1,left_cw1",877824081.8516864,940896081.8516864,1060128081.8516864,0rev_cw1,730.0,left_cw1,1380.0,4.841907238745128,4.961736755450357,0.11982951670522901,12.294950645513083,45.09481549728301,32.799864851769925,0.0
11.429467693411304,7.989920331669676,4.54213508065809,3.4270017391649126,0.020783511846673264,0.0,1.3129094759048283,2696.0,"540864081.851686,616550481.851686,773798481.851686","876,1820","left_cw1,left_cw1",540864081.8516864,616550481.8516864,773798481.8516864,left_cw1,876.0,left_cw1,1820.0,4.5158802981141895,4.495096786267516,0.020783511846673264,48.86357906743334,50.17648854333817,1.3129094759048283,0.0
16.165996627317373,7.991909028671017,4.943477813984784,2.9945766699842853,0.05385454470194784,0.0,25.775236733379323,2555.0,"813888081.851686,908496081.851686,1034640081.85169","1095,1460","left_cw1,left_cw1",813888081.8516864,908496081.8516864,1034640081.8516864,left_cw1,1095.0,left_cw1,1460.0,4.941611475056508,4.995466019758456,0.05385454470194784,18.53013571343732,44.30537244681664,25.775236733379323,0.0
17.498277471843508,7.993914991174716,5.084868928910315,2.8449120289220775,0.0641340333423237,0.0,19.648424342246404,1084.0,"746496081.851686,796953681.851686,840153681.851686","584,500","right_cw1,0rev_cw1",746496081.8516864,796953681.8516864,840153681.8516864,right_cw1,584.0,0rev_cw1,500.0,5.105665186662867,5.16979922000519,0.0641340333423237,22.73371983450301,42.382144176749414,19.648424342246404,0.0
23.8028925962665,7.994129763801545,4.687544142733197,3.20064640274206,0.10593921832628794,0.0,24.169146018827153,1635.0,"580608081.851686,675216081.851686,721872081.851686","1095,540","0rev_cw0,0rev_cw1",580608081.8516864,675216081.8516864,721872081.8516864,0rev_cw0,1095.0,0rev_cw1,540.0,4.68790911486954,4.581969896543252,0.10593921832628794,24.27071523060632,48.43986124943348,24.169146018827153,0.0
35.577618379804996,7.994212511717937,4.524638030233881,3.284446358458661,0.18512812302539494,0.0,16.112630812636347,1456.0,"789696081.851686,865382481.851686,915494481.851686","876,580","left_cw1,0rev_cw1",789696081.8516864,865382481.8516864,915494481.8516864,left_cw1,876.0,0rev_cw1,580.0,4.522401199824816,4.707529322850211,0.18512812302539494,32.59015696131477,48.702787773951115,16.112630812636347,0.0
17.26901922700696,7.996431835287016,4.951737210764069,2.9836880960382604,0.06100652848468613,0.0,36.640056015199534,2795.0,"381888081.851686,476496081.851686,623376081.851686","1095,1700","0rev_cw1,left_cw1",381888081.8516864,476496081.8516864,623376081.8516865,0rev_cw1,1095.0,left_cw1,1700.0,4.953451451682455,5.014457980167141,0.06100652848468613,7.48545053995725,44.12550655515678,36.640056015199534,0.0
28.921901986268338,7.9967224084806565,4.531764363248137,3.324589504042345,0.14036854119017406,0.0,13.520796406105529,1536.0,"720576081.851686,796262481.851686,853286481.851686","876,660","left_cw1,0rev_cw1",720576081.8516864,796262481.8516864,853286481.8516864,left_cw1,876.0,0rev_cw1,660.0,4.548512077815303,4.688880619005477,0.14036854119017406,35.13274040446046,48.65353681056599,13.520796406105529,0.0
24.05869902902455,7.9968874171082165,4.599872772903208,3.289152020163326,0.10786262404168223,0.0,12.111415197606725,1390.0,"648000081.851686,711072081.851686,768096081.851686","730,660","0rev_cw1,0rev_cw0",648000081.8516864,711072081.8516864,768096081.8516864,0rev_cw1,730.0,0rev_cw0,660.0,4.602960748758421,4.495098124716739,0.10786262404168223,37.47227706364719,49.583692261253915,12.111415197606725,0.0
29.658352645318473,7.997135345402039,4.530958463348674,3.3217504825789863,0.1444263994743782,0.0,15.138659294282599,2496.0,"711936081.851686,787622481.851686,927590481.851686","876,1620","left_cw1,left_cw1",711936081.8516864,787622481.8516864,927590481.8516864,left_cw1,876.0,left_cw1,1620.0,4.5226116792884605,4.667038078762839,0.1444263994743782,33.83108197422593,48.96974126850853,15.138659294282599,0.0
38.84355505935852,7.999751073137115,5.066069053956559,2.726367007288042,0.207315011892514,0.0,13.100807987006087,1124.0,"158976081.851686,209433681.851686,256089681.851686","584,540","right_cw1,0rev_cw0",158976081.8516864,209433681.8516864,256089681.8516864,right_cw1,584.0,0rev_cw0,540.0,5.100514122588718,4.893199110696204,0.207315011892514,30.874892023395983,43.97570001040207,13.100807987006087,0.0
38.13030767177709,8.000408743903268,5.0611559030328115,2.7376478799692463,0.20160496090121072,0.0,16.583307010919707,2124.0,"426816081.851686,477273681.851686,610329681.851686","584,1540","right_cw1,left_cw0",426816081.8516864,477273681.8516864,610329681.8516865,right_cw1,584.0,left_cw0,1540.0,5.100437339399698,4.898832378498487,0.20160496090121072,27.360220557201846,43.94352756812155,16.583307010919707,0.0
13.238413937539955,8.001013811477138,4.516823427571545,3.4499753584315447,0.0342150254740492,0.0,3.545280501112995,1536.0,"12096081.8516864,87782481.8516864,144806481.851686","876,660","left_cw1,0rev_cw0",12096081.851686401,87782481.8516864,144806481.85168642,left_cw1,876.0,0rev_cw0,660.0,4.550788069855273,4.516573044381224,0.0342150254740492,46.24636568856834,49.79164618968134,3.545280501112995,0.0
41.37164093072764,8.001413360492421,5.067080107492306,2.7109443703275233,0.22338888267259094,0.0,16.36138398417203,2084.0,"789696081.851686,840153681.851686,969753681.851686","584,1500","right_cw1,left_cw0",789696081.8516864,840153681.8516864,969753681.8516864,right_cw1,584.0,left_cw0,1500.0,5.099912134039407,4.876523251366816,0.22338888267259094,27.71455125026056,44.075935234432585,16.36138398417203,0.0
10.884888623953522,8.007164476864501,4.939968494665184,3.0484786607963206,0.0187173214029972,0.0,11.432551483608046,2110.0,"705024081.851686,768096081.851686,887328081.851686","730,1380","left_cw1,left_cw1",705024081.8516864,768096081.8516864,887328081.8516864,left_cw1,730.0,left_cw1,1380.0,4.937986515167671,4.956703836570668,0.0187173214029972,33.121649324411315,44.55420080801937,11.432551483608046,0.0
28.586910403157123,8.009725751775886,4.548116494548639,3.325436467687306,0.13617278953994205,0.0,4.354948887490039,2736.0,"558144081.851686,633830481.851686,794534481.851686","876,1860","left_cw1,left_cw1",558144081.8516864,633830481.8516864,794534481.8516864,left_cw1,876.0,left_cw1,1860.0,4.522127553069275,4.658300342609217,0.13617278953994205,44.67616994315431,49.031118830644346,4.354948887490039,0.0
39.41909600273963,8.012382161754845,4.571121894740532,3.2325456343146355,0.20871463269967716,0.0,2.0421203313227054,2550.0,"414720081.851686,477792081.851686,635040081.851686","730,1820","0rev_cw0,left_cw1",414720081.8516864,477792081.8516864,635040081.8516865,0rev_cw0,730.0,left_cw1,1820.0,4.563710612380768,4.772425245080445,0.20871463269967716,45.96563347198005,48.007753803302755,2.0421203313227054,0.0
39.484763625395225,8.014538999772215,5.062590382167375,2.741348182222091,0.21060043538274886,0.0,22.870250861785767,2124.0,"81216081.8516864,131673681.851686,264729681.851686","584,1540","right_cw1,left_cw0",81216081.8516864,131673681.8516864,264729681.85168642,right_cw1,584.0,left_cw0,1540.0,5.104063376398499,5.314663811781248,0.21060043538274886,18.73042904779614,41.600679909581906,22.870250861785767,0.0
34.664203014738256,8.016036200309971,4.80798022663414,3.0297687303338168,0.17828724334201418,0.0,29.98949044039077,2070.0,"342144081.851686,405216081.851686,520992081.851686","730,1340","0rev_cw1,left_cw1",342144081.8516864,405216081.8516864,520992081.8516864,0rev_cw1,730.0,left_cw1,1340.0,4.807820069385096,4.629532826043082,0.17828724334201418,17.367602443574558,47.35709288396532,29.98949044039077,0.0
27.996516290014057,8.017034079309525,5.083930930824362,2.798666298162735,0.13443685032242936,0.0,19.67382449951775,1084.0,"556416081.851686,606873681.851686,650073681.851686","584,500","right_cw1,0rev_cw0",556416081.8516864,606873681.8516864,650073681.8516864,right_cw1,584.0,0rev_cw0,500.0,5.100910157955345,5.235347008277774,0.13443685032242936,22.374387683559764,42.04821218307752,19.67382449951775,0.0
24.077750265746683,8.021687584959256,4.546476004076765,3.3685313739054252,0.1066802069770656,0.0,15.691888233998052,2635.0,"831168081.851686,925776081.851686,1058832081.85169","1095,1540","left_cw1,left_cw1",831168081.8516864,925776081.8516864,1058832081.8516864,left_cw1,1095.0,left_cw1,1540.0,4.5439627942799765,4.650643001257042,0.1066802069770656,33.24490765489421,48.93679588889226,15.691888233998052,0.0
17.771974583416576,8.023090913348142,4.531249468278528,3.427610878272621,0.06423056679699446,0.0,8.705298203317785,2576.0,"452736081.851686,528422481.851686,675302481.851686","876,1700","left_cw1,left_cw0",452736081.8516864,528422481.8516864,675302481.8516865,left_cw1,876.0,left_cw0,1700.0,4.545650286453381,4.609880853250376,0.06423056679699446,40.49201338896,49.19731159227778,8.705298203317785,0.0
29.38334211555914,8.025205442013409,4.5293090119902475,3.352585386837468,0.143311043185693,0.0,14.932436679363855,1496.0,"81216081.8516864,156902481.851686,210470481.851686","876,620","left_cw1,0rev_cw1",81216081.8516864,156902481.85168642,210470481.85168642,left_cw1,876.0,0rev_cw1,620.0,4.522615571649869,4.665926614835562,0.143311043185693,34.04467104898047,48.97710772834432,14.932436679363855,0.0
13.773774143885186,8.02808438738616,5.079480980550749,2.9106141068053444,0.037989300030066175,0.0,24.057828106374238,2084.0,"219456081.851686,269913681.851686,399513681.851686","584,1500","right_cw1,left_cw1",219456081.8516864,269913681.85168636,399513681.85168636,right_cw1,584.0,left_cw1,1500.0,5.077833361918559,5.115822661948625,0.037989300030066175,18.779165786421697,42.83699389279594,24.057828106374238,0.0
37.70586030020125,8.028186875206533,4.551486119380262,3.2787980991691934,0.19790265665707807,0.0,6.753954521059961,2376.0,"400896081.851686,476582481.851686,606182481.851686","876,1500","left_cw1,right_cw0",400896081.8516864,476582481.8516864,606182481.8516865,left_cw1,876.0,right_cw0,1500.0,4.522443683380957,4.720346340038035,0.19790265665707807,41.86399895894447,48.61795348000444,6.753954521059961,0.0
22.0415572766261,8.029140744587803,5.083930930824362,2.850857133778196,0.09435267998524477,0.0,12.534797070806457,1124.0,"556416081.851686,606873681.851686,653529681.851686","584,540","right_cw1,0rev_cw0",556416081.8516864,606873681.8516864,653529681.8516864,right_cw1,584.0,0rev_cw0,540.0,5.100910157955345,5.195262837940589,0.09435267998524477,29.733208311036265,42.26800538184273,12.534797070806457,0.0
10.794419386854099,8.029733354014134,4.603772784675156,3.4083739834573787,0.017586585881598005,0.0,37.20311573357234,2515.0,"347328081.851686,441936081.851686,564624081.851686","1095,1420","0rev_cw1,right_cw1",347328081.8516864,441936081.8516864,564624081.8516865,0rev_cw1,1095.0,right_cw1,1420.0,4.605389564199991,4.622976150081589,0.017586585881598005,11.51000794419577,48.71312367776811,37.20311573357234,0.0
30.674300582091565,8.030074013245073,5.071165056988726,2.807469907810699,0.15143904844564826,0.0,26.4528041436965,2044.0,"236736081.851686,287193681.851686,413337681.851686","584,1460","right_cw1,left_cw1",236736081.8516864,287193681.85168636,413337681.85168636,right_cw1,584.0,left_cw1,1460.0,5.08704141438048,5.238480462826129,0.15143904844564826,15.654126175312923,42.10693031900942,26.4528041436965,0.0
18.87385782268286,8.031019839203637,4.751500931996004,3.207564944013061,0.07195396319457181,0.0,21.13084592578592,2350.0,"827712081.851686,890784081.851686,1030752081.85169","730,1620","0rev_cw0,left_cw1",827712081.8516864,890784081.8516864,1030752081.8516864,0rev_cw0,730.0,left_cw1,1620.0,4.7539314033775275,4.681977440182956,0.07195396319457181,26.235450381174974,47.3662963069609,21.13084592578592,0.0
29.227808584779776,8.03107203195631,4.548343030491475,3.3413096734157604,0.14141932804907498,0.0,11.334628762322902,2376.0,"210816081.851686,286502481.851686,416102481.851686","876,1500","left_cw1,right_cw0",210816081.8516864,286502481.85168636,416102481.85168636,left_cw1,876.0,right_cw0,1500.0,4.511656733479689,4.653076061528764,0.14141932804907498,37.80117605122768,49.13580481355058,11.334628762322902,0.0
33.59216638351269,8.031424116251692,4.535783178765731,3.3250799791809094,0.17056095830505136,0.0,16.527129709454737,2536.0,"176256081.851686,251942481.851686,395366481.851686","876,1660","left_cw1,left_cw1",176256081.8516864,251942481.8516864,395366481.85168636,left_cw1,876.0,left_cw1,1660.0,4.512660704709922,4.683221663014973,0.17056095830505136,32.401184695021904,48.92831440447664,16.527129709454737,0.0
19.506656508935425,8.032712134248312,4.520298590515022,3.4354761112887573,0.07693743244453266,0.0,11.822007058193464,1536.0,"547776081.851686,623462481.851686,680486481.851686","876,660","left_cw1,0rev_cw0",547776081.8516864,623462481.8516864,680486481.8516864,left_cw1,876.0,0rev_cw0,660.0,4.545193223428994,4.6221306558735265,0.07693743244453266,37.2964957386601,49.11850279685356,11.822007058193464,0.0
12.495038234419045,8.032883660025144,5.084868928910315,2.9177577689661236,0.030256962148705213,0.0,11.83177167177,1124.0,"746496081.851686,796953681.851686,843609681.851686","584,540","right_cw1,0rev_cw1",746496081.8516864,796953681.8516864,843609681.8516864,right_cw1,584.0,0rev_cw1,540.0,5.105665186662867,5.135922148811572,0.030256962148705213,30.737959736069485,42.569731407839484,11.83177167177,0.0
